Year,baz,Geographical area,Местность,Образование главы домохозяйства,Квинтиль индекса благосостояния,Value
2018, baz.foo test,,,,92.6,
2018,"Процентная доля членов домохозяйств, которые пользуются улучшенными источниками питьевой воды, находящимися либо в их собственном жилище/дворе/на их собственном участке, либо не более чем в 30 минутах пути туда и обратно",Batken Oblast,,,,72.2
2018,"Процентная доля членов домохозяйств, которые пользуются улучшенными источниками питьевой воды, находящимися либо в их собственном жилище/дворе/на их собственном участке, либо не более чем в 30 минутах пути туда и обратно",Джалал-Абадская область,,,,86.0
2018,"Процентная доля членов домохозяйств, которые пользуются улучшенными источниками питьевой воды, находящимися либо в их собственном жилище/дворе/на их собственном участке, либо не более чем в 30 минутах пути туда и обратно",Иссык-Кульская область,,,,98.3
2018,"Процентная доля членов домохозяйств, которые пользуются улучшенными источниками питьевой воды, находящимися либо в их собственном жилище/дворе/на их собственном участке, либо не более чем в 30 минутах пути туда и обратно",Нарынская область,,,,97.1
2018,"Процентная доля членов домохозяйств, которые пользуются улучшенными источниками питьевой воды, находящимися либо в их собственном жилище/дворе/на их собственном участке, либо не более чем в 30 минутах пути туда и обратно",Ошская область,,,,88.1
2018,"Процентная доля членов домохозяйств, которые пользуются улучшенными источниками питьевой воды, находящимися либо в их собственном жилище/дворе/на их собственном участке, либо не более чем в 30 минутах пути туда и обратно",Таласская область,,,,98.4
2018,"Процентная доля членов домохозяйств, которые пользуются улучшенными источниками питьевой воды, находящимися либо в их собственном жилище/дворе/на их собственном участке, либо не более чем в 30 минутах пути туда и обратно",Чуйская область,,,,98.9
2018,"Процентная доля членов домохозяйств, которые пользуются улучшенными источниками питьевой воды, находящимися либо в их собственном жилище/дворе/на их собственном участке, либо не более чем в 30 минутах пути туда и обратно",г. Бишкек,,,,100.0
2018,"Процентная доля членов домохозяйств, которые пользуются улучшенными источниками питьевой воды, находящимися либо в их собственном жилище/дворе/на их собственном участке, либо не более чем в 30 минутах пути туда и обратно",г. Ош,,,,98.8
2018,"Процентная доля членов домохозяйств, которые пользуются улучшенными источниками питьевой воды, находящимися либо в их собственном жилище/дворе/на их собственном участке, либо не более чем в 30 минутах пути туда и обратно",,городская,,,99.6
2018,"Процентная доля членов домохозяйств, которые пользуются улучшенными источниками питьевой воды, находящимися либо в их собственном жилище/дворе/на их собственном участке, либо не более чем в 30 минутах пути туда и обратно",,сельская,,,88.7
2018,"Процентная доля членов домохозяйств, которые пользуются улучшенными источниками питьевой воды, находящимися либо в их собственном жилище/дворе/на их собственном участке, либо не более чем в 30 минутах пути туда и обратно",,,Дошкольное или нет/Начальное,,83.0
2018,"Процентная доля членов домохозяйств, которые пользуются улучшенными источниками питьевой воды, находящимися либо в их собственном жилище/дворе/на их собственном участке, либо не более чем в 30 минутах пути туда и обратно",,,Основное общее,,93.2
2018,"Процентная доля членов домохозяйств, которые пользуются улучшенными источниками питьевой воды, находящимися либо в их собственном жилище/дворе/на их собственном участке, либо не более чем в 30 минутах пути туда и обратно",,,Среднее общее,,89.7
2018,"Процентная доля членов домохозяйств, которые пользуются улучшенными источниками питьевой воды, находящимися либо в их собственном жилище/дворе/на их собственном участке, либо не более чем в 30 минутах пути туда и обратно",,,Профессиональное начальное/среднее,,94.4
2018,"Процентная доля членов домохозяйств, которые пользуются улучшенными источниками питьевой воды, находящимися либо в их собственном жилище/дворе/на их собственном участке, либо не более чем в 30 минутах пути туда и обратно",,,Высшее,,97.2
2018,"Процентная доля членов домохозяйств, которые пользуются улучшенными источниками питьевой воды, находящимися либо в их собственном жилище/дворе/на их собственном участке, либо не более чем в 30 минутах пути туда и обратно",,,,Беднейший,76.9
2018,"Процентная доля членов домохозяйств, которые пользуются улучшенными источниками питьевой воды, находящимися либо в их собственном жилище/дворе/на их собственном участке, либо не более чем в 30 минутах пути туда и обратно",,,,Второй,92.7
2018,"Процентная доля членов домохозяйств, которые пользуются улучшенными источниками питьевой воды, находящимися либо в их собственном жилище/дворе/на их собственном участке, либо не более чем в 30 минутах пути туда и обратно",,,,Средний,94.8
2018,"Процентная доля членов домохозяйств, которые пользуются улучшенными источниками питьевой воды, находящимися либо в их собственном жилище/дворе/на их собственном участке, либо не более чем в 30 минутах пути туда и обратно",,,,Четвертый,98.7
2018,"Процентная доля членов домохозяйств, которые пользуются улучшенными источниками питьевой воды, находящимися либо в их собственном жилище/дворе/на их собственном участке, либо не более чем в 30 минутах пути туда и обратно",,,,Богатейший,100.0
2018,"Процентная доля домохозяйств, в которых есть приспособление для мытья рук, где имеются вода и мыло или другое моющее средство",,,,,96.3
2018,"Процентная доля домохозяйств, в которых есть приспособление для мытья рук, где имеются вода и мыло или другое моющее средство",Batken Oblast,,,,99.6
2018,"Процентная доля домохозяйств, в которых есть приспособление для мытья рук, где имеются вода и мыло или другое моющее средство",Джалал-Абадская область,,,,93.4
2018,"Процентная доля домохозяйств, в которых есть приспособление для мытья рук, где имеются вода и мыло или другое моющее средство",Иссык-Кульская область,,,,99.1
2018,"Процентная доля домохозяйств, в которых есть приспособление для мытья рук, где имеются вода и мыло или другое моющее средство",Нарынская область,,,,99.4
2018,"Процентная доля домохозяйств, в которых есть приспособление для мытья рук, где имеются вода и мыло или другое моющее средство",Ошская область,,,,99.1
2018,"Процентная доля домохозяйств, в которых есть приспособление для мытья рук, где имеются вода и мыло или другое моющее средство",Таласская область,,,,99.8
2018,"Процентная доля домохозяйств, в которых есть приспособление для мытья рук, где имеются вода и мыло или другое моющее средство",Чуйская область,,,,91.6
2018,"Процентная доля домохозяйств, в которых есть приспособление для мытья рук, где имеются вода и мыло или другое моющее средство",г. Бишкек,,,,95.7
2018,"Процентная доля домохозяйств, в которых есть приспособление для мытья рук, где имеются вода и мыло или другое моющее средство",г. Ош,,,,96.8
2018,"Процентная доля домохозяйств, в которых есть приспособление для мытья рук, где имеются вода и мыло или другое моющее средство",,городская,,,96.1
2018,"Процентная доля домохозяйств, в которых есть приспособление для мытья рук, где имеются вода и мыло или другое моющее средство",,сельская,,,96.5
2018,"Процентная доля домохозяйств, в которых есть приспособление для мытья рук, где имеются вода и мыло или другое моющее средство",,,Дошкольное или нет/Начальное,,92.1
2018,"Процентная доля домохозяйств, в которых есть приспособление для мытья рук, где имеются вода и мыло или другое моющее средство",,,Основное общее,,94.7
2018,"Процентная доля домохозяйств, в которых есть приспособление для мытья рук, где имеются вода и мыло или другое моющее средство",,,Среднее общее,,97.4
2018,"Процентная доля домохозяйств, в которых есть приспособление для мытья рук, где имеются вода и мыло или другое моющее средство",,,Профессиональное начальное/среднее,,96.6
2018,"Процентная доля домохозяйств, в которых есть приспособление для мытья рук, где имеются вода и мыло или другое моющее средство",,,Высшее,,95.1
2018,"Процентная доля домохозяйств, в которых есть приспособление для мытья рук, где имеются вода и мыло или другое моющее средство",,,,Беднейший,97.2
2018,"Процентная доля домохозяйств, в которых есть приспособление для мытья рук, где имеются вода и мыло или другое моющее средство",,,,Второй,95.9
2018,"Процентная доля домохозяйств, в которых есть приспособление для мытья рук, где имеются вода и мыло или другое моющее средство",,,,Средний,96.5
2018,"Процентная доля домохозяйств, в которых есть приспособление для мытья рук, где имеются вода и мыло или другое моющее средство",,,,Четвертый,96.4
2018,"Процентная доля домохозяйств, в которых есть приспособление для мытья рук, где имеются вода и мыло или другое моющее средство",,,,Богатейший,95.7
2018,"Процентная доля членов домохозяйств, которые пользуются улучшенными санитарно-гигиеническими устройствами не совместно с другими лицами",,,,,98.2
2018,"Процентная доля членов домохозяйств, которые пользуются улучшенными санитарно-гигиеническими устройствами не совместно с другими лицами",Batken Oblast,,,,99.4
2018,"Процентная доля членов домохозяйств, которые пользуются улучшенными санитарно-гигиеническими устройствами не совместно с другими лицами",Джалал-Абадская область,,,,99.1
2018,"Процентная доля членов домохозяйств, которые пользуются улучшенными санитарно-гигиеническими устройствами не совместно с другими лицами",Иссык-Кульская область,,,,99.0
2018,"Процентная доля членов домохозяйств, которые пользуются улучшенными санитарно-гигиеническими устройствами не совместно с другими лицами",Нарынская область,,,,97.6
2018,"Процентная доля членов домохозяйств, которые пользуются улучшенными санитарно-гигиеническими устройствами не совместно с другими лицами",Ошская область,,,,98.4
2018,"Процентная доля членов домохозяйств, которые пользуются улучшенными санитарно-гигиеническими устройствами не совместно с другими лицами",Таласская область,,,,99.3
2018,"Процентная доля членов домохозяйств, которые пользуются улучшенными санитарно-гигиеническими устройствами не совместно с другими лицами",Чуйская область,,,,99.3
2018,"Процентная доля членов домохозяйств, которые пользуются улучшенными санитарно-гигиеническими устройствами не совместно с другими лицами",г. Бишкек,,,,95.3
2018,"Процентная доля членов домохозяйств, которые пользуются улучшенными санитарно-гигиеническими устройствами не совместно с другими лицами",г. Ош,,,,98.3
2018,"Процентная доля членов домохозяйств, которые пользуются улучшенными санитарно-гигиеническими устройствами не совместно с другими лицами",,городская,,,96.6
2018,"Процентная доля членов домохозяйств, которые пользуются улучшенными санитарно-гигиеническими устройствами не совместно с другими лицами",,сельская,,,99.1
2018,"Процентная доля членов домохозяйств, которые пользуются улучшенными санитарно-гигиеническими устройствами не совместно с другими лицами",,,Дошкольное или нет/Начальное,,99.7
2018,"Процентная доля членов домохозяйств, которые пользуются улучшенными санитарно-гигиеническими устройствами не совместно с другими лицами",,,Основное общее,,98.6
2018,"Процентная доля членов домохозяйств, которые пользуются улучшенными санитарно-гигиеническими устройствами не совместно с другими лицами",,,Среднее общее,,97.8
2018,"Процентная доля членов домохозяйств, которые пользуются улучшенными санитарно-гигиеническими устройствами не совместно с другими лицами",,,Профессиональное начальное/среднее,,98.3
2018,"Процентная доля членов домохозяйств, которые пользуются улучшенными санитарно-гигиеническими устройствами не совместно с другими лицами",,,Высшее,,98.6
2018,"Процентная доля членов домохозяйств, которые пользуются улучшенными санитарно-гигиеническими устройствами не совместно с другими лицами",,,,Беднейший,97.9
2018,"Процентная доля членов домохозяйств, которые пользуются улучшенными санитарно-гигиеническими устройствами не совместно с другими лицами",,,,Второй,99.2
2018,"Процентная доля членов домохозяйств, которые пользуются улучшенными санитарно-гигиеническими устройствами не совместно с другими лицами",,,,Средний,98.6
2018,"Процентная доля членов домохозяйств, которые пользуются улучшенными санитарно-гигиеническими устройствами не совместно с другими лицами",,,,Четвертый,97.0
2018,"Процентная доля членов домохозяйств, которые пользуются улучшенными санитарно-гигиеническими устройствами не совместно с другими лицами",,,,Богатейший,98.4
