Year,Frequency of observation,Reporting type,Series,Reference area,Units,Value
2007,Annual,National,VC_DSR_GDPLS,Kyrgyzstan,CUR_LCU,145.4
2008,Annual,National,VC_DSR_GDPLS,Kyrgyzstan,CUR_LCU,1235.9
2009,Annual,National,VC_DSR_GDPLS,Kyrgyzstan,CUR_LCU,74.6
2010,Annual,National,VC_DSR_GDPLS,Kyrgyzstan,CUR_LCU,516.9
2011,Annual,National,VC_DSR_GDPLS,Kyrgyzstan,CUR_LCU,939.9
2012,Annual,National,VC_DSR_GDPLS,Kyrgyzstan,CUR_LCU,924.9
2013,Annual,National,VC_DSR_GDPLS,Kyrgyzstan,CUR_LCU,220.6
2014,Annual,National,VC_DSR_GDPLS,Kyrgyzstan,CUR_LCU,455.7
2015,Annual,National,VC_DSR_GDPLS,Kyrgyzstan,CUR_LCU,2290.6
2016,Annual,National,VC_DSR_GDPLS,Kyrgyzstan,CUR_LCU,1006.2
2017,Annual,National,VC_DSR_GDPLS,Kyrgyzstan,CUR_LCU,1027.4
2018,Annual,National,VC_DSR_GDPLS,Kyrgyzstan,CUR_LCU,1214.6
2007,Annual,National,VC_DSR_GDPLS,Batken,CUR_LCU,17.8
2008,Annual,National,VC_DSR_GDPLS,Batken,CUR_LCU,130.4
2009,Annual,National,VC_DSR_GDPLS,Batken,CUR_LCU,25.4
2010,Annual,National,VC_DSR_GDPLS,Batken,CUR_LCU,26.2
2011,Annual,National,VC_DSR_GDPLS,Batken,CUR_LCU,551.4
2012,Annual,National,VC_DSR_GDPLS,Batken,CUR_LCU,267.9
2013,Annual,National,VC_DSR_GDPLS,Batken,CUR_LCU,4.5
2014,Annual,National,VC_DSR_GDPLS,Batken,CUR_LCU,41.6
2015,Annual,National,VC_DSR_GDPLS,Batken,CUR_LCU,588.8
2016,Annual,National,VC_DSR_GDPLS,Batken,CUR_LCU,376.3
2017,Annual,National,VC_DSR_GDPLS,Batken,CUR_LCU,135.0
2018,Annual,National,VC_DSR_GDPLS,Batken,CUR_LCU,189.8
2007,Annual,National,VC_DSR_GDPLS,Jalal-Abad,CUR_LCU,66.7
2008,Annual,National,VC_DSR_GDPLS,Jalal-Abad,CUR_LCU,31.0
2009,Annual,National,VC_DSR_GDPLS,Jalal-Abad,CUR_LCU,3.7
2010,Annual,National,VC_DSR_GDPLS,Jalal-Abad,CUR_LCU,305.9
2011,Annual,National,VC_DSR_GDPLS,Jalal-Abad,CUR_LCU,148.6
2012,Annual,National,VC_DSR_GDPLS,Jalal-Abad,CUR_LCU,375.2
2013,Annual,National,VC_DSR_GDPLS,Jalal-Abad,CUR_LCU,38.0
2014,Annual,National,VC_DSR_GDPLS,Jalal-Abad,CUR_LCU,31.2
2015,Annual,National,VC_DSR_GDPLS,Jalal-Abad,CUR_LCU,85.1
2016,Annual,National,VC_DSR_GDPLS,Jalal-Abad,CUR_LCU,232.3
2017,Annual,National,VC_DSR_GDPLS,Jalal-Abad,CUR_LCU,120.1
2018,Annual,National,VC_DSR_GDPLS,Jalal-Abad,CUR_LCU,72.9
2007,Annual,National,VC_DSR_GDPLS,Issyk-Kul,CUR_LCU,0.5
2008,Annual,National,VC_DSR_GDPLS,Issyk-Kul,CUR_LCU,0.7
2009,Annual,National,VC_DSR_GDPLS,Issyk-Kul,CUR_LCU,9.5
2010,Annual,National,VC_DSR_GDPLS,Issyk-Kul,CUR_LCU,0.6
2011,Annual,National,VC_DSR_GDPLS,Issyk-Kul,CUR_LCU,5.3
2012,Annual,National,VC_DSR_GDPLS,Issyk-Kul,CUR_LCU,40.4
2013,Annual,National,VC_DSR_GDPLS,Issyk-Kul,CUR_LCU,75.2
2014,Annual,National,VC_DSR_GDPLS,Issyk-Kul,CUR_LCU,356.3
2015,Annual,National,VC_DSR_GDPLS,Issyk-Kul,CUR_LCU,7.7
2016,Annual,National,VC_DSR_GDPLS,Issyk-Kul,CUR_LCU,102.7
2017,Annual,National,VC_DSR_GDPLS,Issyk-Kul,CUR_LCU,84.2
2018,Annual,National,VC_DSR_GDPLS,Issyk-Kul,CUR_LCU,74.2
2007,Annual,National,VC_DSR_GDPLS,Naryn,CUR_LCU,0.6
2008,Annual,National,VC_DSR_GDPLS,Naryn,CUR_LCU,2.8
2009,Annual,National,VC_DSR_GDPLS,Naryn,CUR_LCU,0.6
2010,Annual,National,VC_DSR_GDPLS,Naryn,CUR_LCU,120.1
2011,Annual,National,VC_DSR_GDPLS,Naryn,CUR_LCU,121.0
2012,Annual,National,VC_DSR_GDPLS,Naryn,CUR_LCU,141.3
2013,Annual,National,VC_DSR_GDPLS,Naryn,CUR_LCU,72.2
2014,Annual,National,VC_DSR_GDPLS,Naryn,CUR_LCU,4.3
2015,Annual,National,VC_DSR_GDPLS,Naryn,CUR_LCU,27.8
2016,Annual,National,VC_DSR_GDPLS,Naryn,CUR_LCU,22.3
2017,Annual,National,VC_DSR_GDPLS,Naryn,CUR_LCU,12.8
2018,Annual,National,VC_DSR_GDPLS,Naryn,CUR_LCU,1.4
2007,Annual,National,VC_DSR_GDPLS,Osh,CUR_LCU,6.3
2008,Annual,National,VC_DSR_GDPLS,Osh,CUR_LCU,1024.9
2009,Annual,National,VC_DSR_GDPLS,Osh,CUR_LCU,10.9
2010,Annual,National,VC_DSR_GDPLS,Osh,CUR_LCU,40.5
2011,Annual,National,VC_DSR_GDPLS,Osh,CUR_LCU,105.0
2012,Annual,National,VC_DSR_GDPLS,Osh,CUR_LCU,48.1
2013,Annual,National,VC_DSR_GDPLS,Osh,CUR_LCU,2.9
2014,Annual,National,VC_DSR_GDPLS,Osh,CUR_LCU,1.1
2015,Annual,National,VC_DSR_GDPLS,Osh,CUR_LCU,1364.2
2016,Annual,National,VC_DSR_GDPLS,Osh,CUR_LCU,16.2
2017,Annual,National,VC_DSR_GDPLS,Osh,CUR_LCU,261.8
2018,Annual,National,VC_DSR_GDPLS,Osh,CUR_LCU,12.4
2007,Annual,National,VC_DSR_GDPLS,Talas,CUR_LCU,12.3
2008,Annual,National,VC_DSR_GDPLS,Talas,CUR_LCU,4.4
2009,Annual,National,VC_DSR_GDPLS,Talas,CUR_LCU,24.5
2010,Annual,National,VC_DSR_GDPLS,Talas,CUR_LCU,22.0
2011,Annual,National,VC_DSR_GDPLS,Talas,CUR_LCU,3.0
2012,Annual,National,VC_DSR_GDPLS,Talas,CUR_LCU,49.0
2013,Annual,National,VC_DSR_GDPLS,Talas,CUR_LCU,6.6
2014,Annual,National,VC_DSR_GDPLS,Talas,CUR_LCU,1.1
2015,Annual,National,VC_DSR_GDPLS,Talas,CUR_LCU,8.9
2016,Annual,National,VC_DSR_GDPLS,Talas,CUR_LCU,76.1
2017,Annual,National,VC_DSR_GDPLS,Talas,CUR_LCU,14.7
2018,Annual,National,VC_DSR_GDPLS,Talas,CUR_LCU,0.7
2007,Annual,National,VC_DSR_GDPLS,Chui,CUR_LCU,8.4
2010,Annual,National,VC_DSR_GDPLS,Chui,CUR_LCU,1.7
2011,Annual,National,VC_DSR_GDPLS,Chui,CUR_LCU,5.6
2012,Annual,National,VC_DSR_GDPLS,Chui,CUR_LCU,1.7
2013,Annual,National,VC_DSR_GDPLS,Chui,CUR_LCU,14.1
2014,Annual,National,VC_DSR_GDPLS,Chui,CUR_LCU,20.0
2015,Annual,National,VC_DSR_GDPLS,Chui,CUR_LCU,24.4
2016,Annual,National,VC_DSR_GDPLS,Chui,CUR_LCU,93.2
2017,Annual,National,VC_DSR_GDPLS,Chui,CUR_LCU,207.5
2018,Annual,National,VC_DSR_GDPLS,Chui,CUR_LCU,6.1
2007,Annual,National,VC_DSR_GDPLS,Bishkek (city),CUR_LCU,32.2
2008,Annual,National,VC_DSR_GDPLS,Bishkek (city),CUR_LCU,41.5
2013,Annual,National,VC_DSR_GDPLS,Bishkek (city),CUR_LCU,0.7
2015,Annual,National,VC_DSR_GDPLS,Bishkek (city),CUR_LCU,44.7
2016,Annual,National,VC_DSR_GDPLS,Bishkek (city),CUR_LCU,86.8
2017,Annual,National,VC_DSR_GDPLS,Bishkek (city),CUR_LCU,129.8
2018,Annual,National,VC_DSR_GDPLS,Bishkek (city),CUR_LCU,856.9
2007,Annual,National,VC_DSR_GDPLS,Osh (city),CUR_LCU,0.7
2008,Annual,National,VC_DSR_GDPLS,Osh (city),CUR_LCU,0.2
2012,Annual,National,VC_DSR_GDPLS,Osh (city),CUR_LCU,1.1
2013,Annual,National,VC_DSR_GDPLS,Osh (city),CUR_LCU,6.3
2015,Annual,National,VC_DSR_GDPLS,Osh (city),CUR_LCU,139.1
2016,Annual,National,VC_DSR_GDPLS,Osh (city),CUR_LCU,0.3
2017,Annual,National,VC_DSR_GDPLS,Osh (city),CUR_LCU,61.5
