Year,Frequency of observation,Reporting type,Series,Reference area,Units,Value
2010,Annual,National,SL_EMP_GTOTL,Kyrgyzstan,PT,29.6
2011,Annual,National,SL_EMP_GTOTL,Kyrgyzstan,PT,29.0
2012,Annual,National,SL_EMP_GTOTL,Kyrgyzstan,PT,30.0
2013,Annual,National,SL_EMP_GTOTL,Kyrgyzstan,PT,28.3
2014,Annual,National,SL_EMP_GTOTL,Kyrgyzstan,PT,26.8
2015,Annual,National,SL_EMP_GTOTL,Kyrgyzstan,PT,27.0
2016,Annual,National,SL_EMP_GTOTL,Kyrgyzstan,PT,28.4
2017,Annual,National,SL_EMP_GTOTL,Kyrgyzstan,PT,26.8
2018,Annual,National,SL_EMP_GTOTL,Kyrgyzstan,PT,29.4
