Year,Frequency of observation,Reporting type,Series,Reference area,Units,Value
2008,Annual,National,_L_KG_100501_11,Kyrgyzstan,PT,29.2
2009,Annual,National,_L_KG_100501_11,Kyrgyzstan,PT,36.6
2010,Annual,National,_L_KG_100501_11,Kyrgyzstan,PT,27.6
2011,Annual,National,_L_KG_100501_11,Kyrgyzstan,PT,23.6
2012,Annual,National,_L_KG_100501_11,Kyrgyzstan,PT,28.2
2013,Annual,National,_L_KG_100501_11,Kyrgyzstan,PT,31.3
2014,Annual,National,_L_KG_100501_11,Kyrgyzstan,PT,34.3
2015,Annual,National,_L_KG_100501_11,Kyrgyzstan,PT,41.4
2016,Annual,National,_L_KG_100501_11,Kyrgyzstan,PT,37.4
2017,Annual,National,_L_KG_100501_11,Kyrgyzstan,PT,37.3
2018,Annual,National,_L_KG_100501_11,Kyrgyzstan,PT,39.8
2007,Annual,National,_L_KG_100501_12,Kyrgyzstan,PT,16.5
2008,Annual,National,_L_KG_100501_12,Kyrgyzstan,PT,15.7
2009,Annual,National,_L_KG_100501_12,Kyrgyzstan,PT,19.7
2010,Annual,National,_L_KG_100501_12,Kyrgyzstan,PT,15.5
2011,Annual,National,_L_KG_100501_12,Kyrgyzstan,PT,13.5
2012,Annual,National,_L_KG_100501_12,Kyrgyzstan,PT,16.3
2013,Annual,National,_L_KG_100501_12,Kyrgyzstan,PT,19.0
2014,Annual,National,_L_KG_100501_12,Kyrgyzstan,PT,20.6
2015,Annual,National,_L_KG_100501_12,Kyrgyzstan,PT,23.9
2016,Annual,National,_L_KG_100501_12,Kyrgyzstan,PT,22.5
2017,Annual,National,_L_KG_100501_12,Kyrgyzstan,PT,22.9
2018,Annual,National,_L_KG_100501_12,Kyrgyzstan,PT,23.9
2007,Annual,National,_L_KG_100501_13,Kyrgyzstan,PT,14.7
2008,Annual,National,_L_KG_100501_13,Kyrgyzstan,PT,13.6
2009,Annual,National,_L_KG_100501_13,Kyrgyzstan,PT,12.5
2010,Annual,National,_L_KG_100501_13,Kyrgyzstan,PT,12.0
2011,Annual,National,_L_KG_100501_13,Kyrgyzstan,PT,10.9
2012,Annual,National,_L_KG_100501_13,Kyrgyzstan,PT,12.9
2013,Annual,National,_L_KG_100501_13,Kyrgyzstan,PT,15.2
2014,Annual,National,_L_KG_100501_13,Kyrgyzstan,PT,19.7
2015,Annual,National,_L_KG_100501_13,Kyrgyzstan,PT,21.8
2016,Annual,National,_L_KG_100501_13,Kyrgyzstan,PT,19.6
2017,Annual,National,_L_KG_100501_13,Kyrgyzstan,PT,20.4
2018,Annual,National,_L_KG_100501_13,Kyrgyzstan,PT,23.0
