Year,Frequency of observation,Reporting type,Series,Reference area,Units,Value
2010,Annual,National,_L_KG_110601_1,,KG,214.643352
2011,Annual,National,_L_KG_110601_1,,KG,223.172865
2012,Annual,National,_L_KG_110601_1,,KG,183.173589
2013,Annual,National,_L_KG_110601_1,,KG,214.906582
2014,Annual,National,_L_KG_110601_1,,KG,178.260402
2015,Annual,National,_L_KG_110601_1,,KG,195.24385800000002
2016,Annual,National,_L_KG_110601_1,,KG,170.944426
2017,Annual,National,_L_KG_110601_1,,KG,165.143944
2018,Annual,National,_L_KG_110601_1,,KG,171.42668799999998
