Year,Frequency of observation,Reporting type,SDG Series,Reference area,Unit of measure,Value
2014,Annual,National,Protected areas as a share of the country's surface,Kyrgyzstan,Square kilometers,4.6
2015,Annual,National,Protected areas as a share of the country's surface,Kyrgyzstan,Square kilometers,4.7
2016,Annual,National,Protected areas as a share of the country's surface,Kyrgyzstan,Square kilometers,4.8
2017,Annual,National,Protected areas as a share of the country's surface,Kyrgyzstan,Square kilometers,6.5
2018,Annual,National,Protected areas as a share of the country's surface,Kyrgyzstan,Square kilometers,6.5
