Year,Observation status,Unit multiplier,Nature of data points,Frequency of observation,Reporting type,Series,Reference area,Units,Value
2010,Normal value,Units,Country Data,Annual,National,VC_HTF_DETV,,NUMBER,21
2011,Normal value,Units,Country Data,Annual,National,VC_HTF_DETV,,NUMBER,5
2012,Normal value,Units,Country Data,Annual,National,VC_HTF_DETV,,NUMBER,6
2013,Normal value,Units,Country Data,Annual,National,VC_HTF_DETV,,NUMBER,9
2014,Normal value,Units,Country Data,Annual,National,VC_HTF_DETV,,NUMBER,19
2015,Normal value,Units,Country Data,Annual,National,VC_HTF_DETV,,NUMBER,8
2016,Normal value,Units,Country Data,Annual,National,VC_HTF_DETV,,NUMBER,10
2017,Normal value,Units,Country Data,Annual,National,VC_HTF_DETV,,NUMBER,5
2018,Normal value,Units,Country Data,Annual,National,VC_HTF_DETV,,NUMBER,8
