Year,Frequency of observation,Reporting type,Series,Reference area,Sex,Age,Degree of urbanisation,Income or wealth quantile,Education level,Disability status,Units,Value
2018,Annual,National,Proportion of women  reporting having personally felt discriminated against or harassed in the previous 12 months on the basis of a ground of discrimination prohibited under international human rights law,Kyrgyzstan,Female,,,,,,Percent,7.7
2018,Annual,National,Proportion of women  reporting having personally felt discriminated against or harassed in the previous 12 months on the basis of a ground of discrimination prohibited under international human rights law,Kyrgyzstan,Female,,Urban,,,,Percent,7.9
2018,Annual,National,Proportion of women  reporting having personally felt discriminated against or harassed in the previous 12 months on the basis of a ground of discrimination prohibited under international human rights law,Kyrgyzstan,Female,,Rural,,,,Percent,7.6
2018,Annual,National,Proportion of women  reporting having personally felt discriminated against or harassed in the previous 12 months on the basis of a ground of discrimination prohibited under international human rights law,Batken,Female,,,,,,Percent,0.4
2018,Annual,National,Proportion of women  reporting having personally felt discriminated against or harassed in the previous 12 months on the basis of a ground of discrimination prohibited under international human rights law,Jalal-Abad,Female,,,,,,Percent,7.3
2018,Annual,National,Proportion of women  reporting having personally felt discriminated against or harassed in the previous 12 months on the basis of a ground of discrimination prohibited under international human rights law,Issyk-Kul,Female,,,,,,Percent,1.7
2018,Annual,National,Proportion of women  reporting having personally felt discriminated against or harassed in the previous 12 months on the basis of a ground of discrimination prohibited under international human rights law,Naryn,Female,,,,,,Percent,2.8
2018,Annual,National,Proportion of women  reporting having personally felt discriminated against or harassed in the previous 12 months on the basis of a ground of discrimination prohibited under international human rights law,Osh,Female,,,,,,Percent,6.5
2018,Annual,National,Proportion of women  reporting having personally felt discriminated against or harassed in the previous 12 months on the basis of a ground of discrimination prohibited under international human rights law,Talas,Female,,,,,,Percent,5.0
2018,Annual,National,Proportion of women  reporting having personally felt discriminated against or harassed in the previous 12 months on the basis of a ground of discrimination prohibited under international human rights law,Chui,Female,,,,,,Percent,16.6
2018,Annual,National,Proportion of women  reporting having personally felt discriminated against or harassed in the previous 12 months on the basis of a ground of discrimination prohibited under international human rights law,Bishkek (city),Female,,,,,,Percent,8.7
2018,Annual,National,Proportion of women  reporting having personally felt discriminated against or harassed in the previous 12 months on the basis of a ground of discrimination prohibited under international human rights law,Osh (city),Female,,,,,,Percent,7.0
2018,Annual,National,Proportion of women  reporting having personally felt discriminated against or harassed in the previous 12 months on the basis of a ground of discrimination prohibited under international human rights law,Kyrgyzstan,Female,15 to 19 years old,,,,,Percent,6.5
2018,Annual,National,Proportion of women  reporting having personally felt discriminated against or harassed in the previous 12 months on the basis of a ground of discrimination prohibited under international human rights law,Kyrgyzstan,Female,15 to 17 years old,,,,,Percent,5.7
2018,Annual,National,Proportion of women  reporting having personally felt discriminated against or harassed in the previous 12 months on the basis of a ground of discrimination prohibited under international human rights law,Kyrgyzstan,Female,18 to 19 years old,,,,,Percent,8.3
2018,Annual,National,Proportion of women  reporting having personally felt discriminated against or harassed in the previous 12 months on the basis of a ground of discrimination prohibited under international human rights law,Kyrgyzstan,Female,20 to 24 years old,,,,,Percent,9.1
2018,Annual,National,Proportion of women  reporting having personally felt discriminated against or harassed in the previous 12 months on the basis of a ground of discrimination prohibited under international human rights law,Kyrgyzstan,Female,25 to 29 years old,,,,,Percent,7.1
2018,Annual,National,Proportion of women  reporting having personally felt discriminated against or harassed in the previous 12 months on the basis of a ground of discrimination prohibited under international human rights law,Kyrgyzstan,Female,30 to 34 years old,,,,,Percent,8.8
2018,Annual,National,Proportion of women  reporting having personally felt discriminated against or harassed in the previous 12 months on the basis of a ground of discrimination prohibited under international human rights law,Kyrgyzstan,Female,35 to 39 years old,,,,,Percent,8.7
2018,Annual,National,Proportion of women  reporting having personally felt discriminated against or harassed in the previous 12 months on the basis of a ground of discrimination prohibited under international human rights law,Kyrgyzstan,Female,40 to 44 years old,,,,,Percent,6.4
2018,Annual,National,Proportion of women  reporting having personally felt discriminated against or harassed in the previous 12 months on the basis of a ground of discrimination prohibited under international human rights law,Kyrgyzstan,Female,45 to 49 years old,,,,,Percent,7.0
2018,Annual,National,Proportion of women  reporting having personally felt discriminated against or harassed in the previous 12 months on the basis of a ground of discrimination prohibited under international human rights law,Kyrgyzstan,Female,,,,Early childhood education,,Percent,
2018,Annual,National,Proportion of women  reporting having personally felt discriminated against or harassed in the previous 12 months on the basis of a ground of discrimination prohibited under international human rights law,Kyrgyzstan,Female,,,,Lower secondary education,,Percent,14.0
2018,Annual,National,Proportion of women  reporting having personally felt discriminated against or harassed in the previous 12 months on the basis of a ground of discrimination prohibited under international human rights law,Kyrgyzstan,Female,,,,Upper secondary education,,Percent,5.9
2018,Annual,National,Proportion of women  reporting having personally felt discriminated against or harassed in the previous 12 months on the basis of a ground of discrimination prohibited under international human rights law,Kyrgyzstan,Female,,,,Post-secondary non-tertiary education,,Percent,6.9
2018,Annual,National,Proportion of women  reporting having personally felt discriminated against or harassed in the previous 12 months on the basis of a ground of discrimination prohibited under international human rights law,Kyrgyzstan,Female,,,,Tertiary education (Bachelor’s and Master's or equivalent),,Percent,8.2
2018,Annual,National,Proportion of women  reporting having personally felt discriminated against or harassed in the previous 12 months on the basis of a ground of discrimination prohibited under international human rights law,Kyrgyzstan,Female,,,,,Persons with disability,Percent,20.7
2018,Annual,National,Proportion of women  reporting having personally felt discriminated against or harassed in the previous 12 months on the basis of a ground of discrimination prohibited under international human rights law,Kyrgyzstan,Female,,,,,Persons without disability,Percent,7.6
2018,Annual,National,Proportion of women  reporting having personally felt discriminated against or harassed in the previous 12 months on the basis of a ground of discrimination prohibited under international human rights law,Kyrgyzstan,Female,,,Quintile 1 (poorest),,,Percent,6.0
2018,Annual,National,Proportion of women  reporting having personally felt discriminated against or harassed in the previous 12 months on the basis of a ground of discrimination prohibited under international human rights law,Kyrgyzstan,Female,,,Quintile 2,,,Percent,6.7
2018,Annual,National,Proportion of women  reporting having personally felt discriminated against or harassed in the previous 12 months on the basis of a ground of discrimination prohibited under international human rights law,Kyrgyzstan,Female,,,Quintile 3,,,Percent,9.7
2018,Annual,National,Proportion of women  reporting having personally felt discriminated against or harassed in the previous 12 months on the basis of a ground of discrimination prohibited under international human rights law,Kyrgyzstan,Female,,,Quintile 4,,,Percent,7.1
2018,Annual,National,Proportion of women  reporting having personally felt discriminated against or harassed in the previous 12 months on the basis of a ground of discrimination prohibited under international human rights law,Kyrgyzstan,Female,,,Quintile 5 (richest),,,Percent,8.8
