Year,Reference area,Degree of urbanisation,Value
2000,Kyrgyzstan,,60.521725
2001,Kyrgyzstan,,77.154938
2002,Kyrgyzstan,,51.354687
2003,Kyrgyzstan,,55.244615
2004,Kyrgyzstan,,48.2
2005,Kyrgyzstan,,49.472402
2006,Kyrgyzstan,,47.554171999999994
2007,Kyrgyzstan,,48.479985
2008,Kyrgyzstan,,45.156055
2009,Kyrgyzstan,,40.667524
2010,Kyrgyzstan,,42.315954
2011,Kyrgyzstan,,44.70876
2012,Kyrgyzstan,,51.004239
2013,Kyrgyzstan,,48.629898
2014,Kyrgyzstan,,47.932099
2015,Kyrgyzstan,,50.982902
2016,Kyrgyzstan,,45.6165
2017,Kyrgyzstan,,50.0267
2018,Kyrgyzstan,,46.4
2000,Kyrgyzstan,Urban,69.47274200000001
2001,Kyrgyzstan,Urban,84.06804
2002,Kyrgyzstan,Urban,67.70017299999999
2003,Kyrgyzstan,Urban,59.23848
2004,Kyrgyzstan,Urban,49.4
2005,Kyrgyzstan,Urban,52.267834
2006,Kyrgyzstan,Urban,46.086276
2007,Kyrgyzstan,Urban,46.663125
2008,Kyrgyzstan,Urban,45.363642
2009,Kyrgyzstan,Urban,38.386768
2010,Kyrgyzstan,Urban,44.47285
2011,Kyrgyzstan,Urban,51.442437
2012,Kyrgyzstan,Urban,60.754126
2013,Kyrgyzstan,Urban,48.726107
2014,Kyrgyzstan,Urban,53.02
2015,Kyrgyzstan,Urban,58.534524
2016,Kyrgyzstan,Urban,48.6979
2017,Kyrgyzstan,Urban,55.5006
2018,Kyrgyzstan,Urban,51.6
2000,Kyrgyzstan,Rural,55.809151
2001,Kyrgyzstan,Rural,73.45241800000001
2002,Kyrgyzstan,Rural,42.634369
2003,Kyrgyzstan,Rural,53.09216899999999
2004,Kyrgyzstan,Rural,48.1
2005,Kyrgyzstan,Rural,47.848938000000004
2006,Kyrgyzstan,Rural,48.420365999999994
2007,Kyrgyzstan,Rural,49.514891
2008,Kyrgyzstan,Rural,45.039446000000005
2009,Kyrgyzstan,Rural,41.917619
2010,Kyrgyzstan,Rural,41.073296
2011,Kyrgyzstan,Rural,40.705385
2012,Kyrgyzstan,Rural,45.363875
2013,Kyrgyzstan,Rural,48.57992
2014,Kyrgyzstan,Rural,45.06
2015,Kyrgyzstan,Rural,46.84518
2016,Kyrgyzstan,Rural,43.9253
2017,Kyrgyzstan,Rural,47.0111
2018,Kyrgyzstan,Rural,43.5
2000,Batken,,59.339716
2001,Batken,,61.621051
2002,Batken,,36.961393
2003,Batken,,42.329001
2004,Batken,,37.049508
2005,Batken,,53.54665
2006,Batken,,47.900712
2007,Batken,,30.186768
2008,Batken,,37.443818
2009,Batken,,48.591583
2010,Batken,,42.666903000000005
2011,Batken,,44.064464
2012,Batken,,50.49106
2013,Batken,,62.932382
2014,Batken,,53.566019999999995
2015,Batken,,49.799251
2016,Batken,,52.9718
2017,Batken,,52.4614
2018,Batken,,54.6
2000,Jalal-Abad,,59.287149
2001,Jalal-Abad,,81.005572
2002,Jalal-Abad,,42.498121999999995
2003,Jalal-Abad,,57.011499
2004,Jalal-Abad,,51.655713
2005,Jalal-Abad,,61.433801
2006,Jalal-Abad,,52.669155
2007,Jalal-Abad,,61.23400899999999
2008,Jalal-Abad,,51.475346
2009,Jalal-Abad,,34.357172
2010,Jalal-Abad,,45.552551
2011,Jalal-Abad,,41.458589
2012,Jalal-Abad,,56.178596999999996
2013,Jalal-Abad,,55.445404
2014,Jalal-Abad,,54.779706999999995
2015,Jalal-Abad,,55.904828
2016,Jalal-Abad,,48.1947
2017,Jalal-Abad,,41.1944
2018,Jalal-Abad,,44.0
2000,Issyk-Kul,,65.030908
2001,Issyk-Kul,,78.831057
2002,Issyk-Kul,,60.063825
2003,Issyk-Kul,,52.018784000000004
2004,Issyk-Kul,,40.999171000000004
2005,Issyk-Kul,,46.03717
2006,Issyk-Kul,,49.877805
2007,Issyk-Kul,,50.802119
2008,Issyk-Kul,,54.86160600000001
2009,Issyk-Kul,,44.383158
2010,Issyk-Kul,,43.452039
2011,Issyk-Kul,,41.044025
2012,Issyk-Kul,,36.987697
2013,Issyk-Kul,,39.824088
2014,Issyk-Kul,,42.638658
2015,Issyk-Kul,,46.284209000000004
2016,Issyk-Kul,,45.0267
2017,Issyk-Kul,,51.7617
2018,Issyk-Kul,,49.4
2000,Naryn,,69.421773
2001,Naryn,,83.85490899999999
2002,Naryn,,61.635086
2003,Naryn,,56.394478
2004,Naryn,,64.60790899999999
2005,Naryn,,41.085248
2006,Naryn,,44.647005
2007,Naryn,,54.99528299999999
2008,Naryn,,46.270674
2009,Naryn,,45.332789
2010,Naryn,,53.95726
2011,Naryn,,55.074815
2012,Naryn,,50.991559
2013,Naryn,,49.875233
2014,Naryn,,54.149214
2015,Naryn,,50.007164
2016,Naryn,,52.6105
2017,Naryn,,41.3079
2018,Naryn,,42.5
2000,Osh,,61.998934999999996
2001,Osh,,79.954728
2002,Osh,,54.709140000000005
2003,Osh,,61.826885
2004,Osh,,55.635298999999996
2005,Osh,,53.173235999999996
2006,Osh,,61.10215600000001
2007,Osh,,57.709264000000005
2008,Osh,,50.124177
2009,Osh,,46.700596000000004
2010,Osh,,46.190482
2011,Osh,,47.071675
2012,Osh,,54.141276
2013,Osh,,47.140617999999996
2014,Osh,,33.115
2015,Osh,,37.884188
2016,Osh,,39.4276
2017,Osh,,42.7541
2018,Osh,,41.5
2000,Talas,,63.975403
2001,Talas,,77.544184
2002,Talas,,49.613657
2003,Talas,,57.113622
2004,Talas,,56.048502
2005,Talas,,42.225864
2006,Talas,,48.801285
2007,Talas,,44.743736
2008,Talas,,46.638489
2009,Talas,,39.560145
2010,Talas,,38.135796
2011,Talas,,41.962558
2012,Talas,,42.399891
2013,Talas,,23.469023
2014,Talas,,27.367497999999998
2015,Talas,,28.689411
2016,Talas,,27.3539
2017,Talas,,34.8662
2018,Talas,,36.1
2000,Chui,,46.583904
2001,Chui,,64.318147
2002,Chui,,39.251546999999995
2003,Chui,,39.42033
2004,Chui,,33.925261
2005,Chui,,33.550114
2006,Chui,,27.796784999999996
2007,Chui,,31.993627000000004
2008,Chui,,32.482469
2009,Chui,,35.879613
2010,Chui,,30.869436
2011,Chui,,39.349758
2012,Chui,,35.689813
2013,Chui,,44.223608
2014,Chui,,51.04221
2015,Chui,,52.441412
2016,Chui,,43.6365
2017,Chui,,58.4127
2018,Chui,,41.2
2000,Bishkek (city),,68.003731
2001,Bishkek (city),,85.640504
2002,Bishkek (city),,68.047002
2003,Bishkek (city),,65.35321
2004,Bishkek (city),,47.933479999999996
2005,Bishkek (city),,48.511241
2006,Bishkek (city),,37.044933
2007,Bishkek (city),,40.680531
2008,Bishkek (city),,39.336853000000005
2009,Bishkek (city),,35.924393
2010,Bishkek (city),,39.823376
2011,Bishkek (city),,49.68253
2012,Bishkek (city),,63.775511
2013,Bishkek (city),,43.930005
2014,Bishkek (city),,54.03263199999999
2015,Bishkek (city),,65.190118
2016,Bishkek (city),,49.217
2017,Bishkek (city),,60.2912
2018,Bishkek (city),,51.8
2013,Osh (city),,69.262253
2014,Osh (city),,67.223461
2015,Osh (city),,67.70075899999999
2016,Osh (city),,54.4469
2017,Osh (city),,72.2366
2018,Osh (city),,70.1
