Year,Frequency of observation,Reporting type,Series,Reference area,Type of product,Units,Value
2010,Annual,National,_L_KG_020101_1E,Kyrgyzstan,"Meat and meat products in meat equivalent, including bacon and offal",PT,63.132137
2011,Annual,National,_L_KG_020101_1E,Kyrgyzstan,"Meat and meat products in meat equivalent, including bacon and offal",PT,63.132137
2012,Annual,National,_L_KG_020101_1E,Kyrgyzstan,"Meat and meat products in meat equivalent, including bacon and offal",PT,60.195759
2013,Annual,National,_L_KG_020101_1E,Kyrgyzstan,"Meat and meat products in meat equivalent, including bacon and offal",PT,55.138662
2014,Annual,National,_L_KG_020101_1E,Kyrgyzstan,"Meat and meat products in meat equivalent, including bacon and offal",PT,56.443719
2015,Annual,National,_L_KG_020101_1E,Kyrgyzstan,"Meat and meat products in meat equivalent, including bacon and offal",PT,64.600326
2016,Annual,National,_L_KG_020101_1E,Kyrgyzstan,"Meat and meat products in meat equivalent, including bacon and offal",PT,63.132137
2017,Annual,National,_L_KG_020101_1E,Kyrgyzstan,"Meat and meat products in meat equivalent, including bacon and offal",PT,62.805873
2018,Annual,National,_L_KG_020101_1E,Kyrgyzstan,"Meat and meat products in meat equivalent, including bacon and offal",PT,65.742251
2010,Annual,National,_L_KG_020101_1E,Kyrgyzstan,Milk and dairy products in milk equivalent,PT,106.2
2011,Annual,National,_L_KG_020101_1E,Kyrgyzstan,Milk and dairy products in milk equivalent,PT,106.5
2012,Annual,National,_L_KG_020101_1E,Kyrgyzstan,Milk and dairy products in milk equivalent,PT,105.75
2013,Annual,National,_L_KG_020101_1E,Kyrgyzstan,Milk and dairy products in milk equivalent,PT,107.5
2014,Annual,National,_L_KG_020101_1E,Kyrgyzstan,Milk and dairy products in milk equivalent,PT,107.8
2015,Annual,National,_L_KG_020101_1E,Kyrgyzstan,Milk and dairy products in milk equivalent,PT,113.15
2016,Annual,National,_L_KG_020101_1E,Kyrgyzstan,Milk and dairy products in milk equivalent,PT,112.25
2017,Annual,National,_L_KG_020101_1E,Kyrgyzstan,Milk and dairy products in milk equivalent,PT,111.65
2018,Annual,National,_L_KG_020101_1E,Kyrgyzstan,Milk and dairy products in milk equivalent,PT,109.4
2010,Annual,National,_L_KG_020101_1E,Kyrgyzstan,Eggs,PT,43.506849
2011,Annual,National,_L_KG_020101_1E,Kyrgyzstan,Eggs,PT,45.041096
2012,Annual,National,_L_KG_020101_1E,Kyrgyzstan,Eggs,PT,44.273973
2013,Annual,National,_L_KG_020101_1E,Kyrgyzstan,Eggs,PT,45.479452
2014,Annual,National,_L_KG_020101_1E,Kyrgyzstan,Eggs,PT,44.767123
2015,Annual,National,_L_KG_020101_1E,Kyrgyzstan,Eggs,PT,47.287671
2016,Annual,National,_L_KG_020101_1E,Kyrgyzstan,Eggs,PT,43.835616
2017,Annual,National,_L_KG_020101_1E,Kyrgyzstan,Eggs,PT,47.123288
2018,Annual,National,_L_KG_020101_1E,Kyrgyzstan,Eggs,PT,47.342466
2010,Annual,National,_L_KG_020101_1E,Kyrgyzstan,Sugar,PT,83.203125
2011,Annual,National,_L_KG_020101_1E,Kyrgyzstan,Sugar,PT,83.59375
2012,Annual,National,_L_KG_020101_1E,Kyrgyzstan,Sugar,PT,78.125
2013,Annual,National,_L_KG_020101_1E,Kyrgyzstan,Sugar,PT,82.03125
2014,Annual,National,_L_KG_020101_1E,Kyrgyzstan,Sugar,PT,76.953125
2015,Annual,National,_L_KG_020101_1E,Kyrgyzstan,Sugar,PT,71.875
2016,Annual,National,_L_KG_020101_1E,Kyrgyzstan,Sugar,PT,85.9375
2017,Annual,National,_L_KG_020101_1E,Kyrgyzstan,Sugar,PT,89.0625
2018,Annual,National,_L_KG_020101_1E,Kyrgyzstan,Sugar,PT,115.234375
2010,Annual,National,_L_KG_020101_1E,Kyrgyzstan,Vegetable oils,PT,131.393493
2011,Annual,National,_L_KG_020101_1E,Kyrgyzstan,Vegetable oils,PT,129.24425
2012,Annual,National,_L_KG_020101_1E,Kyrgyzstan,Vegetable oils,PT,118.291347
2013,Annual,National,_L_KG_020101_1E,Kyrgyzstan,Vegetable oils,PT,136.911281
2014,Annual,National,_L_KG_020101_1E,Kyrgyzstan,Vegetable oils,PT,139.101862
2015,Annual,National,_L_KG_020101_1E,Kyrgyzstan,Vegetable oils,PT,140.197152
2016,Annual,National,_L_KG_020101_1E,Kyrgyzstan,Vegetable oils,PT,116.100767
2017,Annual,National,_L_KG_020101_1E,Kyrgyzstan,Vegetable oils,PT,112.814896
2018,Annual,National,_L_KG_020101_1E,Kyrgyzstan,Vegetable oils,PT,104.052574
2010,Annual,National,_L_KG_020101_1E,Kyrgyzstan,Potatoes,PT,98.181818
2011,Annual,National,_L_KG_020101_1E,Kyrgyzstan,Potatoes,PT,99.494949
2012,Annual,National,_L_KG_020101_1E,Kyrgyzstan,Potatoes,PT,99.393939
2013,Annual,National,_L_KG_020101_1E,Kyrgyzstan,Potatoes,PT,99.494949
2014,Annual,National,_L_KG_020101_1E,Kyrgyzstan,Potatoes,PT,99.494949
2015,Annual,National,_L_KG_020101_1E,Kyrgyzstan,Potatoes,PT,108.282828
2016,Annual,National,_L_KG_020101_1E,Kyrgyzstan,Potatoes,PT,108.282828
2017,Annual,National,_L_KG_020101_1E,Kyrgyzstan,Potatoes,PT,107.7
2018,Annual,National,_L_KG_020101_1E,Kyrgyzstan,Potatoes,PT,141.4
2010,Annual,National,_L_KG_020101_1E,Kyrgyzstan,Vegetables and gourds,PT,131.3
2011,Annual,National,_L_KG_020101_1E,Kyrgyzstan,Vegetables and gourds,PT,131.2
2012,Annual,National,_L_KG_020101_1E,Kyrgyzstan,Vegetables and gourds,PT,131.052632
2013,Annual,National,_L_KG_020101_1E,Kyrgyzstan,Vegetables and gourds,PT,130.701754
2014,Annual,National,_L_KG_020101_1E,Kyrgyzstan,Vegetables and gourds,PT,131.578947
2015,Annual,National,_L_KG_020101_1E,Kyrgyzstan,Vegetables and gourds,PT,139.473684
2016,Annual,National,_L_KG_020101_1E,Kyrgyzstan,Vegetables and gourds,PT,141.403509
2017,Annual,National,_L_KG_020101_1E,Kyrgyzstan,Vegetables and gourds,PT,153.0
2018,Annual,National,_L_KG_020101_1E,Kyrgyzstan,Vegetables and gourds,PT,159.3
2010,Annual,National,_L_KG_020101_1E,Kyrgyzstan,Fruits and berries,PT,24.193548
2011,Annual,National,_L_KG_020101_1E,Kyrgyzstan,Fruits and berries,PT,23.225806
2012,Annual,National,_L_KG_020101_1E,Kyrgyzstan,Fruits and berries,PT,19.274194
2013,Annual,National,_L_KG_020101_1E,Kyrgyzstan,Fruits and berries,PT,21.612903
2014,Annual,National,_L_KG_020101_1E,Kyrgyzstan,Fruits and berries,PT,23.467742
2015,Annual,National,_L_KG_020101_1E,Kyrgyzstan,Fruits and berries,PT,25.16129
2016,Annual,National,_L_KG_020101_1E,Kyrgyzstan,Fruits and berries,PT,34.919355
2017,Annual,National,_L_KG_020101_1E,Kyrgyzstan,Fruits and berries,PT,34.5
2018,Annual,National,_L_KG_020101_1E,Kyrgyzstan,Fruits and berries,PT,27.0
2010,Annual,National,_L_KG_020101_1E,Kyrgyzstan,Wheat and wheat products in flour equivalent,PT,146.666259
2011,Annual,National,_L_KG_020101_1E,Kyrgyzstan,Wheat and wheat products in flour equivalent,PT,146.492793
2012,Annual,National,_L_KG_020101_1E,Kyrgyzstan,Wheat and wheat products in flour equivalent,PT,145.712192
2013,Annual,National,_L_KG_020101_1E,Kyrgyzstan,Wheat and wheat products in flour equivalent,PT,147.44686
2014,Annual,National,_L_KG_020101_1E,Kyrgyzstan,Wheat and wheat products in flour equivalent,PT,147.44686
2015,Annual,National,_L_KG_020101_1E,Kyrgyzstan,Wheat and wheat products in flour equivalent,PT,146.579526
2016,Annual,National,_L_KG_020101_1E,Kyrgyzstan,Wheat and wheat products in flour equivalent,PT,143.659907
2017,Annual,National,_L_KG_020101_1E,Kyrgyzstan,Wheat and wheat products in flour equivalent,PT,129.855851
2018,Annual,National,_L_KG_020101_1E,Kyrgyzstan,Wheat and wheat products in flour equivalent,PT,99.071586
2010,Annual,National,_L_KG_020101_1E,Kyrgyzstan,Fish and fish products,PT,16.483516
2011,Annual,National,_L_KG_020101_1E,Kyrgyzstan,Fish and fish products,PT,20.879121
2012,Annual,National,_L_KG_020101_1E,Kyrgyzstan,Fish and fish products,PT,20.879121
2013,Annual,National,_L_KG_020101_1E,Kyrgyzstan,Fish and fish products,PT,20.879121
2014,Annual,National,_L_KG_020101_1E,Kyrgyzstan,Fish and fish products,PT,20.879121
2015,Annual,National,_L_KG_020101_1E,Kyrgyzstan,Fish and fish products,PT,20.879121
2016,Annual,National,_L_KG_020101_1E,Kyrgyzstan,Fish and fish products,PT,9.602909
2017,Annual,National,_L_KG_020101_1E,Kyrgyzstan,Fish and fish products,PT,9.89011
2018,Annual,National,_L_KG_020101_1E,Kyrgyzstan,Fish and fish products,PT,8.791209
