Year,Frequency of observation,Reporting type,SDG Series,Reference area,Unit of measure,Value
2007,Annual,National,Proportion of births attended by skilled health personnel,Kyrgyzstan,Percent,98.436866
2008,Annual,National,Proportion of births attended by skilled health personnel,Kyrgyzstan,Percent,98.483992
2009,Annual,National,Proportion of births attended by skilled health personnel,Kyrgyzstan,Percent,98.495642
2010,Annual,National,Proportion of births attended by skilled health personnel,Kyrgyzstan,Percent,98.309687
2011,Annual,National,Proportion of births attended by skilled health personnel,Kyrgyzstan,Percent,98.622407
2012,Annual,National,Proportion of births attended by skilled health personnel,Kyrgyzstan,Percent,98.838817
2013,Annual,National,Proportion of births attended by skilled health personnel,Kyrgyzstan,Percent,98.985022
2014,Annual,National,Proportion of births attended by skilled health personnel,Kyrgyzstan,Percent,99.176724
2015,Annual,National,Proportion of births attended by skilled health personnel,Kyrgyzstan,Percent,99.230049
2016,Annual,National,Proportion of births attended by skilled health personnel,Kyrgyzstan,Percent,99.185581
2017,Annual,National,Proportion of births attended by skilled health personnel,Kyrgyzstan,Percent,99.3
2018,Annual,National,Proportion of births attended by skilled health personnel,Kyrgyzstan,Percent,99.3
2007,Annual,National,Proportion of births attended by skilled health personnel,Batken,Percent,97.74409
2008,Annual,National,Proportion of births attended by skilled health personnel,Batken,Percent,97.474925
2009,Annual,National,Proportion of births attended by skilled health personnel,Batken,Percent,98.874508
2010,Annual,National,Proportion of births attended by skilled health personnel,Batken,Percent,96.861772
2011,Annual,National,Proportion of births attended by skilled health personnel,Batken,Percent,97.13801
2012,Annual,National,Proportion of births attended by skilled health personnel,Batken,Percent,98.465778
2013,Annual,National,Proportion of births attended by skilled health personnel,Batken,Percent,99.080933
2014,Annual,National,Proportion of births attended by skilled health personnel,Batken,Percent,99.356181
2015,Annual,National,Proportion of births attended by skilled health personnel,Batken,Percent,99.261631
2016,Annual,National,Proportion of births attended by skilled health personnel,Batken,Percent,98.979592
2017,Annual,National,Proportion of births attended by skilled health personnel,Batken,Percent,99.2
2018,Annual,National,Proportion of births attended by skilled health personnel,Batken,Percent,99.4
2007,Annual,National,Proportion of births attended by skilled health personnel,Jalal-Abad,Percent,98.959241
2008,Annual,National,Proportion of births attended by skilled health personnel,Jalal-Abad,Percent,98.575021
2009,Annual,National,Proportion of births attended by skilled health personnel,Jalal-Abad,Percent,98.923445
2010,Annual,National,Proportion of births attended by skilled health personnel,Jalal-Abad,Percent,98.940709
2011,Annual,National,Proportion of births attended by skilled health personnel,Jalal-Abad,Percent,99.115744
2012,Annual,National,Proportion of births attended by skilled health personnel,Jalal-Abad,Percent,99.045346
2013,Annual,National,Proportion of births attended by skilled health personnel,Jalal-Abad,Percent,99.080837
2014,Annual,National,Proportion of births attended by skilled health personnel,Jalal-Abad,Percent,99.16137
2015,Annual,National,Proportion of births attended by skilled health personnel,Jalal-Abad,Percent,99.299119
2016,Annual,National,Proportion of births attended by skilled health personnel,Jalal-Abad,Percent,99.265036
2017,Annual,National,Proportion of births attended by skilled health personnel,Jalal-Abad,Percent,99.4
2018,Annual,National,Proportion of births attended by skilled health personnel,Jalal-Abad,Percent,99.4
2007,Annual,National,Proportion of births attended by skilled health personnel,Issyk-Kul,Percent,99.294245
2008,Annual,National,Proportion of births attended by skilled health personnel,Issyk-Kul,Percent,99.008513
2009,Annual,National,Proportion of births attended by skilled health personnel,Issyk-Kul,Percent,99.274602
2010,Annual,National,Proportion of births attended by skilled health personnel,Issyk-Kul,Percent,99.414531
2011,Annual,National,Proportion of births attended by skilled health personnel,Issyk-Kul,Percent,99.463221
2012,Annual,National,Proportion of births attended by skilled health personnel,Issyk-Kul,Percent,99.435996
2013,Annual,National,Proportion of births attended by skilled health personnel,Issyk-Kul,Percent,99.427262
2014,Annual,National,Proportion of births attended by skilled health personnel,Issyk-Kul,Percent,99.451005
2015,Annual,National,Proportion of births attended by skilled health personnel,Issyk-Kul,Percent,99.391542
2016,Annual,National,Proportion of births attended by skilled health personnel,Issyk-Kul,Percent,99.422551
2017,Annual,National,Proportion of births attended by skilled health personnel,Issyk-Kul,Percent,99.5
2018,Annual,National,Proportion of births attended by skilled health personnel,Issyk-Kul,Percent,99.5
2007,Annual,National,Proportion of births attended by skilled health personnel,Naryn,Percent,97.720601
2008,Annual,National,Proportion of births attended by skilled health personnel,Naryn,Percent,98.116039
2009,Annual,National,Proportion of births attended by skilled health personnel,Naryn,Percent,98.275296
2010,Annual,National,Proportion of births attended by skilled health personnel,Naryn,Percent,97.822417
2011,Annual,National,Proportion of births attended by skilled health personnel,Naryn,Percent,98.680426
2012,Annual,National,Proportion of births attended by skilled health personnel,Naryn,Percent,98.696845
2013,Annual,National,Proportion of births attended by skilled health personnel,Naryn,Percent,98.717291
2014,Annual,National,Proportion of births attended by skilled health personnel,Naryn,Percent,98.817416
2015,Annual,National,Proportion of births attended by skilled health personnel,Naryn,Percent,98.774112
2016,Annual,National,Proportion of births attended by skilled health personnel,Naryn,Percent,98.787433
2017,Annual,National,Proportion of births attended by skilled health personnel,Naryn,Percent,99.0
2018,Annual,National,Proportion of births attended by skilled health personnel,Naryn,Percent,99.2
2007,Annual,National,Proportion of births attended by skilled health personnel,Osh,Percent,96.877363
2008,Annual,National,Proportion of births attended by skilled health personnel,Osh,Percent,97.394325
2009,Annual,National,Proportion of births attended by skilled health personnel,Osh,Percent,96.451545
2010,Annual,National,Proportion of births attended by skilled health personnel,Osh,Percent,96.52909
2011,Annual,National,Proportion of births attended by skilled health personnel,Osh,Percent,97.299639
2012,Annual,National,Proportion of births attended by skilled health personnel,Osh,Percent,97.817694
2013,Annual,National,Proportion of births attended by skilled health personnel,Osh,Percent,98.222659
2014,Annual,National,Proportion of births attended by skilled health personnel,Osh,Percent,98.874035
2015,Annual,National,Proportion of births attended by skilled health personnel,Osh,Percent,99.087129
2016,Annual,National,Proportion of births attended by skilled health personnel,Osh,Percent,99.070282
2017,Annual,National,Proportion of births attended by skilled health personnel,Osh,Percent,99.1
2018,Annual,National,Proportion of births attended by skilled health personnel,Osh,Percent,99.1
2007,Annual,National,Proportion of births attended by skilled health personnel,Talas,Percent,99.285714
2008,Annual,National,Proportion of births attended by skilled health personnel,Talas,Percent,99.252883
2009,Annual,National,Proportion of births attended by skilled health personnel,Talas,Percent,99.270189
2010,Annual,National,Proportion of births attended by skilled health personnel,Talas,Percent,99.485821
2011,Annual,National,Proportion of births attended by skilled health personnel,Talas,Percent,99.688576
2012,Annual,National,Proportion of births attended by skilled health personnel,Talas,Percent,99.660672
2013,Annual,National,Proportion of births attended by skilled health personnel,Talas,Percent,99.694501
2014,Annual,National,Proportion of births attended by skilled health personnel,Talas,Percent,99.680296
2015,Annual,National,Proportion of births attended by skilled health personnel,Talas,Percent,99.729775
2016,Annual,National,Proportion of births attended by skilled health personnel,Talas,Percent,99.713877
2017,Annual,National,Proportion of births attended by skilled health personnel,Talas,Percent,99.5
2018,Annual,National,Proportion of births attended by skilled health personnel,Talas,Percent,99.7
2007,Annual,National,Proportion of births attended by skilled health personnel,Chui,Percent,99.023641
2008,Annual,National,Proportion of births attended by skilled health personnel,Chui,Percent,99.18247
2009,Annual,National,Proportion of births attended by skilled health personnel,Chui,Percent,99.161879
2010,Annual,National,Proportion of births attended by skilled health personnel,Chui,Percent,99.199707
2011,Annual,National,Proportion of births attended by skilled health personnel,Chui,Percent,99.107284
2012,Annual,National,Proportion of births attended by skilled health personnel,Chui,Percent,99.152542
2013,Annual,National,Proportion of births attended by skilled health personnel,Chui,Percent,99.134263
2014,Annual,National,Proportion of births attended by skilled health personnel,Chui,Percent,99.23354
2015,Annual,National,Proportion of births attended by skilled health personnel,Chui,Percent,99.163311
2016,Annual,National,Proportion of births attended by skilled health personnel,Chui,Percent,99.176269
2017,Annual,National,Proportion of births attended by skilled health personnel,Chui,Percent,99.2
2018,Annual,National,Proportion of births attended by skilled health personnel,Chui,Percent,99.2
2007,Annual,National,Proportion of births attended by skilled health personnel,Bishkek (city),Percent,99.435435
2008,Annual,National,Proportion of births attended by skilled health personnel,Bishkek (city),Percent,99.586624
2009,Annual,National,Proportion of births attended by skilled health personnel,Bishkek (city),Percent,99.621193
2010,Annual,National,Proportion of births attended by skilled health personnel,Bishkek (city),Percent,99.598067
2011,Annual,National,Proportion of births attended by skilled health personnel,Bishkek (city),Percent,99.46062
2012,Annual,National,Proportion of births attended by skilled health personnel,Bishkek (city),Percent,99.614421
2013,Annual,National,Proportion of births attended by skilled health personnel,Bishkek (city),Percent,99.611183
2014,Annual,National,Proportion of births attended by skilled health personnel,Bishkek (city),Percent,99.609444
2015,Annual,National,Proportion of births attended by skilled health personnel,Bishkek (city),Percent,99.494367
2016,Annual,National,Proportion of births attended by skilled health personnel,Bishkek (city),Percent,99.479551
2017,Annual,National,Proportion of births attended by skilled health personnel,Bishkek (city),Percent,99.5
2018,Annual,National,Proportion of births attended by skilled health personnel,Bishkek (city),Percent,99.6
2007,Annual,National,Proportion of births attended by skilled health personnel,Osh (city),Percent,98.916283
2008,Annual,National,Proportion of births attended by skilled health personnel,Osh (city),Percent,98.982971
2009,Annual,National,Proportion of births attended by skilled health personnel,Osh (city),Percent,98.918685
2010,Annual,National,Proportion of births attended by skilled health personnel,Osh (city),Percent,97.390903
2011,Annual,National,Proportion of births attended by skilled health personnel,Osh (city),Percent,99.342208
2012,Annual,National,Proportion of births attended by skilled health personnel,Osh (city),Percent,98.973247
2013,Annual,National,Proportion of births attended by skilled health personnel,Osh (city),Percent,99.300699
2014,Annual,National,Proportion of births attended by skilled health personnel,Osh (city),Percent,99.388163
2015,Annual,National,Proportion of births attended by skilled health personnel,Osh (city),Percent,99.258076
2016,Annual,National,Proportion of births attended by skilled health personnel,Osh (city),Percent,99.319952
2017,Annual,National,Proportion of births attended by skilled health personnel,Osh (city),Percent,99.5
2018,Annual,National,Proportion of births attended by skilled health personnel,Osh (city),Percent,99.7
