Year,Frequency of observation,Reporting type,Series,Reference area,Composite breakdown,Units,Value
2007,Annual,National,SH_DTH_NCOM,,Non-communicable disease: Cardiovascular disease,PER_100000_POP,349.7
2008,Annual,National,SH_DTH_NCOM,,Non-communicable disease: Cardiovascular disease,PER_100000_POP,346.3
2009,Annual,National,SH_DTH_NCOM,,Non-communicable disease: Cardiovascular disease,PER_100000_POP,326.5
2010,Annual,National,SH_DTH_NCOM,,Non-communicable disease: Cardiovascular disease,PER_100000_POP,323.9
2011,Annual,National,SH_DTH_NCOM,,Non-communicable disease: Cardiovascular disease,PER_100000_POP,326.3
2012,Annual,National,SH_DTH_NCOM,,Non-communicable disease: Cardiovascular disease,PER_100000_POP,331.2
2013,Annual,National,SH_DTH_NCOM,,Non-communicable disease: Cardiovascular disease,PER_100000_POP,308.2
2014,Annual,National,SH_DTH_NCOM,,Non-communicable disease: Cardiovascular disease,PER_100000_POP,307.0
2015,Annual,National,SH_DTH_NCOM,,Non-communicable disease: Cardiovascular disease,PER_100000_POP,297.0
2016,Annual,National,SH_DTH_NCOM,,Non-communicable disease: Cardiovascular disease,PER_100000_POP,279.7
2017,Annual,National,SH_DTH_NCOM,,Non-communicable disease: Cardiovascular disease,PER_100000_POP,276.0
2018,Annual,National,SH_DTH_NCOM,,Non-communicable disease: Cardiovascular disease,PER_100000_POP,265.7
2007,Annual,National,SH_DTH_NCOM,Batken,Non-communicable disease: Cardiovascular disease,PER_100000_POP,289.2
2008,Annual,National,SH_DTH_NCOM,Batken,Non-communicable disease: Cardiovascular disease,PER_100000_POP,295.3
2009,Annual,National,SH_DTH_NCOM,Batken,Non-communicable disease: Cardiovascular disease,PER_100000_POP,301.8
2010,Annual,National,SH_DTH_NCOM,Batken,Non-communicable disease: Cardiovascular disease,PER_100000_POP,285.1
2011,Annual,National,SH_DTH_NCOM,Batken,Non-communicable disease: Cardiovascular disease,PER_100000_POP,305.7
2012,Annual,National,SH_DTH_NCOM,Batken,Non-communicable disease: Cardiovascular disease,PER_100000_POP,338.2
2013,Annual,National,SH_DTH_NCOM,Batken,Non-communicable disease: Cardiovascular disease,PER_100000_POP,289.5
2014,Annual,National,SH_DTH_NCOM,Batken,Non-communicable disease: Cardiovascular disease,PER_100000_POP,283.0
2015,Annual,National,SH_DTH_NCOM,Batken,Non-communicable disease: Cardiovascular disease,PER_100000_POP,284.8
2016,Annual,National,SH_DTH_NCOM,Batken,Non-communicable disease: Cardiovascular disease,PER_100000_POP,292.3
2017,Annual,National,SH_DTH_NCOM,Batken,Non-communicable disease: Cardiovascular disease,PER_100000_POP,284.3
2018,Annual,National,SH_DTH_NCOM,Batken,Non-communicable disease: Cardiovascular disease,PER_100000_POP,257.2
2007,Annual,National,SH_DTH_NCOM,Jalal-Abad,Non-communicable disease: Cardiovascular disease,PER_100000_POP,284.4
2008,Annual,National,SH_DTH_NCOM,Jalal-Abad,Non-communicable disease: Cardiovascular disease,PER_100000_POP,298.4
2009,Annual,National,SH_DTH_NCOM,Jalal-Abad,Non-communicable disease: Cardiovascular disease,PER_100000_POP,278.5
2010,Annual,National,SH_DTH_NCOM,Jalal-Abad,Non-communicable disease: Cardiovascular disease,PER_100000_POP,266.2
2011,Annual,National,SH_DTH_NCOM,Jalal-Abad,Non-communicable disease: Cardiovascular disease,PER_100000_POP,289.8
2012,Annual,National,SH_DTH_NCOM,Jalal-Abad,Non-communicable disease: Cardiovascular disease,PER_100000_POP,286.2
2013,Annual,National,SH_DTH_NCOM,Jalal-Abad,Non-communicable disease: Cardiovascular disease,PER_100000_POP,264.6
2014,Annual,National,SH_DTH_NCOM,Jalal-Abad,Non-communicable disease: Cardiovascular disease,PER_100000_POP,264.6
2015,Annual,National,SH_DTH_NCOM,Jalal-Abad,Non-communicable disease: Cardiovascular disease,PER_100000_POP,268.3
2016,Annual,National,SH_DTH_NCOM,Jalal-Abad,Non-communicable disease: Cardiovascular disease,PER_100000_POP,249.0
2017,Annual,National,SH_DTH_NCOM,Jalal-Abad,Non-communicable disease: Cardiovascular disease,PER_100000_POP,244.0
2018,Annual,National,SH_DTH_NCOM,Jalal-Abad,Non-communicable disease: Cardiovascular disease,PER_100000_POP,237.8
2007,Annual,National,SH_DTH_NCOM,Issyk-Kul,Non-communicable disease: Cardiovascular disease,PER_100000_POP,425.5
2008,Annual,National,SH_DTH_NCOM,Issyk-Kul,Non-communicable disease: Cardiovascular disease,PER_100000_POP,400.8
2009,Annual,National,SH_DTH_NCOM,Issyk-Kul,Non-communicable disease: Cardiovascular disease,PER_100000_POP,378.8
2010,Annual,National,SH_DTH_NCOM,Issyk-Kul,Non-communicable disease: Cardiovascular disease,PER_100000_POP,391.1
2011,Annual,National,SH_DTH_NCOM,Issyk-Kul,Non-communicable disease: Cardiovascular disease,PER_100000_POP,360.5
2012,Annual,National,SH_DTH_NCOM,Issyk-Kul,Non-communicable disease: Cardiovascular disease,PER_100000_POP,394.9
2013,Annual,National,SH_DTH_NCOM,Issyk-Kul,Non-communicable disease: Cardiovascular disease,PER_100000_POP,385.8
2014,Annual,National,SH_DTH_NCOM,Issyk-Kul,Non-communicable disease: Cardiovascular disease,PER_100000_POP,363.0
2015,Annual,National,SH_DTH_NCOM,Issyk-Kul,Non-communicable disease: Cardiovascular disease,PER_100000_POP,361.0
2016,Annual,National,SH_DTH_NCOM,Issyk-Kul,Non-communicable disease: Cardiovascular disease,PER_100000_POP,328.7
2017,Annual,National,SH_DTH_NCOM,Issyk-Kul,Non-communicable disease: Cardiovascular disease,PER_100000_POP,325.9
2018,Annual,National,SH_DTH_NCOM,Issyk-Kul,Non-communicable disease: Cardiovascular disease,PER_100000_POP,302.0
2007,Annual,National,SH_DTH_NCOM,Naryn,Non-communicable disease: Cardiovascular disease,PER_100000_POP,338.0
2008,Annual,National,SH_DTH_NCOM,Naryn,Non-communicable disease: Cardiovascular disease,PER_100000_POP,314.3
2009,Annual,National,SH_DTH_NCOM,Naryn,Non-communicable disease: Cardiovascular disease,PER_100000_POP,289.6
2010,Annual,National,SH_DTH_NCOM,Naryn,Non-communicable disease: Cardiovascular disease,PER_100000_POP,301.1
2011,Annual,National,SH_DTH_NCOM,Naryn,Non-communicable disease: Cardiovascular disease,PER_100000_POP,326.3
2012,Annual,National,SH_DTH_NCOM,Naryn,Non-communicable disease: Cardiovascular disease,PER_100000_POP,318.2
2013,Annual,National,SH_DTH_NCOM,Naryn,Non-communicable disease: Cardiovascular disease,PER_100000_POP,327.4
2014,Annual,National,SH_DTH_NCOM,Naryn,Non-communicable disease: Cardiovascular disease,PER_100000_POP,317.6
2015,Annual,National,SH_DTH_NCOM,Naryn,Non-communicable disease: Cardiovascular disease,PER_100000_POP,310.0
2016,Annual,National,SH_DTH_NCOM,Naryn,Non-communicable disease: Cardiovascular disease,PER_100000_POP,312.8
2017,Annual,National,SH_DTH_NCOM,Naryn,Non-communicable disease: Cardiovascular disease,PER_100000_POP,302.7
2018,Annual,National,SH_DTH_NCOM,Naryn,Non-communicable disease: Cardiovascular disease,PER_100000_POP,308.0
2007,Annual,National,SH_DTH_NCOM,Osh,Non-communicable disease: Cardiovascular disease,PER_100000_POP,256.5
2008,Annual,National,SH_DTH_NCOM,Osh,Non-communicable disease: Cardiovascular disease,PER_100000_POP,263.2
2009,Annual,National,SH_DTH_NCOM,Osh,Non-communicable disease: Cardiovascular disease,PER_100000_POP,278.7
2010,Annual,National,SH_DTH_NCOM,Osh,Non-communicable disease: Cardiovascular disease,PER_100000_POP,285.1
2011,Annual,National,SH_DTH_NCOM,Osh,Non-communicable disease: Cardiovascular disease,PER_100000_POP,275.2
2012,Annual,National,SH_DTH_NCOM,Osh,Non-communicable disease: Cardiovascular disease,PER_100000_POP,281.6
2013,Annual,National,SH_DTH_NCOM,Osh,Non-communicable disease: Cardiovascular disease,PER_100000_POP,264.4
2014,Annual,National,SH_DTH_NCOM,Osh,Non-communicable disease: Cardiovascular disease,PER_100000_POP,273.0
2015,Annual,National,SH_DTH_NCOM,Osh,Non-communicable disease: Cardiovascular disease,PER_100000_POP,265.7
2016,Annual,National,SH_DTH_NCOM,Osh,Non-communicable disease: Cardiovascular disease,PER_100000_POP,239.0
2017,Annual,National,SH_DTH_NCOM,Osh,Non-communicable disease: Cardiovascular disease,PER_100000_POP,240.8
2018,Annual,National,SH_DTH_NCOM,Osh,Non-communicable disease: Cardiovascular disease,PER_100000_POP,229.3
2007,Annual,National,SH_DTH_NCOM,Talas,Non-communicable disease: Cardiovascular disease,PER_100000_POP,361.0
2008,Annual,National,SH_DTH_NCOM,Talas,Non-communicable disease: Cardiovascular disease,PER_100000_POP,353.3
2009,Annual,National,SH_DTH_NCOM,Talas,Non-communicable disease: Cardiovascular disease,PER_100000_POP,363.8
2010,Annual,National,SH_DTH_NCOM,Talas,Non-communicable disease: Cardiovascular disease,PER_100000_POP,333.8
2011,Annual,National,SH_DTH_NCOM,Talas,Non-communicable disease: Cardiovascular disease,PER_100000_POP,345.0
2012,Annual,National,SH_DTH_NCOM,Talas,Non-communicable disease: Cardiovascular disease,PER_100000_POP,342.5
2013,Annual,National,SH_DTH_NCOM,Talas,Non-communicable disease: Cardiovascular disease,PER_100000_POP,309.8
2014,Annual,National,SH_DTH_NCOM,Talas,Non-communicable disease: Cardiovascular disease,PER_100000_POP,332.7
2015,Annual,National,SH_DTH_NCOM,Talas,Non-communicable disease: Cardiovascular disease,PER_100000_POP,322.5
2016,Annual,National,SH_DTH_NCOM,Talas,Non-communicable disease: Cardiovascular disease,PER_100000_POP,288.7
2017,Annual,National,SH_DTH_NCOM,Talas,Non-communicable disease: Cardiovascular disease,PER_100000_POP,301.9
2018,Annual,National,SH_DTH_NCOM,Talas,Non-communicable disease: Cardiovascular disease,PER_100000_POP,261.5
2007,Annual,National,SH_DTH_NCOM,Chui,Non-communicable disease: Cardiovascular disease,PER_100000_POP,562.2
2008,Annual,National,SH_DTH_NCOM,Chui,Non-communicable disease: Cardiovascular disease,PER_100000_POP,553.3
2009,Annual,National,SH_DTH_NCOM,Chui,Non-communicable disease: Cardiovascular disease,PER_100000_POP,479.6
2010,Annual,National,SH_DTH_NCOM,Chui,Non-communicable disease: Cardiovascular disease,PER_100000_POP,484.0
2011,Annual,National,SH_DTH_NCOM,Chui,Non-communicable disease: Cardiovascular disease,PER_100000_POP,467.0
2012,Annual,National,SH_DTH_NCOM,Chui,Non-communicable disease: Cardiovascular disease,PER_100000_POP,466.9
2013,Annual,National,SH_DTH_NCOM,Chui,Non-communicable disease: Cardiovascular disease,PER_100000_POP,441.6
2014,Annual,National,SH_DTH_NCOM,Chui,Non-communicable disease: Cardiovascular disease,PER_100000_POP,430.2
2015,Annual,National,SH_DTH_NCOM,Chui,Non-communicable disease: Cardiovascular disease,PER_100000_POP,400.8
2016,Annual,National,SH_DTH_NCOM,Chui,Non-communicable disease: Cardiovascular disease,PER_100000_POP,381.3
2017,Annual,National,SH_DTH_NCOM,Chui,Non-communicable disease: Cardiovascular disease,PER_100000_POP,377.7
2018,Annual,National,SH_DTH_NCOM,Chui,Non-communicable disease: Cardiovascular disease,PER_100000_POP,377.1
2007,Annual,National,SH_DTH_NCOM,Bishkek (city),Non-communicable disease: Cardiovascular disease,PER_100000_POP,368.8
2008,Annual,National,SH_DTH_NCOM,Bishkek (city),Non-communicable disease: Cardiovascular disease,PER_100000_POP,337.4
2009,Annual,National,SH_DTH_NCOM,Bishkek (city),Non-communicable disease: Cardiovascular disease,PER_100000_POP,303.9
2010,Annual,National,SH_DTH_NCOM,Bishkek (city),Non-communicable disease: Cardiovascular disease,PER_100000_POP,298.3
2011,Annual,National,SH_DTH_NCOM,Bishkek (city),Non-communicable disease: Cardiovascular disease,PER_100000_POP,305.4
2012,Annual,National,SH_DTH_NCOM,Bishkek (city),Non-communicable disease: Cardiovascular disease,PER_100000_POP,297.0
2013,Annual,National,SH_DTH_NCOM,Bishkek (city),Non-communicable disease: Cardiovascular disease,PER_100000_POP,269.6
2014,Annual,National,SH_DTH_NCOM,Bishkek (city),Non-communicable disease: Cardiovascular disease,PER_100000_POP,272.6
2015,Annual,National,SH_DTH_NCOM,Bishkek (city),Non-communicable disease: Cardiovascular disease,PER_100000_POP,253.2
2016,Annual,National,SH_DTH_NCOM,Bishkek (city),Non-communicable disease: Cardiovascular disease,PER_100000_POP,242.5
2017,Annual,National,SH_DTH_NCOM,Bishkek (city),Non-communicable disease: Cardiovascular disease,PER_100000_POP,242.4
2018,Annual,National,SH_DTH_NCOM,Bishkek (city),Non-communicable disease: Cardiovascular disease,PER_100000_POP,232.8
2007,Annual,National,SH_DTH_NCOM,Osh (city),Non-communicable disease: Cardiovascular disease,PER_100000_POP,248.9
2008,Annual,National,SH_DTH_NCOM,Osh (city),Non-communicable disease: Cardiovascular disease,PER_100000_POP,290.1
2009,Annual,National,SH_DTH_NCOM,Osh (city),Non-communicable disease: Cardiovascular disease,PER_100000_POP,273.8
2010,Annual,National,SH_DTH_NCOM,Osh (city),Non-communicable disease: Cardiovascular disease,PER_100000_POP,268.0
2011,Annual,National,SH_DTH_NCOM,Osh (city),Non-communicable disease: Cardiovascular disease,PER_100000_POP,281.9
2012,Annual,National,SH_DTH_NCOM,Osh (city),Non-communicable disease: Cardiovascular disease,PER_100000_POP,298.7
2013,Annual,National,SH_DTH_NCOM,Osh (city),Non-communicable disease: Cardiovascular disease,PER_100000_POP,266.8
2014,Annual,National,SH_DTH_NCOM,Osh (city),Non-communicable disease: Cardiovascular disease,PER_100000_POP,270.1
2015,Annual,National,SH_DTH_NCOM,Osh (city),Non-communicable disease: Cardiovascular disease,PER_100000_POP,253.5
2016,Annual,National,SH_DTH_NCOM,Osh (city),Non-communicable disease: Cardiovascular disease,PER_100000_POP,248.9
2017,Annual,National,SH_DTH_NCOM,Osh (city),Non-communicable disease: Cardiovascular disease,PER_100000_POP,240.4
2018,Annual,National,SH_DTH_NCOM,Osh (city),Non-communicable disease: Cardiovascular disease,PER_100000_POP,223.4
2007,Annual,National,SH_DTH_NCOM,,Non-communicable disease: Cancer,PER_100000_POP,57.1
2008,Annual,National,SH_DTH_NCOM,,Non-communicable disease: Cancer,PER_100000_POP,58.2
2009,Annual,National,SH_DTH_NCOM,,Non-communicable disease: Cancer,PER_100000_POP,60.7
2010,Annual,National,SH_DTH_NCOM,,Non-communicable disease: Cancer,PER_100000_POP,59.4
2011,Annual,National,SH_DTH_NCOM,,Non-communicable disease: Cancer,PER_100000_POP,61.3
2012,Annual,National,SH_DTH_NCOM,,Non-communicable disease: Cancer,PER_100000_POP,59.4
2013,Annual,National,SH_DTH_NCOM,,Non-communicable disease: Cancer,PER_100000_POP,61.0
2014,Annual,National,SH_DTH_NCOM,,Non-communicable disease: Cancer,PER_100000_POP,64.3
2015,Annual,National,SH_DTH_NCOM,,Non-communicable disease: Cancer,PER_100000_POP,64.5
2016,Annual,National,SH_DTH_NCOM,,Non-communicable disease: Cancer,PER_100000_POP,64.4
2017,Annual,National,SH_DTH_NCOM,,Non-communicable disease: Cancer,PER_100000_POP,62.2
2018,Annual,National,SH_DTH_NCOM,,Non-communicable disease: Cancer,PER_100000_POP,65.6
2007,Annual,National,SH_DTH_NCOM,Batken,Non-communicable disease: Cancer,PER_100000_POP,32.3
2008,Annual,National,SH_DTH_NCOM,Batken,Non-communicable disease: Cancer,PER_100000_POP,26.4
2009,Annual,National,SH_DTH_NCOM,Batken,Non-communicable disease: Cancer,PER_100000_POP,30.2
2010,Annual,National,SH_DTH_NCOM,Batken,Non-communicable disease: Cancer,PER_100000_POP,33.8
2011,Annual,National,SH_DTH_NCOM,Batken,Non-communicable disease: Cancer,PER_100000_POP,33.9
2012,Annual,National,SH_DTH_NCOM,Batken,Non-communicable disease: Cancer,PER_100000_POP,33.0
2013,Annual,National,SH_DTH_NCOM,Batken,Non-communicable disease: Cancer,PER_100000_POP,32.1
2014,Annual,National,SH_DTH_NCOM,Batken,Non-communicable disease: Cancer,PER_100000_POP,35.6
2015,Annual,National,SH_DTH_NCOM,Batken,Non-communicable disease: Cancer,PER_100000_POP,42.3
2016,Annual,National,SH_DTH_NCOM,Batken,Non-communicable disease: Cancer,PER_100000_POP,38.6
2017,Annual,National,SH_DTH_NCOM,Batken,Non-communicable disease: Cancer,PER_100000_POP,32.6
2018,Annual,National,SH_DTH_NCOM,Batken,Non-communicable disease: Cancer,PER_100000_POP,43.3
2007,Annual,National,SH_DTH_NCOM,Jalal-Abad,Non-communicable disease: Cancer,PER_100000_POP,36.3
2008,Annual,National,SH_DTH_NCOM,Jalal-Abad,Non-communicable disease: Cancer,PER_100000_POP,42.0
2009,Annual,National,SH_DTH_NCOM,Jalal-Abad,Non-communicable disease: Cancer,PER_100000_POP,47.8
2010,Annual,National,SH_DTH_NCOM,Jalal-Abad,Non-communicable disease: Cancer,PER_100000_POP,46.3
2011,Annual,National,SH_DTH_NCOM,Jalal-Abad,Non-communicable disease: Cancer,PER_100000_POP,51.5
2012,Annual,National,SH_DTH_NCOM,Jalal-Abad,Non-communicable disease: Cancer,PER_100000_POP,47.3
2013,Annual,National,SH_DTH_NCOM,Jalal-Abad,Non-communicable disease: Cancer,PER_100000_POP,49.2
2014,Annual,National,SH_DTH_NCOM,Jalal-Abad,Non-communicable disease: Cancer,PER_100000_POP,51.0
2015,Annual,National,SH_DTH_NCOM,Jalal-Abad,Non-communicable disease: Cancer,PER_100000_POP,52.9
2016,Annual,National,SH_DTH_NCOM,Jalal-Abad,Non-communicable disease: Cancer,PER_100000_POP,54.2
2017,Annual,National,SH_DTH_NCOM,Jalal-Abad,Non-communicable disease: Cancer,PER_100000_POP,50.9
2018,Annual,National,SH_DTH_NCOM,Jalal-Abad,Non-communicable disease: Cancer,PER_100000_POP,49.5
2007,Annual,National,SH_DTH_NCOM,Issyk-Kul,Non-communicable disease: Cancer,PER_100000_POP,74.6
2008,Annual,National,SH_DTH_NCOM,Issyk-Kul,Non-communicable disease: Cancer,PER_100000_POP,72.4
2009,Annual,National,SH_DTH_NCOM,Issyk-Kul,Non-communicable disease: Cancer,PER_100000_POP,78.7
2010,Annual,National,SH_DTH_NCOM,Issyk-Kul,Non-communicable disease: Cancer,PER_100000_POP,73.4
2011,Annual,National,SH_DTH_NCOM,Issyk-Kul,Non-communicable disease: Cancer,PER_100000_POP,74.0
2012,Annual,National,SH_DTH_NCOM,Issyk-Kul,Non-communicable disease: Cancer,PER_100000_POP,84.8
2013,Annual,National,SH_DTH_NCOM,Issyk-Kul,Non-communicable disease: Cancer,PER_100000_POP,81.8
2014,Annual,National,SH_DTH_NCOM,Issyk-Kul,Non-communicable disease: Cancer,PER_100000_POP,85.2
2015,Annual,National,SH_DTH_NCOM,Issyk-Kul,Non-communicable disease: Cancer,PER_100000_POP,89.1
2016,Annual,National,SH_DTH_NCOM,Issyk-Kul,Non-communicable disease: Cancer,PER_100000_POP,83.9
2017,Annual,National,SH_DTH_NCOM,Issyk-Kul,Non-communicable disease: Cancer,PER_100000_POP,80.9
2018,Annual,National,SH_DTH_NCOM,Issyk-Kul,Non-communicable disease: Cancer,PER_100000_POP,90.5
2007,Annual,National,SH_DTH_NCOM,Naryn,Non-communicable disease: Cancer,PER_100000_POP,70.8
2008,Annual,National,SH_DTH_NCOM,Naryn,Non-communicable disease: Cancer,PER_100000_POP,72.0
2009,Annual,National,SH_DTH_NCOM,Naryn,Non-communicable disease: Cancer,PER_100000_POP,72.0
2010,Annual,National,SH_DTH_NCOM,Naryn,Non-communicable disease: Cancer,PER_100000_POP,66.7
2011,Annual,National,SH_DTH_NCOM,Naryn,Non-communicable disease: Cancer,PER_100000_POP,81.9
2012,Annual,National,SH_DTH_NCOM,Naryn,Non-communicable disease: Cancer,PER_100000_POP,63.8
2013,Annual,National,SH_DTH_NCOM,Naryn,Non-communicable disease: Cancer,PER_100000_POP,78.2
2014,Annual,National,SH_DTH_NCOM,Naryn,Non-communicable disease: Cancer,PER_100000_POP,82.4
2015,Annual,National,SH_DTH_NCOM,Naryn,Non-communicable disease: Cancer,PER_100000_POP,89.5
2016,Annual,National,SH_DTH_NCOM,Naryn,Non-communicable disease: Cancer,PER_100000_POP,88.1
2017,Annual,National,SH_DTH_NCOM,Naryn,Non-communicable disease: Cancer,PER_100000_POP,81.8
2018,Annual,National,SH_DTH_NCOM,Naryn,Non-communicable disease: Cancer,PER_100000_POP,87.9
2007,Annual,National,SH_DTH_NCOM,Osh,Non-communicable disease: Cancer,PER_100000_POP,38.1
2008,Annual,National,SH_DTH_NCOM,Osh,Non-communicable disease: Cancer,PER_100000_POP,36.4
2009,Annual,National,SH_DTH_NCOM,Osh,Non-communicable disease: Cancer,PER_100000_POP,40.7
2010,Annual,National,SH_DTH_NCOM,Osh,Non-communicable disease: Cancer,PER_100000_POP,40.1
2011,Annual,National,SH_DTH_NCOM,Osh,Non-communicable disease: Cancer,PER_100000_POP,43.6
2012,Annual,National,SH_DTH_NCOM,Osh,Non-communicable disease: Cancer,PER_100000_POP,43.0
2013,Annual,National,SH_DTH_NCOM,Osh,Non-communicable disease: Cancer,PER_100000_POP,43.0
2014,Annual,National,SH_DTH_NCOM,Osh,Non-communicable disease: Cancer,PER_100000_POP,50.7
2015,Annual,National,SH_DTH_NCOM,Osh,Non-communicable disease: Cancer,PER_100000_POP,50.6
2016,Annual,National,SH_DTH_NCOM,Osh,Non-communicable disease: Cancer,PER_100000_POP,49.9
2017,Annual,National,SH_DTH_NCOM,Osh,Non-communicable disease: Cancer,PER_100000_POP,49.1
2018,Annual,National,SH_DTH_NCOM,Osh,Non-communicable disease: Cancer,PER_100000_POP,51.0
2007,Annual,National,SH_DTH_NCOM,Talas,Non-communicable disease: Cancer,PER_100000_POP,47.2
2008,Annual,National,SH_DTH_NCOM,Talas,Non-communicable disease: Cancer,PER_100000_POP,54.7
2009,Annual,National,SH_DTH_NCOM,Talas,Non-communicable disease: Cancer,PER_100000_POP,59.7
2010,Annual,National,SH_DTH_NCOM,Talas,Non-communicable disease: Cancer,PER_100000_POP,66.0
2011,Annual,National,SH_DTH_NCOM,Talas,Non-communicable disease: Cancer,PER_100000_POP,59.9
2012,Annual,National,SH_DTH_NCOM,Talas,Non-communicable disease: Cancer,PER_100000_POP,58.5
2013,Annual,National,SH_DTH_NCOM,Talas,Non-communicable disease: Cancer,PER_100000_POP,68.3
2014,Annual,National,SH_DTH_NCOM,Talas,Non-communicable disease: Cancer,PER_100000_POP,68.9
2015,Annual,National,SH_DTH_NCOM,Talas,Non-communicable disease: Cancer,PER_100000_POP,60.6
2016,Annual,National,SH_DTH_NCOM,Talas,Non-communicable disease: Cancer,PER_100000_POP,70.7
2017,Annual,National,SH_DTH_NCOM,Talas,Non-communicable disease: Cancer,PER_100000_POP,62.6
2018,Annual,National,SH_DTH_NCOM,Talas,Non-communicable disease: Cancer,PER_100000_POP,59.7
2007,Annual,National,SH_DTH_NCOM,Chui,Non-communicable disease: Cancer,PER_100000_POP,88.1
2008,Annual,National,SH_DTH_NCOM,Chui,Non-communicable disease: Cancer,PER_100000_POP,91.2
2009,Annual,National,SH_DTH_NCOM,Chui,Non-communicable disease: Cancer,PER_100000_POP,95.3
2010,Annual,National,SH_DTH_NCOM,Chui,Non-communicable disease: Cancer,PER_100000_POP,89.6
2011,Annual,National,SH_DTH_NCOM,Chui,Non-communicable disease: Cancer,PER_100000_POP,92.0
2012,Annual,National,SH_DTH_NCOM,Chui,Non-communicable disease: Cancer,PER_100000_POP,91.5
2013,Annual,National,SH_DTH_NCOM,Chui,Non-communicable disease: Cancer,PER_100000_POP,88.3
2014,Annual,National,SH_DTH_NCOM,Chui,Non-communicable disease: Cancer,PER_100000_POP,92.7
2015,Annual,National,SH_DTH_NCOM,Chui,Non-communicable disease: Cancer,PER_100000_POP,82.6
2016,Annual,National,SH_DTH_NCOM,Chui,Non-communicable disease: Cancer,PER_100000_POP,94.3
2017,Annual,National,SH_DTH_NCOM,Chui,Non-communicable disease: Cancer,PER_100000_POP,91.3
2018,Annual,National,SH_DTH_NCOM,Chui,Non-communicable disease: Cancer,PER_100000_POP,97.5
2007,Annual,National,SH_DTH_NCOM,Bishkek (city),Non-communicable disease: Cancer,PER_100000_POP,82.3
2008,Annual,National,SH_DTH_NCOM,Bishkek (city),Non-communicable disease: Cancer,PER_100000_POP,82.6
2009,Annual,National,SH_DTH_NCOM,Bishkek (city),Non-communicable disease: Cancer,PER_100000_POP,75.8
2010,Annual,National,SH_DTH_NCOM,Bishkek (city),Non-communicable disease: Cancer,PER_100000_POP,78.1
2011,Annual,National,SH_DTH_NCOM,Bishkek (city),Non-communicable disease: Cancer,PER_100000_POP,69.8
2012,Annual,National,SH_DTH_NCOM,Bishkek (city),Non-communicable disease: Cancer,PER_100000_POP,67.4
2013,Annual,National,SH_DTH_NCOM,Bishkek (city),Non-communicable disease: Cancer,PER_100000_POP,69.3
2014,Annual,National,SH_DTH_NCOM,Bishkek (city),Non-communicable disease: Cancer,PER_100000_POP,73.1
2015,Annual,National,SH_DTH_NCOM,Bishkek (city),Non-communicable disease: Cancer,PER_100000_POP,76.6
2016,Annual,National,SH_DTH_NCOM,Bishkek (city),Non-communicable disease: Cancer,PER_100000_POP,66.5
2017,Annual,National,SH_DTH_NCOM,Bishkek (city),Non-communicable disease: Cancer,PER_100000_POP,69.1
2018,Annual,National,SH_DTH_NCOM,Bishkek (city),Non-communicable disease: Cancer,PER_100000_POP,69.3
2007,Annual,National,SH_DTH_NCOM,Osh (city),Non-communicable disease: Cancer,PER_100000_POP,46.8
2008,Annual,National,SH_DTH_NCOM,Osh (city),Non-communicable disease: Cancer,PER_100000_POP,50.5
2009,Annual,National,SH_DTH_NCOM,Osh (city),Non-communicable disease: Cancer,PER_100000_POP,50.3
2010,Annual,National,SH_DTH_NCOM,Osh (city),Non-communicable disease: Cancer,PER_100000_POP,46.2
2011,Annual,National,SH_DTH_NCOM,Osh (city),Non-communicable disease: Cancer,PER_100000_POP,58.2
2012,Annual,National,SH_DTH_NCOM,Osh (city),Non-communicable disease: Cancer,PER_100000_POP,50.4
2013,Annual,National,SH_DTH_NCOM,Osh (city),Non-communicable disease: Cancer,PER_100000_POP,64.7
2014,Annual,National,SH_DTH_NCOM,Osh (city),Non-communicable disease: Cancer,PER_100000_POP,52.3
2015,Annual,National,SH_DTH_NCOM,Osh (city),Non-communicable disease: Cancer,PER_100000_POP,51.3
2016,Annual,National,SH_DTH_NCOM,Osh (city),Non-communicable disease: Cancer,PER_100000_POP,54.9
2017,Annual,National,SH_DTH_NCOM,Osh (city),Non-communicable disease: Cancer,PER_100000_POP,53.3
2018,Annual,National,SH_DTH_NCOM,Osh (city),Non-communicable disease: Cancer,PER_100000_POP,65.3
2007,Annual,National,SH_DTH_NCOM,,Non-communicable disease: Diabetes,PER_100000_POP,6.9
2008,Annual,National,SH_DTH_NCOM,,Non-communicable disease: Diabetes,PER_100000_POP,6.8
2009,Annual,National,SH_DTH_NCOM,,Non-communicable disease: Diabetes,PER_100000_POP,6.2
2010,Annual,National,SH_DTH_NCOM,,Non-communicable disease: Diabetes,PER_100000_POP,5.7
2011,Annual,National,SH_DTH_NCOM,,Non-communicable disease: Diabetes,PER_100000_POP,5.8
2012,Annual,National,SH_DTH_NCOM,,Non-communicable disease: Diabetes,PER_100000_POP,5.3
2013,Annual,National,SH_DTH_NCOM,,Non-communicable disease: Diabetes,PER_100000_POP,6.9
2014,Annual,National,SH_DTH_NCOM,,Non-communicable disease: Diabetes,PER_100000_POP,7.2
2015,Annual,National,SH_DTH_NCOM,,Non-communicable disease: Diabetes,PER_100000_POP,6.0
2016,Annual,National,SH_DTH_NCOM,,Non-communicable disease: Diabetes,PER_100000_POP,6.7
2017,Annual,National,SH_DTH_NCOM,,Non-communicable disease: Diabetes,PER_100000_POP,6.8
2018,Annual,National,SH_DTH_NCOM,,Non-communicable disease: Diabetes,PER_100000_POP,7.3
2007,Annual,National,SH_DTH_NCOM,Batken,Non-communicable disease: Diabetes,PER_100000_POP,8.1
2008,Annual,National,SH_DTH_NCOM,Batken,Non-communicable disease: Diabetes,PER_100000_POP,5.7
2009,Annual,National,SH_DTH_NCOM,Batken,Non-communicable disease: Diabetes,PER_100000_POP,4.6
2010,Annual,National,SH_DTH_NCOM,Batken,Non-communicable disease: Diabetes,PER_100000_POP,4.1
2011,Annual,National,SH_DTH_NCOM,Batken,Non-communicable disease: Diabetes,PER_100000_POP,3.1
2012,Annual,National,SH_DTH_NCOM,Batken,Non-communicable disease: Diabetes,PER_100000_POP,5.5
2013,Annual,National,SH_DTH_NCOM,Batken,Non-communicable disease: Diabetes,PER_100000_POP,4.5
2014,Annual,National,SH_DTH_NCOM,Batken,Non-communicable disease: Diabetes,PER_100000_POP,5.9
2015,Annual,National,SH_DTH_NCOM,Batken,Non-communicable disease: Diabetes,PER_100000_POP,6.2
2016,Annual,National,SH_DTH_NCOM,Batken,Non-communicable disease: Diabetes,PER_100000_POP,7.0
2017,Annual,National,SH_DTH_NCOM,Batken,Non-communicable disease: Diabetes,PER_100000_POP,6.1
2018,Annual,National,SH_DTH_NCOM,Batken,Non-communicable disease: Diabetes,PER_100000_POP,5.4
2007,Annual,National,SH_DTH_NCOM,Jalal-Abad,Non-communicable disease: Diabetes,PER_100000_POP,6.6
2008,Annual,National,SH_DTH_NCOM,Jalal-Abad,Non-communicable disease: Diabetes,PER_100000_POP,9.1
2009,Annual,National,SH_DTH_NCOM,Jalal-Abad,Non-communicable disease: Diabetes,PER_100000_POP,8.4
2010,Annual,National,SH_DTH_NCOM,Jalal-Abad,Non-communicable disease: Diabetes,PER_100000_POP,7.7
2011,Annual,National,SH_DTH_NCOM,Jalal-Abad,Non-communicable disease: Diabetes,PER_100000_POP,7.9
2012,Annual,National,SH_DTH_NCOM,Jalal-Abad,Non-communicable disease: Diabetes,PER_100000_POP,7.6
2013,Annual,National,SH_DTH_NCOM,Jalal-Abad,Non-communicable disease: Diabetes,PER_100000_POP,9.6
2014,Annual,National,SH_DTH_NCOM,Jalal-Abad,Non-communicable disease: Diabetes,PER_100000_POP,10.6
2015,Annual,National,SH_DTH_NCOM,Jalal-Abad,Non-communicable disease: Diabetes,PER_100000_POP,9.0
2016,Annual,National,SH_DTH_NCOM,Jalal-Abad,Non-communicable disease: Diabetes,PER_100000_POP,8.6
2017,Annual,National,SH_DTH_NCOM,Jalal-Abad,Non-communicable disease: Diabetes,PER_100000_POP,8.8
2018,Annual,National,SH_DTH_NCOM,Jalal-Abad,Non-communicable disease: Diabetes,PER_100000_POP,10.4
2007,Annual,National,SH_DTH_NCOM,Issyk-Kul,Non-communicable disease: Diabetes,PER_100000_POP,10.4
2008,Annual,National,SH_DTH_NCOM,Issyk-Kul,Non-communicable disease: Diabetes,PER_100000_POP,6.2
2009,Annual,National,SH_DTH_NCOM,Issyk-Kul,Non-communicable disease: Diabetes,PER_100000_POP,8.2
2010,Annual,National,SH_DTH_NCOM,Issyk-Kul,Non-communicable disease: Diabetes,PER_100000_POP,8.1
2011,Annual,National,SH_DTH_NCOM,Issyk-Kul,Non-communicable disease: Diabetes,PER_100000_POP,6.9
2012,Annual,National,SH_DTH_NCOM,Issyk-Kul,Non-communicable disease: Diabetes,PER_100000_POP,6.4
2013,Annual,National,SH_DTH_NCOM,Issyk-Kul,Non-communicable disease: Diabetes,PER_100000_POP,9.0
2014,Annual,National,SH_DTH_NCOM,Issyk-Kul,Non-communicable disease: Diabetes,PER_100000_POP,8.9
2015,Annual,National,SH_DTH_NCOM,Issyk-Kul,Non-communicable disease: Diabetes,PER_100000_POP,6.2
2016,Annual,National,SH_DTH_NCOM,Issyk-Kul,Non-communicable disease: Diabetes,PER_100000_POP,7.0
2017,Annual,National,SH_DTH_NCOM,Issyk-Kul,Non-communicable disease: Diabetes,PER_100000_POP,10.4
2018,Annual,National,SH_DTH_NCOM,Issyk-Kul,Non-communicable disease: Diabetes,PER_100000_POP,13.2
2007,Annual,National,SH_DTH_NCOM,Naryn,Non-communicable disease: Diabetes,PER_100000_POP,5.4
2008,Annual,National,SH_DTH_NCOM,Naryn,Non-communicable disease: Diabetes,PER_100000_POP,3.9
2009,Annual,National,SH_DTH_NCOM,Naryn,Non-communicable disease: Diabetes,PER_100000_POP,6.6
2010,Annual,National,SH_DTH_NCOM,Naryn,Non-communicable disease: Diabetes,PER_100000_POP,4.2
2011,Annual,National,SH_DTH_NCOM,Naryn,Non-communicable disease: Diabetes,PER_100000_POP,6.1
2012,Annual,National,SH_DTH_NCOM,Naryn,Non-communicable disease: Diabetes,PER_100000_POP,3.8
2013,Annual,National,SH_DTH_NCOM,Naryn,Non-communicable disease: Diabetes,PER_100000_POP,3.7
2014,Annual,National,SH_DTH_NCOM,Naryn,Non-communicable disease: Diabetes,PER_100000_POP,7.0
2015,Annual,National,SH_DTH_NCOM,Naryn,Non-communicable disease: Diabetes,PER_100000_POP,4.7
2016,Annual,National,SH_DTH_NCOM,Naryn,Non-communicable disease: Diabetes,PER_100000_POP,5.0
2017,Annual,National,SH_DTH_NCOM,Naryn,Non-communicable disease: Diabetes,PER_100000_POP,3.9
2018,Annual,National,SH_DTH_NCOM,Naryn,Non-communicable disease: Diabetes,PER_100000_POP,7.4
2007,Annual,National,SH_DTH_NCOM,Osh,Non-communicable disease: Diabetes,PER_100000_POP,6.5
2008,Annual,National,SH_DTH_NCOM,Osh,Non-communicable disease: Diabetes,PER_100000_POP,5.4
2009,Annual,National,SH_DTH_NCOM,Osh,Non-communicable disease: Diabetes,PER_100000_POP,5.6
2010,Annual,National,SH_DTH_NCOM,Osh,Non-communicable disease: Diabetes,PER_100000_POP,5.2
2011,Annual,National,SH_DTH_NCOM,Osh,Non-communicable disease: Diabetes,PER_100000_POP,4.7
2012,Annual,National,SH_DTH_NCOM,Osh,Non-communicable disease: Diabetes,PER_100000_POP,4.7
2013,Annual,National,SH_DTH_NCOM,Osh,Non-communicable disease: Diabetes,PER_100000_POP,4.8
2014,Annual,National,SH_DTH_NCOM,Osh,Non-communicable disease: Diabetes,PER_100000_POP,5.1
2015,Annual,National,SH_DTH_NCOM,Osh,Non-communicable disease: Diabetes,PER_100000_POP,5.7
2016,Annual,National,SH_DTH_NCOM,Osh,Non-communicable disease: Diabetes,PER_100000_POP,5.5
2017,Annual,National,SH_DTH_NCOM,Osh,Non-communicable disease: Diabetes,PER_100000_POP,6.1
2018,Annual,National,SH_DTH_NCOM,Osh,Non-communicable disease: Diabetes,PER_100000_POP,6.6
2007,Annual,National,SH_DTH_NCOM,Talas,Non-communicable disease: Diabetes,PER_100000_POP,7.6
2008,Annual,National,SH_DTH_NCOM,Talas,Non-communicable disease: Diabetes,PER_100000_POP,7.6
2009,Annual,National,SH_DTH_NCOM,Talas,Non-communicable disease: Diabetes,PER_100000_POP,10.1
2010,Annual,National,SH_DTH_NCOM,Talas,Non-communicable disease: Diabetes,PER_100000_POP,5.2
2011,Annual,National,SH_DTH_NCOM,Talas,Non-communicable disease: Diabetes,PER_100000_POP,3.0
2012,Annual,National,SH_DTH_NCOM,Talas,Non-communicable disease: Diabetes,PER_100000_POP,4.2
2013,Annual,National,SH_DTH_NCOM,Talas,Non-communicable disease: Diabetes,PER_100000_POP,6.2
2014,Annual,National,SH_DTH_NCOM,Talas,Non-communicable disease: Diabetes,PER_100000_POP,4.9
2015,Annual,National,SH_DTH_NCOM,Talas,Non-communicable disease: Diabetes,PER_100000_POP,0.8
2016,Annual,National,SH_DTH_NCOM,Talas,Non-communicable disease: Diabetes,PER_100000_POP,2.8
2017,Annual,National,SH_DTH_NCOM,Talas,Non-communicable disease: Diabetes,PER_100000_POP,3.5
2018,Annual,National,SH_DTH_NCOM,Talas,Non-communicable disease: Diabetes,PER_100000_POP,3.1
2007,Annual,National,SH_DTH_NCOM,Chui,Non-communicable disease: Diabetes,PER_100000_POP,7.7
2008,Annual,National,SH_DTH_NCOM,Chui,Non-communicable disease: Diabetes,PER_100000_POP,7.9
2009,Annual,National,SH_DTH_NCOM,Chui,Non-communicable disease: Diabetes,PER_100000_POP,4.7
2010,Annual,National,SH_DTH_NCOM,Chui,Non-communicable disease: Diabetes,PER_100000_POP,5.7
2011,Annual,National,SH_DTH_NCOM,Chui,Non-communicable disease: Diabetes,PER_100000_POP,7.2
2012,Annual,National,SH_DTH_NCOM,Chui,Non-communicable disease: Diabetes,PER_100000_POP,4.8
2013,Annual,National,SH_DTH_NCOM,Chui,Non-communicable disease: Diabetes,PER_100000_POP,7.9
2014,Annual,National,SH_DTH_NCOM,Chui,Non-communicable disease: Diabetes,PER_100000_POP,9.5
2015,Annual,National,SH_DTH_NCOM,Chui,Non-communicable disease: Diabetes,PER_100000_POP,7.4
2016,Annual,National,SH_DTH_NCOM,Chui,Non-communicable disease: Diabetes,PER_100000_POP,8.6
2017,Annual,National,SH_DTH_NCOM,Chui,Non-communicable disease: Diabetes,PER_100000_POP,6.6
2018,Annual,National,SH_DTH_NCOM,Chui,Non-communicable disease: Diabetes,PER_100000_POP,7.2
2007,Annual,National,SH_DTH_NCOM,Bishkek (city),Non-communicable disease: Diabetes,PER_100000_POP,4.0
2008,Annual,National,SH_DTH_NCOM,Bishkek (city),Non-communicable disease: Diabetes,PER_100000_POP,5.2
2009,Annual,National,SH_DTH_NCOM,Bishkek (city),Non-communicable disease: Diabetes,PER_100000_POP,4.6
2010,Annual,National,SH_DTH_NCOM,Bishkek (city),Non-communicable disease: Diabetes,PER_100000_POP,4.0
2011,Annual,National,SH_DTH_NCOM,Bishkek (city),Non-communicable disease: Diabetes,PER_100000_POP,4.0
2012,Annual,National,SH_DTH_NCOM,Bishkek (city),Non-communicable disease: Diabetes,PER_100000_POP,4.0
2013,Annual,National,SH_DTH_NCOM,Bishkek (city),Non-communicable disease: Diabetes,PER_100000_POP,4.9
2014,Annual,National,SH_DTH_NCOM,Bishkek (city),Non-communicable disease: Diabetes,PER_100000_POP,3.8
2015,Annual,National,SH_DTH_NCOM,Bishkek (city),Non-communicable disease: Diabetes,PER_100000_POP,3.2
2016,Annual,National,SH_DTH_NCOM,Bishkek (city),Non-communicable disease: Diabetes,PER_100000_POP,5.0
2017,Annual,National,SH_DTH_NCOM,Bishkek (city),Non-communicable disease: Diabetes,PER_100000_POP,4.3
2018,Annual,National,SH_DTH_NCOM,Bishkek (city),Non-communicable disease: Diabetes,PER_100000_POP,3.4
2007,Annual,National,SH_DTH_NCOM,Osh (city),Non-communicable disease: Diabetes,PER_100000_POP,9.4
2008,Annual,National,SH_DTH_NCOM,Osh (city),Non-communicable disease: Diabetes,PER_100000_POP,11.7
2009,Annual,National,SH_DTH_NCOM,Osh (city),Non-communicable disease: Diabetes,PER_100000_POP,5.8
2010,Annual,National,SH_DTH_NCOM,Osh (city),Non-communicable disease: Diabetes,PER_100000_POP,6.2
2011,Annual,National,SH_DTH_NCOM,Osh (city),Non-communicable disease: Diabetes,PER_100000_POP,8.6
2012,Annual,National,SH_DTH_NCOM,Osh (city),Non-communicable disease: Diabetes,PER_100000_POP,5.4
2013,Annual,National,SH_DTH_NCOM,Osh (city),Non-communicable disease: Diabetes,PER_100000_POP,13.3
2014,Annual,National,SH_DTH_NCOM,Osh (city),Non-communicable disease: Diabetes,PER_100000_POP,7.8
2015,Annual,National,SH_DTH_NCOM,Osh (city),Non-communicable disease: Diabetes,PER_100000_POP,6.2
2016,Annual,National,SH_DTH_NCOM,Osh (city),Non-communicable disease: Diabetes,PER_100000_POP,9.0
2017,Annual,National,SH_DTH_NCOM,Osh (city),Non-communicable disease: Diabetes,PER_100000_POP,11.9
2018,Annual,National,SH_DTH_NCOM,Osh (city),Non-communicable disease: Diabetes,PER_100000_POP,9.5
2007,Annual,National,SH_DTH_NCOM,,Non-communicable disease: Chronic respiratory disease,PER_100000_POP,39.7
2008,Annual,National,SH_DTH_NCOM,,Non-communicable disease: Chronic respiratory disease,PER_100000_POP,38.5
2009,Annual,National,SH_DTH_NCOM,,Non-communicable disease: Chronic respiratory disease,PER_100000_POP,32.7
2010,Annual,National,SH_DTH_NCOM,,Non-communicable disease: Chronic respiratory disease,PER_100000_POP,30.4
2011,Annual,National,SH_DTH_NCOM,,Non-communicable disease: Chronic respiratory disease,PER_100000_POP,27.1
2012,Annual,National,SH_DTH_NCOM,,Non-communicable disease: Chronic respiratory disease,PER_100000_POP,26.1
2013,Annual,National,SH_DTH_NCOM,,Non-communicable disease: Chronic respiratory disease,PER_100000_POP,21.2
2014,Annual,National,SH_DTH_NCOM,,Non-communicable disease: Chronic respiratory disease,PER_100000_POP,21.6
2015,Annual,National,SH_DTH_NCOM,,Non-communicable disease: Chronic respiratory disease,PER_100000_POP,18.9
2016,Annual,National,SH_DTH_NCOM,,Non-communicable disease: Chronic respiratory disease,PER_100000_POP,19.0
2017,Annual,National,SH_DTH_NCOM,,Non-communicable disease: Chronic respiratory disease,PER_100000_POP,17.6
2018,Annual,National,SH_DTH_NCOM,,Non-communicable disease: Chronic respiratory disease,PER_100000_POP,16.3
2007,Annual,National,SH_DTH_NCOM,Batken,Non-communicable disease: Chronic respiratory disease,PER_100000_POP,43.2
2008,Annual,National,SH_DTH_NCOM,Batken,Non-communicable disease: Chronic respiratory disease,PER_100000_POP,45.0
2009,Annual,National,SH_DTH_NCOM,Batken,Non-communicable disease: Chronic respiratory disease,PER_100000_POP,36.7
2010,Annual,National,SH_DTH_NCOM,Batken,Non-communicable disease: Chronic respiratory disease,PER_100000_POP,31.1
2011,Annual,National,SH_DTH_NCOM,Batken,Non-communicable disease: Chronic respiratory disease,PER_100000_POP,28.3
2012,Annual,National,SH_DTH_NCOM,Batken,Non-communicable disease: Chronic respiratory disease,PER_100000_POP,15.0
2013,Annual,National,SH_DTH_NCOM,Batken,Non-communicable disease: Chronic respiratory disease,PER_100000_POP,16.2
2014,Annual,National,SH_DTH_NCOM,Batken,Non-communicable disease: Chronic respiratory disease,PER_100000_POP,15.6
2015,Annual,National,SH_DTH_NCOM,Batken,Non-communicable disease: Chronic respiratory disease,PER_100000_POP,17.3
2016,Annual,National,SH_DTH_NCOM,Batken,Non-communicable disease: Chronic respiratory disease,PER_100000_POP,16.5
2017,Annual,National,SH_DTH_NCOM,Batken,Non-communicable disease: Chronic respiratory disease,PER_100000_POP,16.9
2018,Annual,National,SH_DTH_NCOM,Batken,Non-communicable disease: Chronic respiratory disease,PER_100000_POP,14.2
2007,Annual,National,SH_DTH_NCOM,Jalal-Abad,Non-communicable disease: Chronic respiratory disease,PER_100000_POP,29.6
2008,Annual,National,SH_DTH_NCOM,Jalal-Abad,Non-communicable disease: Chronic respiratory disease,PER_100000_POP,31.4
2009,Annual,National,SH_DTH_NCOM,Jalal-Abad,Non-communicable disease: Chronic respiratory disease,PER_100000_POP,27.4
2010,Annual,National,SH_DTH_NCOM,Jalal-Abad,Non-communicable disease: Chronic respiratory disease,PER_100000_POP,27.0
2011,Annual,National,SH_DTH_NCOM,Jalal-Abad,Non-communicable disease: Chronic respiratory disease,PER_100000_POP,20.4
2012,Annual,National,SH_DTH_NCOM,Jalal-Abad,Non-communicable disease: Chronic respiratory disease,PER_100000_POP,21.0
2013,Annual,National,SH_DTH_NCOM,Jalal-Abad,Non-communicable disease: Chronic respiratory disease,PER_100000_POP,17.2
2014,Annual,National,SH_DTH_NCOM,Jalal-Abad,Non-communicable disease: Chronic respiratory disease,PER_100000_POP,22.9
2015,Annual,National,SH_DTH_NCOM,Jalal-Abad,Non-communicable disease: Chronic respiratory disease,PER_100000_POP,20.4
2016,Annual,National,SH_DTH_NCOM,Jalal-Abad,Non-communicable disease: Chronic respiratory disease,PER_100000_POP,15.9
2017,Annual,National,SH_DTH_NCOM,Jalal-Abad,Non-communicable disease: Chronic respiratory disease,PER_100000_POP,16.0
2018,Annual,National,SH_DTH_NCOM,Jalal-Abad,Non-communicable disease: Chronic respiratory disease,PER_100000_POP,16.2
2007,Annual,National,SH_DTH_NCOM,Issyk-Kul,Non-communicable disease: Chronic respiratory disease,PER_100000_POP,91.7
2008,Annual,National,SH_DTH_NCOM,Issyk-Kul,Non-communicable disease: Chronic respiratory disease,PER_100000_POP,91.4
2009,Annual,National,SH_DTH_NCOM,Issyk-Kul,Non-communicable disease: Chronic respiratory disease,PER_100000_POP,73.3
2010,Annual,National,SH_DTH_NCOM,Issyk-Kul,Non-communicable disease: Chronic respiratory disease,PER_100000_POP,70.2
2011,Annual,National,SH_DTH_NCOM,Issyk-Kul,Non-communicable disease: Chronic respiratory disease,PER_100000_POP,63.0
2012,Annual,National,SH_DTH_NCOM,Issyk-Kul,Non-communicable disease: Chronic respiratory disease,PER_100000_POP,67.7
2013,Annual,National,SH_DTH_NCOM,Issyk-Kul,Non-communicable disease: Chronic respiratory disease,PER_100000_POP,51.5
2014,Annual,National,SH_DTH_NCOM,Issyk-Kul,Non-communicable disease: Chronic respiratory disease,PER_100000_POP,46.2
2015,Annual,National,SH_DTH_NCOM,Issyk-Kul,Non-communicable disease: Chronic respiratory disease,PER_100000_POP,40.9
2016,Annual,National,SH_DTH_NCOM,Issyk-Kul,Non-communicable disease: Chronic respiratory disease,PER_100000_POP,45.8
2017,Annual,National,SH_DTH_NCOM,Issyk-Kul,Non-communicable disease: Chronic respiratory disease,PER_100000_POP,43.8
2018,Annual,National,SH_DTH_NCOM,Issyk-Kul,Non-communicable disease: Chronic respiratory disease,PER_100000_POP,34.5
2007,Annual,National,SH_DTH_NCOM,Naryn,Non-communicable disease: Chronic respiratory disease,PER_100000_POP,105.8
2008,Annual,National,SH_DTH_NCOM,Naryn,Non-communicable disease: Chronic respiratory disease,PER_100000_POP,101.9
2009,Annual,National,SH_DTH_NCOM,Naryn,Non-communicable disease: Chronic respiratory disease,PER_100000_POP,88.7
2010,Annual,National,SH_DTH_NCOM,Naryn,Non-communicable disease: Chronic respiratory disease,PER_100000_POP,83.6
2011,Annual,National,SH_DTH_NCOM,Naryn,Non-communicable disease: Chronic respiratory disease,PER_100000_POP,78.5
2012,Annual,National,SH_DTH_NCOM,Naryn,Non-communicable disease: Chronic respiratory disease,PER_100000_POP,88.9
2013,Annual,National,SH_DTH_NCOM,Naryn,Non-communicable disease: Chronic respiratory disease,PER_100000_POP,82.3
2014,Annual,National,SH_DTH_NCOM,Naryn,Non-communicable disease: Chronic respiratory disease,PER_100000_POP,75.5
2015,Annual,National,SH_DTH_NCOM,Naryn,Non-communicable disease: Chronic respiratory disease,PER_100000_POP,63.4
2016,Annual,National,SH_DTH_NCOM,Naryn,Non-communicable disease: Chronic respiratory disease,PER_100000_POP,61.9
2017,Annual,National,SH_DTH_NCOM,Naryn,Non-communicable disease: Chronic respiratory disease,PER_100000_POP,47.4
2018,Annual,National,SH_DTH_NCOM,Naryn,Non-communicable disease: Chronic respiratory disease,PER_100000_POP,40.3
2007,Annual,National,SH_DTH_NCOM,Osh,Non-communicable disease: Chronic respiratory disease,PER_100000_POP,39.5
2008,Annual,National,SH_DTH_NCOM,Osh,Non-communicable disease: Chronic respiratory disease,PER_100000_POP,40.1
2009,Annual,National,SH_DTH_NCOM,Osh,Non-communicable disease: Chronic respiratory disease,PER_100000_POP,36.4
2010,Annual,National,SH_DTH_NCOM,Osh,Non-communicable disease: Chronic respiratory disease,PER_100000_POP,35.1
2011,Annual,National,SH_DTH_NCOM,Osh,Non-communicable disease: Chronic respiratory disease,PER_100000_POP,29.3
2012,Annual,National,SH_DTH_NCOM,Osh,Non-communicable disease: Chronic respiratory disease,PER_100000_POP,25.7
2013,Annual,National,SH_DTH_NCOM,Osh,Non-communicable disease: Chronic respiratory disease,PER_100000_POP,20.8
2014,Annual,National,SH_DTH_NCOM,Osh,Non-communicable disease: Chronic respiratory disease,PER_100000_POP,22.2
2015,Annual,National,SH_DTH_NCOM,Osh,Non-communicable disease: Chronic respiratory disease,PER_100000_POP,17.9
2016,Annual,National,SH_DTH_NCOM,Osh,Non-communicable disease: Chronic respiratory disease,PER_100000_POP,20.3
2017,Annual,National,SH_DTH_NCOM,Osh,Non-communicable disease: Chronic respiratory disease,PER_100000_POP,17.2
2018,Annual,National,SH_DTH_NCOM,Osh,Non-communicable disease: Chronic respiratory disease,PER_100000_POP,18.6
2007,Annual,National,SH_DTH_NCOM,Talas,Non-communicable disease: Chronic respiratory disease,PER_100000_POP,26.0
2008,Annual,National,SH_DTH_NCOM,Talas,Non-communicable disease: Chronic respiratory disease,PER_100000_POP,20.4
2009,Annual,National,SH_DTH_NCOM,Talas,Non-communicable disease: Chronic respiratory disease,PER_100000_POP,17.1
2010,Annual,National,SH_DTH_NCOM,Talas,Non-communicable disease: Chronic respiratory disease,PER_100000_POP,15.2
2011,Annual,National,SH_DTH_NCOM,Talas,Non-communicable disease: Chronic respiratory disease,PER_100000_POP,17.6
2012,Annual,National,SH_DTH_NCOM,Talas,Non-communicable disease: Chronic respiratory disease,PER_100000_POP,29.1
2013,Annual,National,SH_DTH_NCOM,Talas,Non-communicable disease: Chronic respiratory disease,PER_100000_POP,14.5
2014,Annual,National,SH_DTH_NCOM,Talas,Non-communicable disease: Chronic respiratory disease,PER_100000_POP,17.5
2015,Annual,National,SH_DTH_NCOM,Talas,Non-communicable disease: Chronic respiratory disease,PER_100000_POP,14.4
2016,Annual,National,SH_DTH_NCOM,Talas,Non-communicable disease: Chronic respiratory disease,PER_100000_POP,13.8
2017,Annual,National,SH_DTH_NCOM,Talas,Non-communicable disease: Chronic respiratory disease,PER_100000_POP,12.1
2018,Annual,National,SH_DTH_NCOM,Talas,Non-communicable disease: Chronic respiratory disease,PER_100000_POP,13.0
2007,Annual,National,SH_DTH_NCOM,Chui,Non-communicable disease: Chronic respiratory disease,PER_100000_POP,38.0
2008,Annual,National,SH_DTH_NCOM,Chui,Non-communicable disease: Chronic respiratory disease,PER_100000_POP,32.8
2009,Annual,National,SH_DTH_NCOM,Chui,Non-communicable disease: Chronic respiratory disease,PER_100000_POP,24.7
2010,Annual,National,SH_DTH_NCOM,Chui,Non-communicable disease: Chronic respiratory disease,PER_100000_POP,21.7
2011,Annual,National,SH_DTH_NCOM,Chui,Non-communicable disease: Chronic respiratory disease,PER_100000_POP,24.3
2012,Annual,National,SH_DTH_NCOM,Chui,Non-communicable disease: Chronic respiratory disease,PER_100000_POP,19.1
2013,Annual,National,SH_DTH_NCOM,Chui,Non-communicable disease: Chronic respiratory disease,PER_100000_POP,16.9
2014,Annual,National,SH_DTH_NCOM,Chui,Non-communicable disease: Chronic respiratory disease,PER_100000_POP,13.5
2015,Annual,National,SH_DTH_NCOM,Chui,Non-communicable disease: Chronic respiratory disease,PER_100000_POP,12.7
2016,Annual,National,SH_DTH_NCOM,Chui,Non-communicable disease: Chronic respiratory disease,PER_100000_POP,14.2
2017,Annual,National,SH_DTH_NCOM,Chui,Non-communicable disease: Chronic respiratory disease,PER_100000_POP,14.7
2018,Annual,National,SH_DTH_NCOM,Chui,Non-communicable disease: Chronic respiratory disease,PER_100000_POP,13.6
2007,Annual,National,SH_DTH_NCOM,Bishkek (city),Non-communicable disease: Chronic respiratory disease,PER_100000_POP,12.0
2008,Annual,National,SH_DTH_NCOM,Bishkek (city),Non-communicable disease: Chronic respiratory disease,PER_100000_POP,9.2
2009,Annual,National,SH_DTH_NCOM,Bishkek (city),Non-communicable disease: Chronic respiratory disease,PER_100000_POP,8.7
2010,Annual,National,SH_DTH_NCOM,Bishkek (city),Non-communicable disease: Chronic respiratory disease,PER_100000_POP,7.6
2011,Annual,National,SH_DTH_NCOM,Bishkek (city),Non-communicable disease: Chronic respiratory disease,PER_100000_POP,6.8
2012,Annual,National,SH_DTH_NCOM,Bishkek (city),Non-communicable disease: Chronic respiratory disease,PER_100000_POP,7.0
2013,Annual,National,SH_DTH_NCOM,Bishkek (city),Non-communicable disease: Chronic respiratory disease,PER_100000_POP,4.9
2014,Annual,National,SH_DTH_NCOM,Bishkek (city),Non-communicable disease: Chronic respiratory disease,PER_100000_POP,6.5
2015,Annual,National,SH_DTH_NCOM,Bishkek (city),Non-communicable disease: Chronic respiratory disease,PER_100000_POP,5.2
2016,Annual,National,SH_DTH_NCOM,Bishkek (city),Non-communicable disease: Chronic respiratory disease,PER_100000_POP,4.8
2017,Annual,National,SH_DTH_NCOM,Bishkek (city),Non-communicable disease: Chronic respiratory disease,PER_100000_POP,4.3
2018,Annual,National,SH_DTH_NCOM,Bishkek (city),Non-communicable disease: Chronic respiratory disease,PER_100000_POP,5.0
2007,Annual,National,SH_DTH_NCOM,Osh (city),Non-communicable disease: Chronic respiratory disease,PER_100000_POP,23.8
2008,Annual,National,SH_DTH_NCOM,Osh (city),Non-communicable disease: Chronic respiratory disease,PER_100000_POP,23.3
2009,Annual,National,SH_DTH_NCOM,Osh (city),Non-communicable disease: Chronic respiratory disease,PER_100000_POP,22.0
2010,Annual,National,SH_DTH_NCOM,Osh (city),Non-communicable disease: Chronic respiratory disease,PER_100000_POP,17.1
2011,Annual,National,SH_DTH_NCOM,Osh (city),Non-communicable disease: Chronic respiratory disease,PER_100000_POP,12.9
2012,Annual,National,SH_DTH_NCOM,Osh (city),Non-communicable disease: Chronic respiratory disease,PER_100000_POP,15.1
2013,Annual,National,SH_DTH_NCOM,Osh (city),Non-communicable disease: Chronic respiratory disease,PER_100000_POP,8.4
2014,Annual,National,SH_DTH_NCOM,Osh (city),Non-communicable disease: Chronic respiratory disease,PER_100000_POP,10.1
2015,Annual,National,SH_DTH_NCOM,Osh (city),Non-communicable disease: Chronic respiratory disease,PER_100000_POP,9.9
2016,Annual,National,SH_DTH_NCOM,Osh (city),Non-communicable disease: Chronic respiratory disease,PER_100000_POP,11.1
2017,Annual,National,SH_DTH_NCOM,Osh (city),Non-communicable disease: Chronic respiratory disease,PER_100000_POP,13.0
2018,Annual,National,SH_DTH_NCOM,Osh (city),Non-communicable disease: Chronic respiratory disease,PER_100000_POP,7.1
