Year,Frequency of observation,Reporting type,SDG Series,Reference area,Unit of measure,Value
2007,Annual,National,Suicide mortality rate,Kyrgyzstan,"Per 100,000 population",9.2
2008,Annual,National,Suicide mortality rate,Kyrgyzstan,"Per 100,000 population",8.9
2009,Annual,National,Suicide mortality rate,Kyrgyzstan,"Per 100,000 population",8.5
2010,Annual,National,Suicide mortality rate,Kyrgyzstan,"Per 100,000 population",9.2
2011,Annual,National,Suicide mortality rate,Kyrgyzstan,"Per 100,000 population",8.5
2012,Annual,National,Suicide mortality rate,Kyrgyzstan,"Per 100,000 population",9.3
2013,Annual,National,Suicide mortality rate,Kyrgyzstan,"Per 100,000 population",7.8
2014,Annual,National,Suicide mortality rate,Kyrgyzstan,"Per 100,000 population",7.9
2015,Annual,National,Suicide mortality rate,Kyrgyzstan,"Per 100,000 population",7.0
2016,Annual,National,Suicide mortality rate,Kyrgyzstan,"Per 100,000 population",6.9
2017,Annual,National,Suicide mortality rate,Kyrgyzstan,"Per 100,000 population",6.3
2018,Annual,National,Suicide mortality rate,Kyrgyzstan,"Per 100,000 population",6.0
2007,Annual,National,Suicide mortality rate,Batken,"Per 100,000 population",6.6
2008,Annual,National,Suicide mortality rate,Batken,"Per 100,000 population",8.5
2009,Annual,National,Suicide mortality rate,Batken,"Per 100,000 population",7.4
2010,Annual,National,Suicide mortality rate,Batken,"Per 100,000 population",6.4
2011,Annual,National,Suicide mortality rate,Batken,"Per 100,000 population",8.5
2012,Annual,National,Suicide mortality rate,Batken,"Per 100,000 population",9.7
2013,Annual,National,Suicide mortality rate,Batken,"Per 100,000 population",6.9
2014,Annual,National,Suicide mortality rate,Batken,"Per 100,000 population",6.1
2015,Annual,National,Suicide mortality rate,Batken,"Per 100,000 population",8.2
2016,Annual,National,Suicide mortality rate,Batken,"Per 100,000 population",5.8
2017,Annual,National,Suicide mortality rate,Batken,"Per 100,000 population",6.1
2018,Annual,National,Suicide mortality rate,Batken,"Per 100,000 population",7.5
2007,Annual,National,Suicide mortality rate,Jalal-Abad,"Per 100,000 population",5.7
2008,Annual,National,Suicide mortality rate,Jalal-Abad,"Per 100,000 population",4.7
2009,Annual,National,Suicide mortality rate,Jalal-Abad,"Per 100,000 population",2.4
2010,Annual,National,Suicide mortality rate,Jalal-Abad,"Per 100,000 population",1.5
2011,Annual,National,Suicide mortality rate,Jalal-Abad,"Per 100,000 population",2.3
2012,Annual,National,Suicide mortality rate,Jalal-Abad,"Per 100,000 population",3.8
2013,Annual,National,Suicide mortality rate,Jalal-Abad,"Per 100,000 population",2.8
2014,Annual,National,Suicide mortality rate,Jalal-Abad,"Per 100,000 population",3.9
2015,Annual,National,Suicide mortality rate,Jalal-Abad,"Per 100,000 population",2.7
2016,Annual,National,Suicide mortality rate,Jalal-Abad,"Per 100,000 population",2.9
2017,Annual,National,Suicide mortality rate,Jalal-Abad,"Per 100,000 population",1.4
2018,Annual,National,Suicide mortality rate,Jalal-Abad,"Per 100,000 population",1.5
2007,Annual,National,Suicide mortality rate,Issyk-Kul,"Per 100,000 population",20.0
2008,Annual,National,Suicide mortality rate,Issyk-Kul,"Per 100,000 population",21.5
2009,Annual,National,Suicide mortality rate,Issyk-Kul,"Per 100,000 population",21.2
2010,Annual,National,Suicide mortality rate,Issyk-Kul,"Per 100,000 population",23.0
2011,Annual,National,Suicide mortality rate,Issyk-Kul,"Per 100,000 population",22.0
2012,Annual,National,Suicide mortality rate,Issyk-Kul,"Per 100,000 population",25.1
2013,Annual,National,Suicide mortality rate,Issyk-Kul,"Per 100,000 population",19.1
2014,Annual,National,Suicide mortality rate,Issyk-Kul,"Per 100,000 population",21.0
2015,Annual,National,Suicide mortality rate,Issyk-Kul,"Per 100,000 population",17.6
2016,Annual,National,Suicide mortality rate,Issyk-Kul,"Per 100,000 population",15.6
2017,Annual,National,Suicide mortality rate,Issyk-Kul,"Per 100,000 population",15.0
2018,Annual,National,Suicide mortality rate,Issyk-Kul,"Per 100,000 population",19.5
2007,Annual,National,Suicide mortality rate,Naryn,"Per 100,000 population",14.8
2008,Annual,National,Suicide mortality rate,Naryn,"Per 100,000 population",16.3
2009,Annual,National,Suicide mortality rate,Naryn,"Per 100,000 population",15.5
2010,Annual,National,Suicide mortality rate,Naryn,"Per 100,000 population",19.2
2011,Annual,National,Suicide mortality rate,Naryn,"Per 100,000 population",16.7
2012,Annual,National,Suicide mortality rate,Naryn,"Per 100,000 population",14.6
2013,Annual,National,Suicide mortality rate,Naryn,"Per 100,000 population",13.0
2014,Annual,National,Suicide mortality rate,Naryn,"Per 100,000 population",17.2
2015,Annual,National,Suicide mortality rate,Naryn,"Per 100,000 population",13.8
2016,Annual,National,Suicide mortality rate,Naryn,"Per 100,000 population",13.2
2017,Annual,National,Suicide mortality rate,Naryn,"Per 100,000 population",15.2
2018,Annual,National,Suicide mortality rate,Naryn,"Per 100,000 population",10.2
2007,Annual,National,Suicide mortality rate,Osh,"Per 100,000 population",4.6
2008,Annual,National,Suicide mortality rate,Osh,"Per 100,000 population",4.4
2009,Annual,National,Suicide mortality rate,Osh,"Per 100,000 population",4.5
2010,Annual,National,Suicide mortality rate,Osh,"Per 100,000 population",4.2
2011,Annual,National,Suicide mortality rate,Osh,"Per 100,000 population",4.7
2012,Annual,National,Suicide mortality rate,Osh,"Per 100,000 population",5.3
2013,Annual,National,Suicide mortality rate,Osh,"Per 100,000 population",6.2
2014,Annual,National,Suicide mortality rate,Osh,"Per 100,000 population",5.8
2015,Annual,National,Suicide mortality rate,Osh,"Per 100,000 population",4.4
2016,Annual,National,Suicide mortality rate,Osh,"Per 100,000 population",3.9
2017,Annual,National,Suicide mortality rate,Osh,"Per 100,000 population",3.8
2018,Annual,National,Suicide mortality rate,Osh,"Per 100,000 population",2.9
2007,Annual,National,Suicide mortality rate,Talas,"Per 100,000 population",4.9
2008,Annual,National,Suicide mortality rate,Talas,"Per 100,000 population",4.0
2009,Annual,National,Suicide mortality rate,Talas,"Per 100,000 population",7.5
2010,Annual,National,Suicide mortality rate,Talas,"Per 100,000 population",7.8
2011,Annual,National,Suicide mortality rate,Talas,"Per 100,000 population",5.1
2012,Annual,National,Suicide mortality rate,Talas,"Per 100,000 population",5.1
2013,Annual,National,Suicide mortality rate,Talas,"Per 100,000 population",12.4
2014,Annual,National,Suicide mortality rate,Talas,"Per 100,000 population",6.1
2015,Annual,National,Suicide mortality rate,Talas,"Per 100,000 population",8.4
2016,Annual,National,Suicide mortality rate,Talas,"Per 100,000 population",4.3
2017,Annual,National,Suicide mortality rate,Talas,"Per 100,000 population",3.1
2018,Annual,National,Suicide mortality rate,Talas,"Per 100,000 population",3.8
2007,Annual,National,Suicide mortality rate,Chui,"Per 100,000 population",15.8
2008,Annual,National,Suicide mortality rate,Chui,"Per 100,000 population",17.9
2009,Annual,National,Suicide mortality rate,Chui,"Per 100,000 population",17.8
2010,Annual,National,Suicide mortality rate,Chui,"Per 100,000 population",20.1
2011,Annual,National,Suicide mortality rate,Chui,"Per 100,000 population",17.2
2012,Annual,National,Suicide mortality rate,Chui,"Per 100,000 population",20.5
2013,Annual,National,Suicide mortality rate,Chui,"Per 100,000 population",14.2
2014,Annual,National,Suicide mortality rate,Chui,"Per 100,000 population",14.4
2015,Annual,National,Suicide mortality rate,Chui,"Per 100,000 population",13.8
2016,Annual,National,Suicide mortality rate,Chui,"Per 100,000 population",16.7
2017,Annual,National,Suicide mortality rate,Chui,"Per 100,000 population",15.2
2018,Annual,National,Suicide mortality rate,Chui,"Per 100,000 population",13.7
2007,Annual,National,Suicide mortality rate,Bishkek (city),"Per 100,000 population",10.3
2008,Annual,National,Suicide mortality rate,Bishkek (city),"Per 100,000 population",5.3
2009,Annual,National,Suicide mortality rate,Bishkek (city),"Per 100,000 population",5.7
2010,Annual,National,Suicide mortality rate,Bishkek (city),"Per 100,000 population",8.6
2011,Annual,National,Suicide mortality rate,Bishkek (city),"Per 100,000 population",6.5
2012,Annual,National,Suicide mortality rate,Bishkek (city),"Per 100,000 population",4.2
2013,Annual,National,Suicide mortality rate,Bishkek (city),"Per 100,000 population",3.8
2014,Annual,National,Suicide mortality rate,Bishkek (city),"Per 100,000 population",3.2
2015,Annual,National,Suicide mortality rate,Bishkek (city),"Per 100,000 population",2.5
2016,Annual,National,Suicide mortality rate,Bishkek (city),"Per 100,000 population",2.8
2017,Annual,National,Suicide mortality rate,Bishkek (city),"Per 100,000 population",2.4
2018,Annual,National,Suicide mortality rate,Bishkek (city),"Per 100,000 population",1.8
2007,Annual,National,Suicide mortality rate,Osh (city),"Per 100,000 population",2.3
2008,Annual,National,Suicide mortality rate,Osh (city),"Per 100,000 population",3.9
2009,Annual,National,Suicide mortality rate,Osh (city),"Per 100,000 population",4.3
2010,Annual,National,Suicide mortality rate,Osh (city),"Per 100,000 population",1.6
2011,Annual,National,Suicide mortality rate,Osh (city),"Per 100,000 population",1.6
2012,Annual,National,Suicide mortality rate,Osh (city),"Per 100,000 population",2.7
2013,Annual,National,Suicide mortality rate,Osh (city),"Per 100,000 population",1.1
2014,Annual,National,Suicide mortality rate,Osh (city),"Per 100,000 population",2.2
2015,Annual,National,Suicide mortality rate,Osh (city),"Per 100,000 population",1.8
2016,Annual,National,Suicide mortality rate,Osh (city),"Per 100,000 population",2.5
2017,Annual,National,Suicide mortality rate,Osh (city),"Per 100,000 population",2.5
2018,Annual,National,Suicide mortality rate,Osh (city),"Per 100,000 population",1.7
