Year,Frequency of observation,Reporting type,Series,Reference area,Sex,Age,Composite breakdown,Units,Value
2005,Annual,National,Number of children and adolescents 7-17 years old who did not start studies in general education organizations,Kyrgyzstan,Male,7 to 17 years old,,Number,2331
2006,Annual,National,Number of children and adolescents 7-17 years old who did not start studies in general education organizations,Kyrgyzstan,Male,7 to 17 years old,,Number,2083
2007,Annual,National,Number of children and adolescents 7-17 years old who did not start studies in general education organizations,Kyrgyzstan,Male,7 to 17 years old,,Number,2050
2008,Annual,National,Number of children and adolescents 7-17 years old who did not start studies in general education organizations,Kyrgyzstan,Male,7 to 17 years old,,Number,1833
2009,Annual,National,Number of children and adolescents 7-17 years old who did not start studies in general education organizations,Kyrgyzstan,Male,7 to 17 years old,,Number,1813
2010,Annual,National,Number of children and adolescents 7-17 years old who did not start studies in general education organizations,Kyrgyzstan,Male,7 to 17 years old,,Number,2178
2011,Annual,National,Number of children and adolescents 7-17 years old who did not start studies in general education organizations,Kyrgyzstan,Male,7 to 17 years old,,Number,2406
2012,Annual,National,Number of children and adolescents 7-17 years old who did not start studies in general education organizations,Kyrgyzstan,Male,7 to 17 years old,,Number,1920
2013,Annual,National,Number of children and adolescents 7-17 years old who did not start studies in general education organizations,Kyrgyzstan,Male,7 to 17 years old,,Number,1708
2014,Annual,National,Number of children and adolescents 7-17 years old who did not start studies in general education organizations,Kyrgyzstan,Male,7 to 17 years old,,Number,1453
2015,Annual,National,Number of children and adolescents 7-17 years old who did not start studies in general education organizations,Kyrgyzstan,Male,7 to 17 years old,,Number,1254
2016,Annual,National,Number of children and adolescents 7-17 years old who did not start studies in general education organizations,Kyrgyzstan,Male,7 to 17 years old,,Number,1469
2017,Annual,National,Number of children and adolescents 7-17 years old who did not start studies in general education organizations,Kyrgyzstan,Male,7 to 17 years old,,Number,1464
2018,Annual,National,Number of children and adolescents 7-17 years old who did not start studies in general education organizations,Kyrgyzstan,Male,7 to 17 years old,,Number,1622
2005,Annual,National,Number of children and adolescents 7-17 years old who did not start studies in general education organizations,Kyrgyzstan,Male,7 to 17 years old,Cause: material difficulty,Number,295
2006,Annual,National,Number of children and adolescents 7-17 years old who did not start studies in general education organizations,Kyrgyzstan,Male,7 to 17 years old,Cause: material difficulty,Number,151
2007,Annual,National,Number of children and adolescents 7-17 years old who did not start studies in general education organizations,Kyrgyzstan,Male,7 to 17 years old,Cause: material difficulty,Number,154
2008,Annual,National,Number of children and adolescents 7-17 years old who did not start studies in general education organizations,Kyrgyzstan,Male,7 to 17 years old,Cause: material difficulty,Number,168
2009,Annual,National,Number of children and adolescents 7-17 years old who did not start studies in general education organizations,Kyrgyzstan,Male,7 to 17 years old,Cause: material difficulty,Number,94
2010,Annual,National,Number of children and adolescents 7-17 years old who did not start studies in general education organizations,Kyrgyzstan,Male,7 to 17 years old,Cause: material difficulty,Number,85
2011,Annual,National,Number of children and adolescents 7-17 years old who did not start studies in general education organizations,Kyrgyzstan,Male,7 to 17 years old,Cause: material difficulty,Number,226
2012,Annual,National,Number of children and adolescents 7-17 years old who did not start studies in general education organizations,Kyrgyzstan,Male,7 to 17 years old,Cause: material difficulty,Number,157
2013,Annual,National,Number of children and adolescents 7-17 years old who did not start studies in general education organizations,Kyrgyzstan,Male,7 to 17 years old,Cause: material difficulty,Number,55
2014,Annual,National,Number of children and adolescents 7-17 years old who did not start studies in general education organizations,Kyrgyzstan,Male,7 to 17 years old,Cause: material difficulty,Number,80
2015,Annual,National,Number of children and adolescents 7-17 years old who did not start studies in general education organizations,Kyrgyzstan,Male,7 to 17 years old,Cause: material difficulty,Number,80
2016,Annual,National,Number of children and adolescents 7-17 years old who did not start studies in general education organizations,Kyrgyzstan,Male,7 to 17 years old,Cause: material difficulty,Number,84
2017,Annual,National,Number of children and adolescents 7-17 years old who did not start studies in general education organizations,Kyrgyzstan,Male,7 to 17 years old,Cause: material difficulty,Number,99
2018,Annual,National,Number of children and adolescents 7-17 years old who did not start studies in general education organizations,Kyrgyzstan,Male,7 to 17 years old,Cause: material difficulty,Number,104
2005,Annual,National,Number of children and adolescents 7-17 years old who did not start studies in general education organizations,Kyrgyzstan,Male,7 to 17 years old,Cause: unwillingness of parents,Number,86
2006,Annual,National,Number of children and adolescents 7-17 years old who did not start studies in general education organizations,Kyrgyzstan,Male,7 to 17 years old,Cause: unwillingness of parents,Number,128
2007,Annual,National,Number of children and adolescents 7-17 years old who did not start studies in general education organizations,Kyrgyzstan,Male,7 to 17 years old,Cause: unwillingness of parents,Number,116
2008,Annual,National,Number of children and adolescents 7-17 years old who did not start studies in general education organizations,Kyrgyzstan,Male,7 to 17 years old,Cause: unwillingness of parents,Number,74
2009,Annual,National,Number of children and adolescents 7-17 years old who did not start studies in general education organizations,Kyrgyzstan,Male,7 to 17 years old,Cause: unwillingness of parents,Number,55
2010,Annual,National,Number of children and adolescents 7-17 years old who did not start studies in general education organizations,Kyrgyzstan,Male,7 to 17 years old,Cause: unwillingness of parents,Number,151
2011,Annual,National,Number of children and adolescents 7-17 years old who did not start studies in general education organizations,Kyrgyzstan,Male,7 to 17 years old,Cause: unwillingness of parents,Number,72
2012,Annual,National,Number of children and adolescents 7-17 years old who did not start studies in general education organizations,Kyrgyzstan,Male,7 to 17 years old,Cause: unwillingness of parents,Number,27
2013,Annual,National,Number of children and adolescents 7-17 years old who did not start studies in general education organizations,Kyrgyzstan,Male,7 to 17 years old,Cause: unwillingness of parents,Number,32
2014,Annual,National,Number of children and adolescents 7-17 years old who did not start studies in general education organizations,Kyrgyzstan,Male,7 to 17 years old,Cause: unwillingness of parents,Number,3
2015,Annual,National,Number of children and adolescents 7-17 years old who did not start studies in general education organizations,Kyrgyzstan,Male,7 to 17 years old,Cause: unwillingness of parents,Number,16
2016,Annual,National,Number of children and adolescents 7-17 years old who did not start studies in general education organizations,Kyrgyzstan,Male,7 to 17 years old,Cause: unwillingness of parents,Number,17
2017,Annual,National,Number of children and adolescents 7-17 years old who did not start studies in general education organizations,Kyrgyzstan,Male,7 to 17 years old,Cause: unwillingness of parents,Number,24
2018,Annual,National,Number of children and adolescents 7-17 years old who did not start studies in general education organizations,Kyrgyzstan,Male,7 to 17 years old,Cause: unwillingness of parents,Number,39
2013,Annual,National,Number of children and adolescents 7-17 years old who did not start studies in general education organizations,Kyrgyzstan,Male,7 to 17 years old,"Cause: lack of the necessary documents ( birth certificates, registration)",Number,3
2014,Annual,National,Number of children and adolescents 7-17 years old who did not start studies in general education organizations,Kyrgyzstan,Male,7 to 17 years old,"Cause: lack of the necessary documents ( birth certificates, registration)",Number,1
2015,Annual,National,Number of children and adolescents 7-17 years old who did not start studies in general education organizations,Kyrgyzstan,Male,7 to 17 years old,"Cause: lack of the necessary documents ( birth certificates, registration)",Number,8
2016,Annual,National,Number of children and adolescents 7-17 years old who did not start studies in general education organizations,Kyrgyzstan,Male,7 to 17 years old,"Cause: lack of the necessary documents ( birth certificates, registration)",Number,3
2018,Annual,National,Number of children and adolescents 7-17 years old who did not start studies in general education organizations,Kyrgyzstan,Male,7 to 17 years old,"Cause: lack of the necessary documents ( birth certificates, registration)",Number,4
2005,Annual,National,Number of children and adolescents 7-17 years old who did not start studies in general education organizations,Kyrgyzstan,Male,7 to 17 years old,Cause: for domestic reasons,Number,208
2006,Annual,National,Number of children and adolescents 7-17 years old who did not start studies in general education organizations,Kyrgyzstan,Male,7 to 17 years old,Cause: for domestic reasons,Number,140
2007,Annual,National,Number of children and adolescents 7-17 years old who did not start studies in general education organizations,Kyrgyzstan,Male,7 to 17 years old,Cause: for domestic reasons,Number,175
2008,Annual,National,Number of children and adolescents 7-17 years old who did not start studies in general education organizations,Kyrgyzstan,Male,7 to 17 years old,Cause: for domestic reasons,Number,540
2009,Annual,National,Number of children and adolescents 7-17 years old who did not start studies in general education organizations,Kyrgyzstan,Male,7 to 17 years old,Cause: for domestic reasons,Number,321
2010,Annual,National,Number of children and adolescents 7-17 years old who did not start studies in general education organizations,Kyrgyzstan,Male,7 to 17 years old,Cause: for domestic reasons,Number,287
2011,Annual,National,Number of children and adolescents 7-17 years old who did not start studies in general education organizations,Kyrgyzstan,Male,7 to 17 years old,Cause: for domestic reasons,Number,466
2012,Annual,National,Number of children and adolescents 7-17 years old who did not start studies in general education organizations,Kyrgyzstan,Male,7 to 17 years old,Cause: for domestic reasons,Number,414
2013,Annual,National,Number of children and adolescents 7-17 years old who did not start studies in general education organizations,Kyrgyzstan,Male,7 to 17 years old,Cause: for domestic reasons,Number,147
2014,Annual,National,Number of children and adolescents 7-17 years old who did not start studies in general education organizations,Kyrgyzstan,Male,7 to 17 years old,Cause: for domestic reasons,Number,359
2015,Annual,National,Number of children and adolescents 7-17 years old who did not start studies in general education organizations,Kyrgyzstan,Male,7 to 17 years old,Cause: for domestic reasons,Number,175
2016,Annual,National,Number of children and adolescents 7-17 years old who did not start studies in general education organizations,Kyrgyzstan,Male,7 to 17 years old,Cause: for domestic reasons,Number,287
2017,Annual,National,Number of children and adolescents 7-17 years old who did not start studies in general education organizations,Kyrgyzstan,Male,7 to 17 years old,Cause: for domestic reasons,Number,320
2018,Annual,National,Number of children and adolescents 7-17 years old who did not start studies in general education organizations,Kyrgyzstan,Male,7 to 17 years old,Cause: for domestic reasons,Number,400
2005,Annual,National,Number of children and adolescents 7-17 years old who did not start studies in general education organizations,Kyrgyzstan,Male,7 to 17 years old,Cause: no wishes to learn,Number,222
2006,Annual,National,Number of children and adolescents 7-17 years old who did not start studies in general education organizations,Kyrgyzstan,Male,7 to 17 years old,Cause: no wishes to learn,Number,142
2007,Annual,National,Number of children and adolescents 7-17 years old who did not start studies in general education organizations,Kyrgyzstan,Male,7 to 17 years old,Cause: no wishes to learn,Number,127
2008,Annual,National,Number of children and adolescents 7-17 years old who did not start studies in general education organizations,Kyrgyzstan,Male,7 to 17 years old,Cause: no wishes to learn,Number,123
2009,Annual,National,Number of children and adolescents 7-17 years old who did not start studies in general education organizations,Kyrgyzstan,Male,7 to 17 years old,Cause: no wishes to learn,Number,124
2010,Annual,National,Number of children and adolescents 7-17 years old who did not start studies in general education organizations,Kyrgyzstan,Male,7 to 17 years old,Cause: no wishes to learn,Number,203
2011,Annual,National,Number of children and adolescents 7-17 years old who did not start studies in general education organizations,Kyrgyzstan,Male,7 to 17 years old,Cause: no wishes to learn,Number,131
2012,Annual,National,Number of children and adolescents 7-17 years old who did not start studies in general education organizations,Kyrgyzstan,Male,7 to 17 years old,Cause: no wishes to learn,Number,115
2013,Annual,National,Number of children and adolescents 7-17 years old who did not start studies in general education organizations,Kyrgyzstan,Male,7 to 17 years old,Cause: no wishes to learn,Number,69
2014,Annual,National,Number of children and adolescents 7-17 years old who did not start studies in general education organizations,Kyrgyzstan,Male,7 to 17 years old,Cause: no wishes to learn,Number,61
2015,Annual,National,Number of children and adolescents 7-17 years old who did not start studies in general education organizations,Kyrgyzstan,Male,7 to 17 years old,Cause: no wishes to learn,Number,38
2016,Annual,National,Number of children and adolescents 7-17 years old who did not start studies in general education organizations,Kyrgyzstan,Male,7 to 17 years old,Cause: no wishes to learn,Number,26
2017,Annual,National,Number of children and adolescents 7-17 years old who did not start studies in general education organizations,Kyrgyzstan,Male,7 to 17 years old,Cause: no wishes to learn,Number,29
2018,Annual,National,Number of children and adolescents 7-17 years old who did not start studies in general education organizations,Kyrgyzstan,Male,7 to 17 years old,Cause: no wishes to learn,Number,66
2005,Annual,National,Number of children and adolescents 7-17 years old who did not start studies in general education organizations,Kyrgyzstan,Male,7 to 17 years old,Cause: troubled families,Number,87
2006,Annual,National,Number of children and adolescents 7-17 years old who did not start studies in general education organizations,Kyrgyzstan,Male,7 to 17 years old,Cause: troubled families,Number,65
2007,Annual,National,Number of children and adolescents 7-17 years old who did not start studies in general education organizations,Kyrgyzstan,Male,7 to 17 years old,Cause: troubled families,Number,72
2008,Annual,National,Number of children and adolescents 7-17 years old who did not start studies in general education organizations,Kyrgyzstan,Male,7 to 17 years old,Cause: troubled families,Number,64
2009,Annual,National,Number of children and adolescents 7-17 years old who did not start studies in general education organizations,Kyrgyzstan,Male,7 to 17 years old,Cause: troubled families,Number,15
2010,Annual,National,Number of children and adolescents 7-17 years old who did not start studies in general education organizations,Kyrgyzstan,Male,7 to 17 years old,Cause: troubled families,Number,27
2011,Annual,National,Number of children and adolescents 7-17 years old who did not start studies in general education organizations,Kyrgyzstan,Male,7 to 17 years old,Cause: troubled families,Number,40
2012,Annual,National,Number of children and adolescents 7-17 years old who did not start studies in general education organizations,Kyrgyzstan,Male,7 to 17 years old,Cause: troubled families,Number,23
2013,Annual,National,Number of children and adolescents 7-17 years old who did not start studies in general education organizations,Kyrgyzstan,Male,7 to 17 years old,Cause: troubled families,Number,14
2014,Annual,National,Number of children and adolescents 7-17 years old who did not start studies in general education organizations,Kyrgyzstan,Male,7 to 17 years old,Cause: troubled families,Number,7
2015,Annual,National,Number of children and adolescents 7-17 years old who did not start studies in general education organizations,Kyrgyzstan,Male,7 to 17 years old,Cause: troubled families,Number,8
2016,Annual,National,Number of children and adolescents 7-17 years old who did not start studies in general education organizations,Kyrgyzstan,Male,7 to 17 years old,Cause: troubled families,Number,8
2017,Annual,National,Number of children and adolescents 7-17 years old who did not start studies in general education organizations,Kyrgyzstan,Male,7 to 17 years old,Cause: troubled families,Number,9
2018,Annual,National,Number of children and adolescents 7-17 years old who did not start studies in general education organizations,Kyrgyzstan,Male,7 to 17 years old,Cause: troubled families,Number,12
2005,Annual,National,Number of children and adolescents 7-17 years old who did not start studies in general education organizations,Kyrgyzstan,Male,7 to 17 years old,Cause: lack knowledge of language,Number,11
2006,Annual,National,Number of children and adolescents 7-17 years old who did not start studies in general education organizations,Kyrgyzstan,Male,7 to 17 years old,Cause: lack knowledge of language,Number,9
2007,Annual,National,Number of children and adolescents 7-17 years old who did not start studies in general education organizations,Kyrgyzstan,Male,7 to 17 years old,Cause: lack knowledge of language,Number,1
2008,Annual,National,Number of children and adolescents 7-17 years old who did not start studies in general education organizations,Kyrgyzstan,Male,7 to 17 years old,Cause: lack knowledge of language,Number,3
2009,Annual,National,Number of children and adolescents 7-17 years old who did not start studies in general education organizations,Kyrgyzstan,Male,7 to 17 years old,Cause: lack knowledge of language,Number,16
2010,Annual,National,Number of children and adolescents 7-17 years old who did not start studies in general education organizations,Kyrgyzstan,Male,7 to 17 years old,Cause: lack knowledge of language,Number,9
2011,Annual,National,Number of children and adolescents 7-17 years old who did not start studies in general education organizations,Kyrgyzstan,Male,7 to 17 years old,Cause: lack knowledge of language,Number,4
2012,Annual,National,Number of children and adolescents 7-17 years old who did not start studies in general education organizations,Kyrgyzstan,Male,7 to 17 years old,Cause: lack knowledge of language,Number,4
2013,Annual,National,Number of children and adolescents 7-17 years old who did not start studies in general education organizations,Kyrgyzstan,Male,7 to 17 years old,Cause: lack knowledge of language,Number,6
2018,Annual,National,Number of children and adolescents 7-17 years old who did not start studies in general education organizations,Kyrgyzstan,Male,7 to 17 years old,Cause: lack knowledge of language,Number,0
2014,Annual,National,Number of children and adolescents 7-17 years old who did not start studies in general education organizations,Kyrgyzstan,Male,7 to 17 years old,"Cause: married, pregnant, they became parents ( mother, father )",Number,3
2005,Annual,National,Number of children and adolescents 7-17 years old who did not start studies in general education organizations,Kyrgyzstan,Male,7 to 17 years old,Cause: working,Number,102
2006,Annual,National,Number of children and adolescents 7-17 years old who did not start studies in general education organizations,Kyrgyzstan,Male,7 to 17 years old,Cause: working,Number,218
2007,Annual,National,Number of children and adolescents 7-17 years old who did not start studies in general education organizations,Kyrgyzstan,Male,7 to 17 years old,Cause: working,Number,204
2008,Annual,National,Number of children and adolescents 7-17 years old who did not start studies in general education organizations,Kyrgyzstan,Male,7 to 17 years old,Cause: working,Number,79
2009,Annual,National,Number of children and adolescents 7-17 years old who did not start studies in general education organizations,Kyrgyzstan,Male,7 to 17 years old,Cause: working,Number,185
2010,Annual,National,Number of children and adolescents 7-17 years old who did not start studies in general education organizations,Kyrgyzstan,Male,7 to 17 years old,Cause: working,Number,183
2011,Annual,National,Number of children and adolescents 7-17 years old who did not start studies in general education organizations,Kyrgyzstan,Male,7 to 17 years old,Cause: working,Number,211
2012,Annual,National,Number of children and adolescents 7-17 years old who did not start studies in general education organizations,Kyrgyzstan,Male,7 to 17 years old,Cause: working,Number,136
2013,Annual,National,Number of children and adolescents 7-17 years old who did not start studies in general education organizations,Kyrgyzstan,Male,7 to 17 years old,Cause: working,Number,641
2014,Annual,National,Number of children and adolescents 7-17 years old who did not start studies in general education organizations,Kyrgyzstan,Male,7 to 17 years old,Cause: working,Number,114
2015,Annual,National,Number of children and adolescents 7-17 years old who did not start studies in general education organizations,Kyrgyzstan,Male,7 to 17 years old,Cause: working,Number,89
2016,Annual,National,Number of children and adolescents 7-17 years old who did not start studies in general education organizations,Kyrgyzstan,Male,7 to 17 years old,Cause: working,Number,241
2017,Annual,National,Number of children and adolescents 7-17 years old who did not start studies in general education organizations,Kyrgyzstan,Male,7 to 17 years old,Cause: working,Number,218
2018,Annual,National,Number of children and adolescents 7-17 years old who did not start studies in general education organizations,Kyrgyzstan,Male,7 to 17 years old,Cause: working,Number,108
2013,Annual,National,Number of children and adolescents 7-17 years old who did not start studies in general education organizations,Kyrgyzstan,Male,7 to 17 years old,Cause:  lack of transportation (school too far from home),Number,2
2014,Annual,National,Number of children and adolescents 7-17 years old who did not start studies in general education organizations,Kyrgyzstan,Male,7 to 17 years old,Cause:  lack of transportation (school too far from home),Number,3
2016,Annual,National,Number of children and adolescents 7-17 years old who did not start studies in general education organizations,Kyrgyzstan,Male,7 to 17 years old,Cause:  lack of transportation (school too far from home),Number,2
2018,Annual,National,Number of children and adolescents 7-17 years old who did not start studies in general education organizations,Kyrgyzstan,Male,7 to 17 years old,Cause:  lack of transportation (school too far from home),Number,3
2013,Annual,National,Number of children and adolescents 7-17 years old who did not start studies in general education organizations,Kyrgyzstan,Male,7 to 17 years old,"Cause: Temporary seasonal work ( with / x work , grazing in the pasture )",Number,19
2014,Annual,National,Number of children and adolescents 7-17 years old who did not start studies in general education organizations,Kyrgyzstan,Male,7 to 17 years old,"Cause: Temporary seasonal work ( with / x work , grazing in the pasture )",Number,26
2015,Annual,National,Number of children and adolescents 7-17 years old who did not start studies in general education organizations,Kyrgyzstan,Male,7 to 17 years old,"Cause: Temporary seasonal work ( with / x work , grazing in the pasture )",Number,98
2016,Annual,National,Number of children and adolescents 7-17 years old who did not start studies in general education organizations,Kyrgyzstan,Male,7 to 17 years old,"Cause: Temporary seasonal work ( with / x work , grazing in the pasture )",Number,6
2017,Annual,National,Number of children and adolescents 7-17 years old who did not start studies in general education organizations,Kyrgyzstan,Male,7 to 17 years old,"Cause: Temporary seasonal work ( with / x work , grazing in the pasture )",Number,2
2018,Annual,National,Number of children and adolescents 7-17 years old who did not start studies in general education organizations,Kyrgyzstan,Male,7 to 17 years old,"Cause: Temporary seasonal work ( with / x work , grazing in the pasture )",Number,11
2013,Annual,National,Number of children and adolescents 7-17 years old who did not start studies in general education organizations,Kyrgyzstan,Male,7 to 17 years old,Cause:   does not match the age of the given class,Number,2
2014,Annual,National,Number of children and adolescents 7-17 years old who did not start studies in general education organizations,Kyrgyzstan,Male,7 to 17 years old,Cause:   does not match the age of the given class,Number,5
2015,Annual,National,Number of children and adolescents 7-17 years old who did not start studies in general education organizations,Kyrgyzstan,Male,7 to 17 years old,Cause:   does not match the age of the given class,Number,0
2016,Annual,National,Number of children and adolescents 7-17 years old who did not start studies in general education organizations,Kyrgyzstan,Male,7 to 17 years old,Cause:   does not match the age of the given class,Number,1
2018,Annual,National,Number of children and adolescents 7-17 years old who did not start studies in general education organizations,Kyrgyzstan,Male,7 to 17 years old,Cause:   does not match the age of the given class,Number,20
2005,Annual,National,Number of children and adolescents 7-17 years old who did not start studies in general education organizations,Kyrgyzstan,Male,7 to 17 years old,Cause: because of sickness ,Number,310
2006,Annual,National,Number of children and adolescents 7-17 years old who did not start studies in general education organizations,Kyrgyzstan,Male,7 to 17 years old,Cause: because of sickness ,Number,271
2007,Annual,National,Number of children and adolescents 7-17 years old who did not start studies in general education organizations,Kyrgyzstan,Male,7 to 17 years old,Cause: because of sickness ,Number,301
2008,Annual,National,Number of children and adolescents 7-17 years old who did not start studies in general education organizations,Kyrgyzstan,Male,7 to 17 years old,Cause: because of sickness ,Number,153
2009,Annual,National,Number of children and adolescents 7-17 years old who did not start studies in general education organizations,Kyrgyzstan,Male,7 to 17 years old,Cause: because of sickness ,Number,230
2010,Annual,National,Number of children and adolescents 7-17 years old who did not start studies in general education organizations,Kyrgyzstan,Male,7 to 17 years old,Cause: because of sickness ,Number,381
2011,Annual,National,Number of children and adolescents 7-17 years old who did not start studies in general education organizations,Kyrgyzstan,Male,7 to 17 years old,Cause: because of sickness ,Number,297
2012,Annual,National,Number of children and adolescents 7-17 years old who did not start studies in general education organizations,Kyrgyzstan,Male,7 to 17 years old,Cause: because of sickness ,Number,271
2013,Annual,National,Number of children and adolescents 7-17 years old who did not start studies in general education organizations,Kyrgyzstan,Male,7 to 17 years old,Cause: because of sickness ,Number,44
2014,Annual,National,Number of children and adolescents 7-17 years old who did not start studies in general education organizations,Kyrgyzstan,Male,7 to 17 years old,Cause: because of sickness ,Number,55
2015,Annual,National,Number of children and adolescents 7-17 years old who did not start studies in general education organizations,Kyrgyzstan,Male,7 to 17 years old,Cause: because of sickness ,Number,24
2016,Annual,National,Number of children and adolescents 7-17 years old who did not start studies in general education organizations,Kyrgyzstan,Male,7 to 17 years old,Cause: because of sickness ,Number,39
2017,Annual,National,Number of children and adolescents 7-17 years old who did not start studies in general education organizations,Kyrgyzstan,Male,7 to 17 years old,Cause: because of sickness ,Number,27
2018,Annual,National,Number of children and adolescents 7-17 years old who did not start studies in general education organizations,Kyrgyzstan,Male,7 to 17 years old,Cause: because of sickness ,Number,44
2005,Annual,National,Number of children and adolescents 7-17 years old who did not start studies in general education organizations,Kyrgyzstan,Male,7 to 17 years old,Cause: Children with disabilities,Number,908
2006,Annual,National,Number of children and adolescents 7-17 years old who did not start studies in general education organizations,Kyrgyzstan,Male,7 to 17 years old,Cause: Children with disabilities,Number,812
2007,Annual,National,Number of children and adolescents 7-17 years old who did not start studies in general education organizations,Kyrgyzstan,Male,7 to 17 years old,Cause: Children with disabilities,Number,756
2008,Annual,National,Number of children and adolescents 7-17 years old who did not start studies in general education organizations,Kyrgyzstan,Male,7 to 17 years old,Cause: Children with disabilities,Number,541
2009,Annual,National,Number of children and adolescents 7-17 years old who did not start studies in general education organizations,Kyrgyzstan,Male,7 to 17 years old,Cause: Children with disabilities,Number,644
2010,Annual,National,Number of children and adolescents 7-17 years old who did not start studies in general education organizations,Kyrgyzstan,Male,7 to 17 years old,Cause: Children with disabilities,Number,611
2011,Annual,National,Number of children and adolescents 7-17 years old who did not start studies in general education organizations,Kyrgyzstan,Male,7 to 17 years old,Cause: Children with disabilities,Number,759
2012,Annual,National,Number of children and adolescents 7-17 years old who did not start studies in general education organizations,Kyrgyzstan,Male,7 to 17 years old,Cause: Children with disabilities,Number,599
2013,Annual,National,Number of children and adolescents 7-17 years old who did not start studies in general education organizations,Kyrgyzstan,Male,7 to 17 years old,Cause: Children with disabilities,Number,674
2014,Annual,National,Number of children and adolescents 7-17 years old who did not start studies in general education organizations,Kyrgyzstan,Male,7 to 17 years old,Cause: Children with disabilities,Number,736
2015,Annual,National,Number of children and adolescents 7-17 years old who did not start studies in general education organizations,Kyrgyzstan,Male,7 to 17 years old,Cause: Children with disabilities,Number,716
2016,Annual,National,Number of children and adolescents 7-17 years old who did not start studies in general education organizations,Kyrgyzstan,Male,7 to 17 years old,Cause: Children with disabilities,Number,755
2017,Annual,National,Number of children and adolescents 7-17 years old who did not start studies in general education organizations,Kyrgyzstan,Male,7 to 17 years old,Cause: Children with disabilities,Number,736
2018,Annual,National,Number of children and adolescents 7-17 years old who did not start studies in general education organizations,Kyrgyzstan,Male,7 to 17 years old,Cause: Children with disabilities,Number,811
2005,Annual,National,Number of children and adolescents 7-17 years old who did not start studies in general education organizations,Kyrgyzstan,Male,7 to 17 years old,Cause: other reasons,Number,102
2006,Annual,National,Number of children and adolescents 7-17 years old who did not start studies in general education organizations,Kyrgyzstan,Male,7 to 17 years old,Cause: other reasons,Number,147
2007,Annual,National,Number of children and adolescents 7-17 years old who did not start studies in general education organizations,Kyrgyzstan,Male,7 to 17 years old,Cause: other reasons,Number,144
2008,Annual,National,Number of children and adolescents 7-17 years old who did not start studies in general education organizations,Kyrgyzstan,Male,7 to 17 years old,Cause: other reasons,Number,88
2009,Annual,National,Number of children and adolescents 7-17 years old who did not start studies in general education organizations,Kyrgyzstan,Male,7 to 17 years old,Cause: other reasons,Number,129
2010,Annual,National,Number of children and adolescents 7-17 years old who did not start studies in general education organizations,Kyrgyzstan,Male,7 to 17 years old,Cause: other reasons,Number,241
2011,Annual,National,Number of children and adolescents 7-17 years old who did not start studies in general education organizations,Kyrgyzstan,Male,7 to 17 years old,Cause: other reasons,Number,200
2012,Annual,National,Number of children and adolescents 7-17 years old who did not start studies in general education organizations,Kyrgyzstan,Male,7 to 17 years old,Cause: other reasons,Number,174
2005,Annual,National,Number of children and adolescents 7-17 years old who did not start studies in general education organizations,Kyrgyzstan,Female,7 to 17 years old,,Number,1360
2006,Annual,National,Number of children and adolescents 7-17 years old who did not start studies in general education organizations,Kyrgyzstan,Female,7 to 17 years old,,Number,1448
2007,Annual,National,Number of children and adolescents 7-17 years old who did not start studies in general education organizations,Kyrgyzstan,Female,7 to 17 years old,,Number,1303
2008,Annual,National,Number of children and adolescents 7-17 years old who did not start studies in general education organizations,Kyrgyzstan,Female,7 to 17 years old,,Number,1122
2009,Annual,National,Number of children and adolescents 7-17 years old who did not start studies in general education organizations,Kyrgyzstan,Female,7 to 17 years old,,Number,1207
2010,Annual,National,Number of children and adolescents 7-17 years old who did not start studies in general education organizations,Kyrgyzstan,Female,7 to 17 years old,,Number,1454
2011,Annual,National,Number of children and adolescents 7-17 years old who did not start studies in general education organizations,Kyrgyzstan,Female,7 to 17 years old,,Number,1575
2012,Annual,National,Number of children and adolescents 7-17 years old who did not start studies in general education organizations,Kyrgyzstan,Female,7 to 17 years old,,Number,1265
2013,Annual,National,Number of children and adolescents 7-17 years old who did not start studies in general education organizations,Kyrgyzstan,Female,7 to 17 years old,,Number,1193
2014,Annual,National,Number of children and adolescents 7-17 years old who did not start studies in general education organizations,Kyrgyzstan,Female,7 to 17 years old,,Number,1170
2015,Annual,National,Number of children and adolescents 7-17 years old who did not start studies in general education organizations,Kyrgyzstan,Female,7 to 17 years old,,Number,972
2016,Annual,National,Number of children and adolescents 7-17 years old who did not start studies in general education organizations,Kyrgyzstan,Female,7 to 17 years old,,Number,1107
2017,Annual,National,Number of children and adolescents 7-17 years old who did not start studies in general education organizations,Kyrgyzstan,Female,7 to 17 years old,,Number,1149
2018,Annual,National,Number of children and adolescents 7-17 years old who did not start studies in general education organizations,Kyrgyzstan,Female,7 to 17 years old,,Number,1204
2005,Annual,National,Number of children and adolescents 7-17 years old who did not start studies in general education organizations,Kyrgyzstan,Female,7 to 17 years old,Cause: material difficulty,Number,137
2006,Annual,National,Number of children and adolescents 7-17 years old who did not start studies in general education organizations,Kyrgyzstan,Female,7 to 17 years old,Cause: material difficulty,Number,120
2007,Annual,National,Number of children and adolescents 7-17 years old who did not start studies in general education organizations,Kyrgyzstan,Female,7 to 17 years old,Cause: material difficulty,Number,101
2008,Annual,National,Number of children and adolescents 7-17 years old who did not start studies in general education organizations,Kyrgyzstan,Female,7 to 17 years old,Cause: material difficulty,Number,91
2009,Annual,National,Number of children and adolescents 7-17 years old who did not start studies in general education organizations,Kyrgyzstan,Female,7 to 17 years old,Cause: material difficulty,Number,78
2010,Annual,National,Number of children and adolescents 7-17 years old who did not start studies in general education organizations,Kyrgyzstan,Female,7 to 17 years old,Cause: material difficulty,Number,61
2011,Annual,National,Number of children and adolescents 7-17 years old who did not start studies in general education organizations,Kyrgyzstan,Female,7 to 17 years old,Cause: material difficulty,Number,133
2012,Annual,National,Number of children and adolescents 7-17 years old who did not start studies in general education organizations,Kyrgyzstan,Female,7 to 17 years old,Cause: material difficulty,Number,97
2013,Annual,National,Number of children and adolescents 7-17 years old who did not start studies in general education organizations,Kyrgyzstan,Female,7 to 17 years old,Cause: material difficulty,Number,44
2014,Annual,National,Number of children and adolescents 7-17 years old who did not start studies in general education organizations,Kyrgyzstan,Female,7 to 17 years old,Cause: material difficulty,Number,106
2015,Annual,National,Number of children and adolescents 7-17 years old who did not start studies in general education organizations,Kyrgyzstan,Female,7 to 17 years old,Cause: material difficulty,Number,49
2016,Annual,National,Number of children and adolescents 7-17 years old who did not start studies in general education organizations,Kyrgyzstan,Female,7 to 17 years old,Cause: material difficulty,Number,90
2017,Annual,National,Number of children and adolescents 7-17 years old who did not start studies in general education organizations,Kyrgyzstan,Female,7 to 17 years old,Cause: material difficulty,Number,147
2018,Annual,National,Number of children and adolescents 7-17 years old who did not start studies in general education organizations,Kyrgyzstan,Female,7 to 17 years old,Cause: material difficulty,Number,118
2005,Annual,National,Number of children and adolescents 7-17 years old who did not start studies in general education organizations,Kyrgyzstan,Female,7 to 17 years old,Cause: unwillingness of parents,Number,41
2006,Annual,National,Number of children and adolescents 7-17 years old who did not start studies in general education organizations,Kyrgyzstan,Female,7 to 17 years old,Cause: unwillingness of parents,Number,86
2007,Annual,National,Number of children and adolescents 7-17 years old who did not start studies in general education organizations,Kyrgyzstan,Female,7 to 17 years old,Cause: unwillingness of parents,Number,64
2008,Annual,National,Number of children and adolescents 7-17 years old who did not start studies in general education organizations,Kyrgyzstan,Female,7 to 17 years old,Cause: unwillingness of parents,Number,65
2009,Annual,National,Number of children and adolescents 7-17 years old who did not start studies in general education organizations,Kyrgyzstan,Female,7 to 17 years old,Cause: unwillingness of parents,Number,46
2010,Annual,National,Number of children and adolescents 7-17 years old who did not start studies in general education organizations,Kyrgyzstan,Female,7 to 17 years old,Cause: unwillingness of parents,Number,114
2011,Annual,National,Number of children and adolescents 7-17 years old who did not start studies in general education organizations,Kyrgyzstan,Female,7 to 17 years old,Cause: unwillingness of parents,Number,77
2012,Annual,National,Number of children and adolescents 7-17 years old who did not start studies in general education organizations,Kyrgyzstan,Female,7 to 17 years old,Cause: unwillingness of parents,Number,24
2013,Annual,National,Number of children and adolescents 7-17 years old who did not start studies in general education organizations,Kyrgyzstan,Female,7 to 17 years old,Cause: unwillingness of parents,Number,32
2014,Annual,National,Number of children and adolescents 7-17 years old who did not start studies in general education organizations,Kyrgyzstan,Female,7 to 17 years old,Cause: unwillingness of parents,Number,7
2015,Annual,National,Number of children and adolescents 7-17 years old who did not start studies in general education organizations,Kyrgyzstan,Female,7 to 17 years old,Cause: unwillingness of parents,Number,19
2016,Annual,National,Number of children and adolescents 7-17 years old who did not start studies in general education organizations,Kyrgyzstan,Female,7 to 17 years old,Cause: unwillingness of parents,Number,18
2017,Annual,National,Number of children and adolescents 7-17 years old who did not start studies in general education organizations,Kyrgyzstan,Female,7 to 17 years old,Cause: unwillingness of parents,Number,22
2018,Annual,National,Number of children and adolescents 7-17 years old who did not start studies in general education organizations,Kyrgyzstan,Female,7 to 17 years old,Cause: unwillingness of parents,Number,30
2013,Annual,National,Number of children and adolescents 7-17 years old who did not start studies in general education organizations,Kyrgyzstan,Female,7 to 17 years old,"Cause: lack of the necessary documents ( birth certificates, registration)",Number,5
2015,Annual,National,Number of children and adolescents 7-17 years old who did not start studies in general education organizations,Kyrgyzstan,Female,7 to 17 years old,"Cause: lack of the necessary documents ( birth certificates, registration)",Number,3
2016,Annual,National,Number of children and adolescents 7-17 years old who did not start studies in general education organizations,Kyrgyzstan,Female,7 to 17 years old,"Cause: lack of the necessary documents ( birth certificates, registration)",Number,6
2005,Annual,National,Number of children and adolescents 7-17 years old who did not start studies in general education organizations,Kyrgyzstan,Female,7 to 17 years old,Cause: for domestic reasons,Number,116
2006,Annual,National,Number of children and adolescents 7-17 years old who did not start studies in general education organizations,Kyrgyzstan,Female,7 to 17 years old,Cause: for domestic reasons,Number,94
2007,Annual,National,Number of children and adolescents 7-17 years old who did not start studies in general education organizations,Kyrgyzstan,Female,7 to 17 years old,Cause: for domestic reasons,Number,83
2008,Annual,National,Number of children and adolescents 7-17 years old who did not start studies in general education organizations,Kyrgyzstan,Female,7 to 17 years old,Cause: for domestic reasons,Number,317
2009,Annual,National,Number of children and adolescents 7-17 years old who did not start studies in general education organizations,Kyrgyzstan,Female,7 to 17 years old,Cause: for domestic reasons,Number,215
2010,Annual,National,Number of children and adolescents 7-17 years old who did not start studies in general education organizations,Kyrgyzstan,Female,7 to 17 years old,Cause: for domestic reasons,Number,237
2011,Annual,National,Number of children and adolescents 7-17 years old who did not start studies in general education organizations,Kyrgyzstan,Female,7 to 17 years old,Cause: for domestic reasons,Number,286
2012,Annual,National,Number of children and adolescents 7-17 years old who did not start studies in general education organizations,Kyrgyzstan,Female,7 to 17 years old,Cause: for domestic reasons,Number,230
2013,Annual,National,Number of children and adolescents 7-17 years old who did not start studies in general education organizations,Kyrgyzstan,Female,7 to 17 years old,Cause: for domestic reasons,Number,89
2014,Annual,National,Number of children and adolescents 7-17 years old who did not start studies in general education organizations,Kyrgyzstan,Female,7 to 17 years old,Cause: for domestic reasons,Number,299
2015,Annual,National,Number of children and adolescents 7-17 years old who did not start studies in general education organizations,Kyrgyzstan,Female,7 to 17 years old,Cause: for domestic reasons,Number,132
2016,Annual,National,Number of children and adolescents 7-17 years old who did not start studies in general education organizations,Kyrgyzstan,Female,7 to 17 years old,Cause: for domestic reasons,Number,194
2017,Annual,National,Number of children and adolescents 7-17 years old who did not start studies in general education organizations,Kyrgyzstan,Female,7 to 17 years old,Cause: for domestic reasons,Number,220
2018,Annual,National,Number of children and adolescents 7-17 years old who did not start studies in general education organizations,Kyrgyzstan,Female,7 to 17 years old,Cause: for domestic reasons,Number,272
2005,Annual,National,Number of children and adolescents 7-17 years old who did not start studies in general education organizations,Kyrgyzstan,Female,7 to 17 years old,Cause: no wishes to learn,Number,64
2006,Annual,National,Number of children and adolescents 7-17 years old who did not start studies in general education organizations,Kyrgyzstan,Female,7 to 17 years old,Cause: no wishes to learn,Number,75
2007,Annual,National,Number of children and adolescents 7-17 years old who did not start studies in general education organizations,Kyrgyzstan,Female,7 to 17 years old,Cause: no wishes to learn,Number,55
2008,Annual,National,Number of children and adolescents 7-17 years old who did not start studies in general education organizations,Kyrgyzstan,Female,7 to 17 years old,Cause: no wishes to learn,Number,64
2009,Annual,National,Number of children and adolescents 7-17 years old who did not start studies in general education organizations,Kyrgyzstan,Female,7 to 17 years old,Cause: no wishes to learn,Number,78
2010,Annual,National,Number of children and adolescents 7-17 years old who did not start studies in general education organizations,Kyrgyzstan,Female,7 to 17 years old,Cause: no wishes to learn,Number,127
2011,Annual,National,Number of children and adolescents 7-17 years old who did not start studies in general education organizations,Kyrgyzstan,Female,7 to 17 years old,Cause: no wishes to learn,Number,46
2012,Annual,National,Number of children and adolescents 7-17 years old who did not start studies in general education organizations,Kyrgyzstan,Female,7 to 17 years old,Cause: no wishes to learn,Number,31
2013,Annual,National,Number of children and adolescents 7-17 years old who did not start studies in general education organizations,Kyrgyzstan,Female,7 to 17 years old,Cause: no wishes to learn,Number,46
2014,Annual,National,Number of children and adolescents 7-17 years old who did not start studies in general education organizations,Kyrgyzstan,Female,7 to 17 years old,Cause: no wishes to learn,Number,49
2015,Annual,National,Number of children and adolescents 7-17 years old who did not start studies in general education organizations,Kyrgyzstan,Female,7 to 17 years old,Cause: no wishes to learn,Number,41
2016,Annual,National,Number of children and adolescents 7-17 years old who did not start studies in general education organizations,Kyrgyzstan,Female,7 to 17 years old,Cause: no wishes to learn,Number,12
2017,Annual,National,Number of children and adolescents 7-17 years old who did not start studies in general education organizations,Kyrgyzstan,Female,7 to 17 years old,Cause: no wishes to learn,Number,10
2018,Annual,National,Number of children and adolescents 7-17 years old who did not start studies in general education organizations,Kyrgyzstan,Female,7 to 17 years old,Cause: no wishes to learn,Number,73
2005,Annual,National,Number of children and adolescents 7-17 years old who did not start studies in general education organizations,Kyrgyzstan,Female,7 to 17 years old,Cause: troubled families,Number,31
2006,Annual,National,Number of children and adolescents 7-17 years old who did not start studies in general education organizations,Kyrgyzstan,Female,7 to 17 years old,Cause: troubled families,Number,22
2007,Annual,National,Number of children and adolescents 7-17 years old who did not start studies in general education organizations,Kyrgyzstan,Female,7 to 17 years old,Cause: troubled families,Number,39
2008,Annual,National,Number of children and adolescents 7-17 years old who did not start studies in general education organizations,Kyrgyzstan,Female,7 to 17 years old,Cause: troubled families,Number,24
2009,Annual,National,Number of children and adolescents 7-17 years old who did not start studies in general education organizations,Kyrgyzstan,Female,7 to 17 years old,Cause: troubled families,Number,7
2010,Annual,National,Number of children and adolescents 7-17 years old who did not start studies in general education organizations,Kyrgyzstan,Female,7 to 17 years old,Cause: troubled families,Number,13
2011,Annual,National,Number of children and adolescents 7-17 years old who did not start studies in general education organizations,Kyrgyzstan,Female,7 to 17 years old,Cause: troubled families,Number,36
2012,Annual,National,Number of children and adolescents 7-17 years old who did not start studies in general education organizations,Kyrgyzstan,Female,7 to 17 years old,Cause: troubled families,Number,13
2013,Annual,National,Number of children and adolescents 7-17 years old who did not start studies in general education organizations,Kyrgyzstan,Female,7 to 17 years old,Cause: troubled families,Number,10
2014,Annual,National,Number of children and adolescents 7-17 years old who did not start studies in general education organizations,Kyrgyzstan,Female,7 to 17 years old,Cause: troubled families,Number,5
2015,Annual,National,Number of children and adolescents 7-17 years old who did not start studies in general education organizations,Kyrgyzstan,Female,7 to 17 years old,Cause: troubled families,Number,9
2016,Annual,National,Number of children and adolescents 7-17 years old who did not start studies in general education organizations,Kyrgyzstan,Female,7 to 17 years old,Cause: troubled families,Number,5
2017,Annual,National,Number of children and adolescents 7-17 years old who did not start studies in general education organizations,Kyrgyzstan,Female,7 to 17 years old,Cause: troubled families,Number,11
2018,Annual,National,Number of children and adolescents 7-17 years old who did not start studies in general education organizations,Kyrgyzstan,Female,7 to 17 years old,Cause: troubled families,Number,10
2005,Annual,National,Number of children and adolescents 7-17 years old who did not start studies in general education organizations,Kyrgyzstan,Female,7 to 17 years old,Cause: lack knowledge of language,Number,14
2006,Annual,National,Number of children and adolescents 7-17 years old who did not start studies in general education organizations,Kyrgyzstan,Female,7 to 17 years old,Cause: lack knowledge of language,Number,1
2007,Annual,National,Number of children and adolescents 7-17 years old who did not start studies in general education organizations,Kyrgyzstan,Female,7 to 17 years old,Cause: lack knowledge of language,Number,2
2008,Annual,National,Number of children and adolescents 7-17 years old who did not start studies in general education organizations,Kyrgyzstan,Female,7 to 17 years old,Cause: lack knowledge of language,Number,6
2009,Annual,National,Number of children and adolescents 7-17 years old who did not start studies in general education organizations,Kyrgyzstan,Female,7 to 17 years old,Cause: lack knowledge of language,Number,20
2010,Annual,National,Number of children and adolescents 7-17 years old who did not start studies in general education organizations,Kyrgyzstan,Female,7 to 17 years old,Cause: lack knowledge of language,Number,21
2011,Annual,National,Number of children and adolescents 7-17 years old who did not start studies in general education organizations,Kyrgyzstan,Female,7 to 17 years old,Cause: lack knowledge of language,Number,1
2012,Annual,National,Number of children and adolescents 7-17 years old who did not start studies in general education organizations,Kyrgyzstan,Female,7 to 17 years old,Cause: lack knowledge of language,Number,1
2013,Annual,National,Number of children and adolescents 7-17 years old who did not start studies in general education organizations,Kyrgyzstan,Female,7 to 17 years old,Cause: lack knowledge of language,Number,3
2014,Annual,National,Number of children and adolescents 7-17 years old who did not start studies in general education organizations,Kyrgyzstan,Female,7 to 17 years old,Cause: lack knowledge of language,Number,1
2017,Annual,National,Number of children and adolescents 7-17 years old who did not start studies in general education organizations,Kyrgyzstan,Female,7 to 17 years old,Cause: lack knowledge of language,Number,1
2018,Annual,National,Number of children and adolescents 7-17 years old who did not start studies in general education organizations,Kyrgyzstan,Female,7 to 17 years old,Cause: lack knowledge of language,Number,0
2013,Annual,National,Number of children and adolescents 7-17 years old who did not start studies in general education organizations,Kyrgyzstan,Female,7 to 17 years old,"Cause: married, pregnant, they became parents ( mother, father )",Number,4
2014,Annual,National,Number of children and adolescents 7-17 years old who did not start studies in general education organizations,Kyrgyzstan,Female,7 to 17 years old,"Cause: married, pregnant, they became parents ( mother, father )",Number,3
2018,Annual,National,Number of children and adolescents 7-17 years old who did not start studies in general education organizations,Kyrgyzstan,Female,7 to 17 years old,"Cause: married, pregnant, they became parents ( mother, father )",Number,0
2005,Annual,National,Number of children and adolescents 7-17 years old who did not start studies in general education organizations,Kyrgyzstan,Female,7 to 17 years old,Cause: working,Number,39
2006,Annual,National,Number of children and adolescents 7-17 years old who did not start studies in general education organizations,Kyrgyzstan,Female,7 to 17 years old,Cause: working,Number,144
2007,Annual,National,Number of children and adolescents 7-17 years old who did not start studies in general education organizations,Kyrgyzstan,Female,7 to 17 years old,Cause: working,Number,94
2008,Annual,National,Number of children and adolescents 7-17 years old who did not start studies in general education organizations,Kyrgyzstan,Female,7 to 17 years old,Cause: working,Number,40
2009,Annual,National,Number of children and adolescents 7-17 years old who did not start studies in general education organizations,Kyrgyzstan,Female,7 to 17 years old,Cause: working,Number,66
2010,Annual,National,Number of children and adolescents 7-17 years old who did not start studies in general education organizations,Kyrgyzstan,Female,7 to 17 years old,Cause: working,Number,74
2011,Annual,National,Number of children and adolescents 7-17 years old who did not start studies in general education organizations,Kyrgyzstan,Female,7 to 17 years old,Cause: working,Number,115
2012,Annual,National,Number of children and adolescents 7-17 years old who did not start studies in general education organizations,Kyrgyzstan,Female,7 to 17 years old,Cause: working,Number,88
2013,Annual,National,Number of children and adolescents 7-17 years old who did not start studies in general education organizations,Kyrgyzstan,Female,7 to 17 years old,Cause: working,Number,380
2014,Annual,National,Number of children and adolescents 7-17 years old who did not start studies in general education organizations,Kyrgyzstan,Female,7 to 17 years old,Cause: working,Number,75
2015,Annual,National,Number of children and adolescents 7-17 years old who did not start studies in general education organizations,Kyrgyzstan,Female,7 to 17 years old,Cause: working,Number,60
2016,Annual,National,Number of children and adolescents 7-17 years old who did not start studies in general education organizations,Kyrgyzstan,Female,7 to 17 years old,Cause: working,Number,204
2017,Annual,National,Number of children and adolescents 7-17 years old who did not start studies in general education organizations,Kyrgyzstan,Female,7 to 17 years old,Cause: working,Number,199
2018,Annual,National,Number of children and adolescents 7-17 years old who did not start studies in general education organizations,Kyrgyzstan,Female,7 to 17 years old,Cause: working,Number,121
2018,Annual,National,Number of children and adolescents 7-17 years old who did not start studies in general education organizations,Kyrgyzstan,Female,7 to 17 years old,Cause:  lack of transportation (school too far from home),Number,2
2013,Annual,National,Number of children and adolescents 7-17 years old who did not start studies in general education organizations,Kyrgyzstan,Female,7 to 17 years old,"Cause: Temporary seasonal work ( with / x work , grazing in the pasture )",Number,4
2014,Annual,National,Number of children and adolescents 7-17 years old who did not start studies in general education organizations,Kyrgyzstan,Female,7 to 17 years old,"Cause: Temporary seasonal work ( with / x work , grazing in the pasture )",Number,7
2015,Annual,National,Number of children and adolescents 7-17 years old who did not start studies in general education organizations,Kyrgyzstan,Female,7 to 17 years old,"Cause: Temporary seasonal work ( with / x work , grazing in the pasture )",Number,79
2017,Annual,National,Number of children and adolescents 7-17 years old who did not start studies in general education organizations,Kyrgyzstan,Female,7 to 17 years old,"Cause: Temporary seasonal work ( with / x work , grazing in the pasture )",Number,1
2018,Annual,National,Number of children and adolescents 7-17 years old who did not start studies in general education organizations,Kyrgyzstan,Female,7 to 17 years old,"Cause: Temporary seasonal work ( with / x work , grazing in the pasture )",Number,4
2014,Annual,National,Number of children and adolescents 7-17 years old who did not start studies in general education organizations,Kyrgyzstan,Female,7 to 17 years old,Cause:   does not match the age of the given class,Number,4
2015,Annual,National,Number of children and adolescents 7-17 years old who did not start studies in general education organizations,Kyrgyzstan,Female,7 to 17 years old,Cause:   does not match the age of the given class,Number,2
2017,Annual,National,Number of children and adolescents 7-17 years old who did not start studies in general education organizations,Kyrgyzstan,Female,7 to 17 years old,Cause:   does not match the age of the given class,Number,1
2018,Annual,National,Number of children and adolescents 7-17 years old who did not start studies in general education organizations,Kyrgyzstan,Female,7 to 17 years old,Cause:   does not match the age of the given class,Number,18
2005,Annual,National,Number of children and adolescents 7-17 years old who did not start studies in general education organizations,Kyrgyzstan,Female,7 to 17 years old,Cause: because of sickness ,Number,196
2006,Annual,National,Number of children and adolescents 7-17 years old who did not start studies in general education organizations,Kyrgyzstan,Female,7 to 17 years old,Cause: because of sickness ,Number,213
2007,Annual,National,Number of children and adolescents 7-17 years old who did not start studies in general education organizations,Kyrgyzstan,Female,7 to 17 years old,Cause: because of sickness ,Number,219
2008,Annual,National,Number of children and adolescents 7-17 years old who did not start studies in general education organizations,Kyrgyzstan,Female,7 to 17 years old,Cause: because of sickness ,Number,99
2009,Annual,National,Number of children and adolescents 7-17 years old who did not start studies in general education organizations,Kyrgyzstan,Female,7 to 17 years old,Cause: because of sickness ,Number,195
2010,Annual,National,Number of children and adolescents 7-17 years old who did not start studies in general education organizations,Kyrgyzstan,Female,7 to 17 years old,Cause: because of sickness ,Number,260
2011,Annual,National,Number of children and adolescents 7-17 years old who did not start studies in general education organizations,Kyrgyzstan,Female,7 to 17 years old,Cause: because of sickness ,Number,233
2012,Annual,National,Number of children and adolescents 7-17 years old who did not start studies in general education organizations,Kyrgyzstan,Female,7 to 17 years old,Cause: because of sickness ,Number,213
2013,Annual,National,Number of children and adolescents 7-17 years old who did not start studies in general education organizations,Kyrgyzstan,Female,7 to 17 years old,Cause: because of sickness ,Number,45
2014,Annual,National,Number of children and adolescents 7-17 years old who did not start studies in general education organizations,Kyrgyzstan,Female,7 to 17 years old,Cause: because of sickness ,Number,60
2015,Annual,National,Number of children and adolescents 7-17 years old who did not start studies in general education organizations,Kyrgyzstan,Female,7 to 17 years old,Cause: because of sickness ,Number,14
2016,Annual,National,Number of children and adolescents 7-17 years old who did not start studies in general education organizations,Kyrgyzstan,Female,7 to 17 years old,Cause: because of sickness ,Number,36
2017,Annual,National,Number of children and adolescents 7-17 years old who did not start studies in general education organizations,Kyrgyzstan,Female,7 to 17 years old,Cause: because of sickness ,Number,20
2018,Annual,National,Number of children and adolescents 7-17 years old who did not start studies in general education organizations,Kyrgyzstan,Female,7 to 17 years old,Cause: because of sickness ,Number,31
2005,Annual,National,Number of children and adolescents 7-17 years old who did not start studies in general education organizations,Kyrgyzstan,Female,7 to 17 years old,Cause: Children with disabilities,Number,658
2006,Annual,National,Number of children and adolescents 7-17 years old who did not start studies in general education organizations,Kyrgyzstan,Female,7 to 17 years old,Cause: Children with disabilities,Number,585
2007,Annual,National,Number of children and adolescents 7-17 years old who did not start studies in general education organizations,Kyrgyzstan,Female,7 to 17 years old,Cause: Children with disabilities,Number,535
2008,Annual,National,Number of children and adolescents 7-17 years old who did not start studies in general education organizations,Kyrgyzstan,Female,7 to 17 years old,Cause: Children with disabilities,Number,349
2009,Annual,National,Number of children and adolescents 7-17 years old who did not start studies in general education organizations,Kyrgyzstan,Female,7 to 17 years old,Cause: Children with disabilities,Number,391
2010,Annual,National,Number of children and adolescents 7-17 years old who did not start studies in general education organizations,Kyrgyzstan,Female,7 to 17 years old,Cause: Children with disabilities,Number,393
2011,Annual,National,Number of children and adolescents 7-17 years old who did not start studies in general education organizations,Kyrgyzstan,Female,7 to 17 years old,Cause: Children with disabilities,Number,515
2012,Annual,National,Number of children and adolescents 7-17 years old who did not start studies in general education organizations,Kyrgyzstan,Female,7 to 17 years old,Cause: Children with disabilities,Number,410
2013,Annual,National,Number of children and adolescents 7-17 years old who did not start studies in general education organizations,Kyrgyzstan,Female,7 to 17 years old,Cause: Children with disabilities,Number,531
2014,Annual,National,Number of children and adolescents 7-17 years old who did not start studies in general education organizations,Kyrgyzstan,Female,7 to 17 years old,Cause: Children with disabilities,Number,554
2015,Annual,National,Number of children and adolescents 7-17 years old who did not start studies in general education organizations,Kyrgyzstan,Female,7 to 17 years old,Cause: Children with disabilities,Number,564
2016,Annual,National,Number of children and adolescents 7-17 years old who did not start studies in general education organizations,Kyrgyzstan,Female,7 to 17 years old,Cause: Children with disabilities,Number,542
2017,Annual,National,Number of children and adolescents 7-17 years old who did not start studies in general education organizations,Kyrgyzstan,Female,7 to 17 years old,Cause: Children with disabilities,Number,517
2018,Annual,National,Number of children and adolescents 7-17 years old who did not start studies in general education organizations,Kyrgyzstan,Female,7 to 17 years old,Cause: Children with disabilities,Number,525
2005,Annual,National,Number of children and adolescents 7-17 years old who did not start studies in general education organizations,Kyrgyzstan,Female,7 to 17 years old,Cause: other reasons,Number,64
2006,Annual,National,Number of children and adolescents 7-17 years old who did not start studies in general education organizations,Kyrgyzstan,Female,7 to 17 years old,Cause: other reasons,Number,108
2007,Annual,National,Number of children and adolescents 7-17 years old who did not start studies in general education organizations,Kyrgyzstan,Female,7 to 17 years old,Cause: other reasons,Number,111
2008,Annual,National,Number of children and adolescents 7-17 years old who did not start studies in general education organizations,Kyrgyzstan,Female,7 to 17 years old,Cause: other reasons,Number,67
2009,Annual,National,Number of children and adolescents 7-17 years old who did not start studies in general education organizations,Kyrgyzstan,Female,7 to 17 years old,Cause: other reasons,Number,111
2010,Annual,National,Number of children and adolescents 7-17 years old who did not start studies in general education organizations,Kyrgyzstan,Female,7 to 17 years old,Cause: other reasons,Number,154
2011,Annual,National,Number of children and adolescents 7-17 years old who did not start studies in general education organizations,Kyrgyzstan,Female,7 to 17 years old,Cause: other reasons,Number,133
2012,Annual,National,Number of children and adolescents 7-17 years old who did not start studies in general education organizations,Kyrgyzstan,Female,7 to 17 years old,Cause: other reasons,Number,158
