Year,Frequency of observation,Reporting type,Series,Reference area,Units,Value
2010,Annual,National,Proportion of safely treated domestic wastewater flows,Kyrgyzstan,Percent,89.9
2011,Annual,National,Proportion of safely treated domestic wastewater flows,Kyrgyzstan,Percent,94.5
2012,Annual,National,Proportion of safely treated domestic wastewater flows,Kyrgyzstan,Percent,94.4
2013,Annual,National,Proportion of safely treated domestic wastewater flows,Kyrgyzstan,Percent,91.0
2014,Annual,National,Proportion of safely treated domestic wastewater flows,Kyrgyzstan,Percent,94.8
2015,Annual,National,Proportion of safely treated domestic wastewater flows,Kyrgyzstan,Percent,94.6
2016,Annual,National,Proportion of safely treated domestic wastewater flows,Kyrgyzstan,Percent,93.5
2017,Annual,National,Proportion of safely treated domestic wastewater flows,Kyrgyzstan,Percent,93.9
2018,Annual,National,Proportion of safely treated domestic wastewater flows,Kyrgyzstan,Percent,95.1
