Year,Geographical area,Местность,Sex,Возраст,Уровень образования,Value
2016,,,,,,76.66
2017,,,,,,79.59
2018,,,,,,75.69
2016,,Городская,,,,86.92
2017,,Городская,,,,88.37
2018,,Городская,,,,88.61
2016,,Сельская,,,,71.08
2017,,Сельская,,,,74.83
2018,,Сельская,,,,68.68
2016,,,Male,,,76.07
2017,,,Male,,,79.16
2018,,,Male,,,74.69
2016,,,Female,,,77.19
2017,,,Female,,,79.98
2018,,,Female,,,76.59
2016,Batken Oblast,,,,,75.84
2017,Batken Oblast,,,,,70.83
2018,Batken Oblast,,,,,71.77
2016,Джалал-Абадская область,,,,,76.7
2017,Джалал-Абадская область,,,,,74.37
2018,Джалал-Абадская область,,,,,64.44
2016,Иссык-Кульская область,,,,,47.35
2017,Иссык-Кульская область,,,,,57.48
2018,Иссык-Кульская область,,,,,67.01
2016,Нарынская область,,,,,77.44
2017,Нарынская область,,,,,79.32
2018,Нарынская область,,,,,79.01
2016,Ошская область,,,,,74.64
2017,Ошская область,,,,,79.02
2018,Ошская область,,,,,66.58
2016,Таласская область,,,,,73.72
2017,Таласская область,,,,,74.07
2018,Таласская область,,,,,53.97
2016,Чуйская область,,,,,72.26
2017,Чуйская область,,,,,82.94
2018,Чуйская область,,,,,88.43
2016,г. Бишкек,,,,,91.99
2017,г. Бишкек,,,,,95.05
2018,г. Бишкек,,,,,93.87
2016,г. Ош,,,,,100.0
2017,г. Ош,,,,,99.42
2018,г. Ош,,,,,100.0
2016,,,,Дети в возрасте 0-6 лет,,75.93
2017,,,,Дети в возрасте 0-6 лет,,77.9
2018,,,,Дети в возрасте 0-6 лет,,75.28
2016,,,,Дети в возрасте 7-14 лет,,76.34
2017,,,,Дети в возрасте 7-14 лет,,78.4
2018,,,,Дети в возрасте 7-14 лет,,75.8
2016,,,,"Молодёжь, 15-28 лет",,77.13
2017,,,,"Молодёжь, 15-28 лет",,81.3
2018,,,,"Молодёжь, 15-28 лет",,74.3
2016,,,,Взрослое население трудоспособного возраста (от 29 лет),,76.83
2017,,,,Взрослое население трудоспособного возраста (от 29 лет),,79.63
2018,,,,Взрослое население трудоспособного возраста (от 29 лет),,76.52
2016,,,,"Старше трудоспособного возраста (женщины 58 лет и старше, мужчины 63 лет и старше)",,76.79
2017,,,,"Старше трудоспособного возраста (женщины 58 лет и старше, мужчины 63 лет и старше)",,80.93
2018,,,,"Старше трудоспособного возраста (женщины 58 лет и старше, мужчины 63 лет и старше)",,75.76
2016,,,,,Начальное и ниже,75.22
2017,,,,,Начальное и ниже,78.3
2018,,,,,Начальное и ниже,75.14
2016,,,,,Основное общее,80.23
2017,,,,,Основное общее,79.02
2018,,,,,Основное общее,76.53
2016,,,,,Среднее общее,75.04
2017,,,,,Среднее общее,78.35
2018,,,,,Среднее общее,72.09
2016,,,,,Профессиональное среднее/общее,78.37
2017,,,,,Профессиональное среднее/общее,83.85
2018,,,,,Профессиональное среднее/общее,80.18
2016,,,,,Профессиональное высшее,79.94
2017,,,,,Профессиональное высшее,83.95
2018,,,,,Профессиональное высшее,82.07
