Year,Frequency of observation,Reporting type,Series,Reference area,Sex,Age,Units,Value
2007,Annual,National,"Proportion of youth not in education, employment or training",Kyrgyzstan,,15 to 24 years old,Percent,16.7
2008,Annual,National,"Proportion of youth not in education, employment or training",Kyrgyzstan,,15 to 24 years old,Percent,17.0
2009,Annual,National,"Proportion of youth not in education, employment or training",Kyrgyzstan,,15 to 24 years old,Percent,17.8
2010,Annual,National,"Proportion of youth not in education, employment or training",Kyrgyzstan,,15 to 24 years old,Percent,18.3
2011,Annual,National,"Proportion of youth not in education, employment or training",Kyrgyzstan,,15 to 24 years old,Percent,17.4
2012,Annual,National,"Proportion of youth not in education, employment or training",Kyrgyzstan,,15 to 24 years old,Percent,17.7
2013,Annual,National,"Proportion of youth not in education, employment or training",Kyrgyzstan,,15 to 24 years old,Percent,22.1
2014,Annual,National,"Proportion of youth not in education, employment or training",Kyrgyzstan,,15 to 24 years old,Percent,20.7
2015,Annual,National,"Proportion of youth not in education, employment or training",Kyrgyzstan,,15 to 24 years old,Percent,21.4
2016,Annual,National,"Proportion of youth not in education, employment or training",Kyrgyzstan,,15 to 24 years old,Percent,20.4
2017,Annual,National,"Proportion of youth not in education, employment or training",Kyrgyzstan,,15 to 24 years old,Percent,21.0
2018,Annual,National,"Proportion of youth not in education, employment or training",Kyrgyzstan,,15 to 24 years old,Percent,20.5
2007,Annual,National,"Proportion of youth not in education, employment or training",Kyrgyzstan,Male,15 to 24 years old,Percent,10.7
2008,Annual,National,"Proportion of youth not in education, employment or training",Kyrgyzstan,Male,15 to 24 years old,Percent,12.8
2009,Annual,National,"Proportion of youth not in education, employment or training",Kyrgyzstan,Male,15 to 24 years old,Percent,12.3
2010,Annual,National,"Proportion of youth not in education, employment or training",Kyrgyzstan,Male,15 to 24 years old,Percent,11.5
2011,Annual,National,"Proportion of youth not in education, employment or training",Kyrgyzstan,Male,15 to 24 years old,Percent,9.7
2012,Annual,National,"Proportion of youth not in education, employment or training",Kyrgyzstan,Male,15 to 24 years old,Percent,10.1
2013,Annual,National,"Proportion of youth not in education, employment or training",Kyrgyzstan,Male,15 to 24 years old,Percent,14.3
2014,Annual,National,"Proportion of youth not in education, employment or training",Kyrgyzstan,Male,15 to 24 years old,Percent,12.5
2015,Annual,National,"Proportion of youth not in education, employment or training",Kyrgyzstan,Male,15 to 24 years old,Percent,13.6
2016,Annual,National,"Proportion of youth not in education, employment or training",Kyrgyzstan,Male,15 to 24 years old,Percent,12.1
2017,Annual,National,"Proportion of youth not in education, employment or training",Kyrgyzstan,Male,15 to 24 years old,Percent,12.3
2018,Annual,National,"Proportion of youth not in education, employment or training",Kyrgyzstan,Male,15 to 24 years old,Percent,12.0
2007,Annual,National,"Proportion of youth not in education, employment or training",Kyrgyzstan,Female,15 to 24 years old,Percent,22.8
2008,Annual,National,"Proportion of youth not in education, employment or training",Kyrgyzstan,Female,15 to 24 years old,Percent,21.3
2009,Annual,National,"Proportion of youth not in education, employment or training",Kyrgyzstan,Female,15 to 24 years old,Percent,23.5
2010,Annual,National,"Proportion of youth not in education, employment or training",Kyrgyzstan,Female,15 to 24 years old,Percent,25.2
2011,Annual,National,"Proportion of youth not in education, employment or training",Kyrgyzstan,Female,15 to 24 years old,Percent,25.2
2012,Annual,National,"Proportion of youth not in education, employment or training",Kyrgyzstan,Female,15 to 24 years old,Percent,25.5
2013,Annual,National,"Proportion of youth not in education, employment or training",Kyrgyzstan,Female,15 to 24 years old,Percent,30.0
2014,Annual,National,"Proportion of youth not in education, employment or training",Kyrgyzstan,Female,15 to 24 years old,Percent,29.2
2015,Annual,National,"Proportion of youth not in education, employment or training",Kyrgyzstan,Female,15 to 24 years old,Percent,29.5
2016,Annual,National,"Proportion of youth not in education, employment or training",Kyrgyzstan,Female,15 to 24 years old,Percent,29.0
2017,Annual,National,"Proportion of youth not in education, employment or training",Kyrgyzstan,Female,15 to 24 years old,Percent,30.1
2018,Annual,National,"Proportion of youth not in education, employment or training",Kyrgyzstan,Female,15 to 24 years old,Percent,29.4
