Year,Frequency of observation,Reporting type,Series,Reference area,Units,Value
2007,Annual,National,Tourism share in GDP,Kyrgyzstan,Percent,4.0
2008,Annual,National,Tourism share in GDP,Kyrgyzstan,Percent,4.2
2009,Annual,National,Tourism share in GDP,Kyrgyzstan,Percent,4.0
2010,Annual,National,Tourism share in GDP,Kyrgyzstan,Percent,3.7
2011,Annual,National,Tourism share in GDP,Kyrgyzstan,Percent,4.5
2012,Annual,National,Tourism share in GDP,Kyrgyzstan,Percent,4.6
2013,Annual,National,Tourism share in GDP,Kyrgyzstan,Percent,4.6
2014,Annual,National,Tourism share in GDP,Kyrgyzstan,Percent,4.3
2015,Annual,National,Tourism share in GDP,Kyrgyzstan,Percent,4.7
2016,Annual,National,Tourism share in GDP,Kyrgyzstan,Percent,4.6
2017,Annual,National,Tourism share in GDP,Kyrgyzstan,Percent,5.0
