Year,Observation status,Unit multiplier,Nature of data points,Frequency of observation,Reporting type,Series,Reference area,Sex,Units,Observation-level footnotes,Value
2010,Normal value,Units,Country Data,Annual,National,SL_TLF_MANF,,,PT,,7.8
2011,Normal value,Units,Country Data,Annual,National,SL_TLF_MANF,,,PT,,7.6
2012,Normal value,Units,Country Data,Annual,National,SL_TLF_MANF,,,PT,,7.6
2013,Normal value,Units,Country Data,Annual,National,SL_TLF_MANF,,,PT,,6.9
2014,Normal value,Units,Country Data,Annual,National,SL_TLF_MANF,,,PT,,6.9
2015,Normal value,Units,Country Data,Annual,National,SL_TLF_MANF,,,PT,,7.4
2016,Normal value,Units,Country Data,Annual,National,SL_TLF_MANF,,,PT,,7.6
2017,Normal value,Units,Country Data,Annual,National,SL_TLF_MANF,,,PT,,10.1
2018,Normal value,Units,Country Data,Annual,National,SL_TLF_MANF,,,PT,,12.0
2010,Normal value,Units,Country Data,Annual,National,SL_TLF_MANF,Batken,,PT,,6.4
2011,Normal value,Units,Country Data,Annual,National,SL_TLF_MANF,Batken,,PT,,6.4
2012,Normal value,Units,Country Data,Annual,National,SL_TLF_MANF,Batken,,PT,,5.7
2013,Normal value,Units,Country Data,Annual,National,SL_TLF_MANF,Batken,,PT,,3.1
2014,Normal value,Units,Country Data,Annual,National,SL_TLF_MANF,Batken,,PT,,3.0
2015,Normal value,Units,Country Data,Annual,National,SL_TLF_MANF,Batken,,PT,,2.3
2016,Normal value,Units,Country Data,Annual,National,SL_TLF_MANF,Batken,,PT,,2.4
2017,Normal value,Units,Country Data,Annual,National,SL_TLF_MANF,Batken,,PT,,4.5
2018,Normal value,Units,Country Data,Annual,National,SL_TLF_MANF,Batken,,PT,,6.9
2010,Normal value,Units,Country Data,Annual,National,SL_TLF_MANF,Jalal-Abad,,PT,,3.1
2011,Normal value,Units,Country Data,Annual,National,SL_TLF_MANF,Jalal-Abad,,PT,,3.3
2012,Normal value,Units,Country Data,Annual,National,SL_TLF_MANF,Jalal-Abad,,PT,,4.3
2013,Normal value,Units,Country Data,Annual,National,SL_TLF_MANF,Jalal-Abad,,PT,,5.1
2014,Normal value,Units,Country Data,Annual,National,SL_TLF_MANF,Jalal-Abad,,PT,,5.3
2015,Normal value,Units,Country Data,Annual,National,SL_TLF_MANF,Jalal-Abad,,PT,,5.5
2016,Normal value,Units,Country Data,Annual,National,SL_TLF_MANF,Jalal-Abad,,PT,,5.4
2017,Normal value,Units,Country Data,Annual,National,SL_TLF_MANF,Jalal-Abad,,PT,,8.9
2018,Normal value,Units,Country Data,Annual,National,SL_TLF_MANF,Jalal-Abad,,PT,,15.3
2010,Normal value,Units,Country Data,Annual,National,SL_TLF_MANF,Issyk-Kul,,PT,,3.2
2011,Normal value,Units,Country Data,Annual,National,SL_TLF_MANF,Issyk-Kul,,PT,,3.7
2012,Normal value,Units,Country Data,Annual,National,SL_TLF_MANF,Issyk-Kul,,PT,,4.1
2013,Normal value,Units,Country Data,Annual,National,SL_TLF_MANF,Issyk-Kul,,PT,,4.1
2014,Normal value,Units,Country Data,Annual,National,SL_TLF_MANF,Issyk-Kul,,PT,,4.2
2015,Normal value,Units,Country Data,Annual,National,SL_TLF_MANF,Issyk-Kul,,PT,,4.7
2016,Normal value,Units,Country Data,Annual,National,SL_TLF_MANF,Issyk-Kul,,PT,,5.3
2017,Normal value,Units,Country Data,Annual,National,SL_TLF_MANF,Issyk-Kul,,PT,,6.4
2018,Normal value,Units,Country Data,Annual,National,SL_TLF_MANF,Issyk-Kul,,PT,,8.2
2010,Normal value,Units,Country Data,Annual,National,SL_TLF_MANF,Naryn,,PT,,2.4
2011,Normal value,Units,Country Data,Annual,National,SL_TLF_MANF,Naryn,,PT,,1.6
2012,Normal value,Units,Country Data,Annual,National,SL_TLF_MANF,Naryn,,PT,,1.6
2013,Normal value,Units,Country Data,Annual,National,SL_TLF_MANF,Naryn,,PT,,1.4
2014,Normal value,Units,Country Data,Annual,National,SL_TLF_MANF,Naryn,,PT,,0.9
2015,Normal value,Units,Country Data,Annual,National,SL_TLF_MANF,Naryn,,PT,,1.1
2016,Normal value,Units,Country Data,Annual,National,SL_TLF_MANF,Naryn,,PT,,1.4
2017,Normal value,Units,Country Data,Annual,National,SL_TLF_MANF,Naryn,,PT,,2.3
2018,Normal value,Units,Country Data,Annual,National,SL_TLF_MANF,Naryn,,PT,,3.9
2010,Normal value,Units,Country Data,Annual,National,SL_TLF_MANF,Osh,,PT,Until 2013 - including Osh.,6.3
2011,Normal value,Units,Country Data,Annual,National,SL_TLF_MANF,Osh,,PT,Until 2013 - including Osh.,5.9
2012,Normal value,Units,Country Data,Annual,National,SL_TLF_MANF,Osh,,PT,Until 2013 - including Osh.,5.4
2013,Normal value,Units,Country Data,Annual,National,SL_TLF_MANF,Osh,,PT,Until 2013 - including Osh.,2.7
2014,Normal value,Units,Country Data,Annual,National,SL_TLF_MANF,Osh,,PT,,2.8
2015,Normal value,Units,Country Data,Annual,National,SL_TLF_MANF,Osh,,PT,,3.4
2016,Normal value,Units,Country Data,Annual,National,SL_TLF_MANF,Osh,,PT,,3.3
2017,Normal value,Units,Country Data,Annual,National,SL_TLF_MANF,Osh,,PT,,4.7
2018,Normal value,Units,Country Data,Annual,National,SL_TLF_MANF,Osh,,PT,,6.7
2010,Normal value,Units,Country Data,Annual,National,SL_TLF_MANF,Talas,,PT,,2.6
2011,Normal value,Units,Country Data,Annual,National,SL_TLF_MANF,Talas,,PT,,3.0
2012,Normal value,Units,Country Data,Annual,National,SL_TLF_MANF,Talas,,PT,,3.1
2013,Normal value,Units,Country Data,Annual,National,SL_TLF_MANF,Talas,,PT,,3.0
2014,Normal value,Units,Country Data,Annual,National,SL_TLF_MANF,Talas,,PT,,2.2
2015,Normal value,Units,Country Data,Annual,National,SL_TLF_MANF,Talas,,PT,,1.9
2016,Normal value,Units,Country Data,Annual,National,SL_TLF_MANF,Talas,,PT,,2.1
2017,Normal value,Units,Country Data,Annual,National,SL_TLF_MANF,Talas,,PT,,3.6
2018,Normal value,Units,Country Data,Annual,National,SL_TLF_MANF,Talas,,PT,,3.8
2010,Normal value,Units,Country Data,Annual,National,SL_TLF_MANF,Chui,,PT,,14.3
2011,Normal value,Units,Country Data,Annual,National,SL_TLF_MANF,Chui,,PT,,14.3
2012,Normal value,Units,Country Data,Annual,National,SL_TLF_MANF,Chui,,PT,,14.8
2013,Normal value,Units,Country Data,Annual,National,SL_TLF_MANF,Chui,,PT,,13.7
2014,Normal value,Units,Country Data,Annual,National,SL_TLF_MANF,Chui,,PT,,13.7
2015,Normal value,Units,Country Data,Annual,National,SL_TLF_MANF,Chui,,PT,,15.1
2016,Normal value,Units,Country Data,Annual,National,SL_TLF_MANF,Chui,,PT,,16.0
2017,Normal value,Units,Country Data,Annual,National,SL_TLF_MANF,Chui,,PT,,21.6
2018,Normal value,Units,Country Data,Annual,National,SL_TLF_MANF,Chui,,PT,,21.4
2010,Normal value,Units,Country Data,Annual,National,SL_TLF_MANF,Bishkek (city),,PT,,14.5
2011,Normal value,Units,Country Data,Annual,National,SL_TLF_MANF,Bishkek (city),,PT,,13.6
2012,Normal value,Units,Country Data,Annual,National,SL_TLF_MANF,Bishkek (city),,PT,,12.8
2013,Normal value,Units,Country Data,Annual,National,SL_TLF_MANF,Bishkek (city),,PT,,13.5
2014,Normal value,Units,Country Data,Annual,National,SL_TLF_MANF,Bishkek (city),,PT,,13.5
2015,Normal value,Units,Country Data,Annual,National,SL_TLF_MANF,Bishkek (city),,PT,,14.8
2016,Normal value,Units,Country Data,Annual,National,SL_TLF_MANF,Bishkek (city),,PT,,15.4
2017,Normal value,Units,Country Data,Annual,National,SL_TLF_MANF,Bishkek (city),,PT,,16.1
2018,Normal value,Units,Country Data,Annual,National,SL_TLF_MANF,Bishkek (city),,PT,,16.4
2013,Normal value,Units,Country Data,Annual,National,SL_TLF_MANF,Osh (city),,PT,,7.5
2014,Normal value,Units,Country Data,Annual,National,SL_TLF_MANF,Osh (city),,PT,,7.8
2015,Normal value,Units,Country Data,Annual,National,SL_TLF_MANF,Osh (city),,PT,,5.1
2016,Normal value,Units,Country Data,Annual,National,SL_TLF_MANF,Osh (city),,PT,,5.1
2017,Normal value,Units,Country Data,Annual,National,SL_TLF_MANF,Osh (city),,PT,,7.6
2018,Normal value,Units,Country Data,Annual,National,SL_TLF_MANF,Osh (city),,PT,,8.5
2010,Normal value,Units,Country Data,Annual,National,SL_TLF_MANF,,Female,PT,,9.3
2011,Normal value,Units,Country Data,Annual,National,SL_TLF_MANF,,Female,PT,,8.8
2012,Normal value,Units,Country Data,Annual,National,SL_TLF_MANF,,Female,PT,,9.0
2013,Normal value,Units,Country Data,Annual,National,SL_TLF_MANF,,Female,PT,,8.8
2014,Normal value,Units,Country Data,Annual,National,SL_TLF_MANF,,Female,PT,,8.9
2015,Normal value,Units,Country Data,Annual,National,SL_TLF_MANF,,Female,PT,,8.4
2016,Normal value,Units,Country Data,Annual,National,SL_TLF_MANF,,Female,PT,,9.1
2017,Normal value,Units,Country Data,Annual,National,SL_TLF_MANF,,Female,PT,,11.3
2018,Normal value,Units,Country Data,Annual,National,SL_TLF_MANF,,Female,PT,,12.5
2010,Normal value,Units,Country Data,Annual,National,SL_TLF_MANF,,Male,PT,,6.7
2011,Normal value,Units,Country Data,Annual,National,SL_TLF_MANF,,Male,PT,,6.8
2012,Normal value,Units,Country Data,Annual,National,SL_TLF_MANF,,Male,PT,,6.6
2013,Normal value,Units,Country Data,Annual,National,SL_TLF_MANF,,Male,PT,,5.7
2014,Normal value,Units,Country Data,Annual,National,SL_TLF_MANF,,Male,PT,,5.6
2015,Normal value,Units,Country Data,Annual,National,SL_TLF_MANF,,Male,PT,,6.7
2016,Normal value,Units,Country Data,Annual,National,SL_TLF_MANF,,Male,PT,,6.7
2017,Normal value,Units,Country Data,Annual,National,SL_TLF_MANF,,Male,PT,,9.3
2018,Normal value,Units,Country Data,Annual,National,SL_TLF_MANF,,Male,PT,,11.7
