Year,Frequency of observation,Reporting type,Series,Reference area,Units,Value
2010,Annual,National,NV_IND_SSIS,Kyrgyzstan,PT,1.6
2011,Annual,National,NV_IND_SSIS,Kyrgyzstan,PT,1.4
2012,Annual,National,NV_IND_SSIS,Kyrgyzstan,PT,1.4
2013,Annual,National,NV_IND_SSIS,Kyrgyzstan,PT,1.4
2014,Annual,National,NV_IND_SSIS,Kyrgyzstan,PT,1.5
2015,Annual,National,NV_IND_SSIS,Kyrgyzstan,PT,1.5
2016,Annual,National,NV_IND_SSIS,Kyrgyzstan,PT,1.5
2017,Annual,National,NV_IND_SSIS,Kyrgyzstan,PT,1.7
2018,Annual,National,NV_IND_SSIS,Kyrgyzstan,PT,1.7
