Year,Observation status,Unit multiplier,Nature of data points,Frequency of observation,Reporting type,Series,Reference area,Units,Value
2010,Normal value,Units,Country Data,Annual,National,GB_POP_SCIERD,,PER_1000000_POP,360
2011,Normal value,Units,Country Data,Annual,National,GB_POP_SCIERD,,PER_1000000_POP,401
2012,Normal value,Units,Country Data,Annual,National,GB_POP_SCIERD,,PER_1000000_POP,415
2013,Normal value,Units,Country Data,Annual,National,GB_POP_SCIERD,,PER_1000000_POP,530
2014,Normal value,Units,Country Data,Annual,National,GB_POP_SCIERD,,PER_1000000_POP,511
2015,Normal value,Units,Country Data,Annual,National,GB_POP_SCIERD,,PER_1000000_POP,572
2016,Normal value,Units,Country Data,Annual,National,GB_POP_SCIERD,,PER_1000000_POP,563
2017,Normal value,Units,Country Data,Annual,National,GB_POP_SCIERD,,PER_1000000_POP,524
2018,Normal value,Units,Country Data,Annual,National,GB_POP_SCIERD,,PER_1000000_POP,555
