Year,Frequency of observation,Reporting type,Series,Reference area,Units,Value
2010,Annual,National,GB_POP_SCIERD,,PER_1000000_POP,360
2011,Annual,National,GB_POP_SCIERD,,PER_1000000_POP,401
2012,Annual,National,GB_POP_SCIERD,,PER_1000000_POP,415
2013,Annual,National,GB_POP_SCIERD,,PER_1000000_POP,530
2014,Annual,National,GB_POP_SCIERD,,PER_1000000_POP,511
2015,Annual,National,GB_POP_SCIERD,,PER_1000000_POP,572
2016,Annual,National,GB_POP_SCIERD,,PER_1000000_POP,563
2017,Annual,National,GB_POP_SCIERD,,PER_1000000_POP,524
2018,Annual,National,GB_POP_SCIERD,,PER_1000000_POP,555
