Year,FREQ,REPORTING_TYPE,Series,REF_AREA,Units,Value
2007,A,N,SI_COV_BENFTS,KG,PT,19.5
2008,A,N,SI_COV_BENFTS,KG,PT,18.6
2009,A,N,SI_COV_BENFTS,KG,PT,18.6
2010,A,N,SI_COV_BENFTS,KG,PT,18.5
2011,A,N,SI_COV_BENFTS,KG,PT,19.0
2012,A,N,SI_COV_BENFTS,KG,PT,18.5
2013,A,N,SI_COV_BENFTS,KG,PT,17.9
2014,A,N,SI_COV_BENFTS,KG,PT,17.3
2015,A,N,SI_COV_BENFTS,KG,PT,17.1
2016,A,N,SI_COV_BENFTS,KG,PT,16.6
2017,A,N,SI_COV_BENFTS,KG,PT,16.8
2018,A,N,SI_COV_BENFTS,KG,PT,16.6
2007,A,N,SI_COV_BENFTS,KG05,PT,2.109664
2008,A,N,SI_COV_BENFTS,KG05,PT,1.934128
2009,A,N,SI_COV_BENFTS,KG05,PT,1.92383
2010,A,N,SI_COV_BENFTS,KG05,PT,1.874444
2011,A,N,SI_COV_BENFTS,KG05,PT,1.930035
2012,A,N,SI_COV_BENFTS,KG05,PT,1.845624
2013,A,N,SI_COV_BENFTS,KG05,PT,1.795079
2014,A,N,SI_COV_BENFTS,KG05,PT,1.762407
2015,A,N,SI_COV_BENFTS,KG05,PT,1.659097
2016,A,N,SI_COV_BENFTS,KG05,PT,1.495586
2017,A,N,SI_COV_BENFTS,KG05,PT,1.484306
2018,A,N,SI_COV_BENFTS,KG05,PT,1.525503
2007,A,N,SI_COV_BENFTS,KG03,PT,4.616846
2008,A,N,SI_COV_BENFTS,KG03,PT,4.193013
2009,A,N,SI_COV_BENFTS,KG03,PT,4.11681
2010,A,N,SI_COV_BENFTS,KG03,PT,4.091247
2011,A,N,SI_COV_BENFTS,KG03,PT,4.27976
2012,A,N,SI_COV_BENFTS,KG03,PT,4.13553
2013,A,N,SI_COV_BENFTS,KG03,PT,4.101223
2014,A,N,SI_COV_BENFTS,KG03,PT,3.951307
2015,A,N,SI_COV_BENFTS,KG03,PT,3.864138
2016,A,N,SI_COV_BENFTS,KG03,PT,3.746523
2017,A,N,SI_COV_BENFTS,KG03,PT,3.792716
2018,A,N,SI_COV_BENFTS,KG03,PT,3.804116
2007,A,N,SI_COV_BENFTS,KG02,PT,1.504927
2008,A,N,SI_COV_BENFTS,KG02,PT,1.39314
2009,A,N,SI_COV_BENFTS,KG02,PT,1.390619
2010,A,N,SI_COV_BENFTS,KG02,PT,1.43283
2011,A,N,SI_COV_BENFTS,KG02,PT,1.496891
2012,A,N,SI_COV_BENFTS,KG02,PT,1.460728
2013,A,N,SI_COV_BENFTS,KG02,PT,1.410681
2014,A,N,SI_COV_BENFTS,KG02,PT,1.397339
2015,A,N,SI_COV_BENFTS,KG02,PT,1.366613
2016,A,N,SI_COV_BENFTS,KG02,PT,1.391437
2017,A,N,SI_COV_BENFTS,KG02,PT,1.400236
2018,A,N,SI_COV_BENFTS,KG02,PT,1.390469
2007,A,N,SI_COV_BENFTS,KG04,PT,1.671366
2008,A,N,SI_COV_BENFTS,KG04,PT,1.457214
2009,A,N,SI_COV_BENFTS,KG04,PT,1.423568
2010,A,N,SI_COV_BENFTS,KG04,PT,1.503572
2011,A,N,SI_COV_BENFTS,KG04,PT,1.575064
2012,A,N,SI_COV_BENFTS,KG04,PT,1.53011
2013,A,N,SI_COV_BENFTS,KG04,PT,1.430693
2014,A,N,SI_COV_BENFTS,KG04,PT,1.366601
2015,A,N,SI_COV_BENFTS,KG04,PT,1.342043
2016,A,N,SI_COV_BENFTS,KG04,PT,1.284926
2017,A,N,SI_COV_BENFTS,KG04,PT,1.288293
2018,A,N,SI_COV_BENFTS,KG04,PT,1.232146
2007,A,N,SI_COV_BENFTS,KG06,PT,4.940158
2008,A,N,SI_COV_BENFTS,KG06,PT,4.693844
2009,A,N,SI_COV_BENFTS,KG06,PT,4.778368
2010,A,N,SI_COV_BENFTS,KG06,PT,4.700996
2011,A,N,SI_COV_BENFTS,KG06,PT,4.715643
2012,A,N,SI_COV_BENFTS,KG06,PT,4.506557
2013,A,N,SI_COV_BENFTS,KG06,PT,4.296044
2014,A,N,SI_COV_BENFTS,KG06,PT,4.013868
2015,A,N,SI_COV_BENFTS,KG06,PT,4.015779
2016,A,N,SI_COV_BENFTS,KG06,PT,3.788525
2017,A,N,SI_COV_BENFTS,KG06,PT,3.868011
2018,A,N,SI_COV_BENFTS,KG06,PT,3.639299
2007,A,N,SI_COV_BENFTS,KG07,PT,0.73051
2008,A,N,SI_COV_BENFTS,KG07,PT,0.843038
2009,A,N,SI_COV_BENFTS,KG07,PT,0.816328
2010,A,N,SI_COV_BENFTS,KG07,PT,0.784158
2011,A,N,SI_COV_BENFTS,KG07,PT,0.825505
2012,A,N,SI_COV_BENFTS,KG07,PT,0.806951
2013,A,N,SI_COV_BENFTS,KG07,PT,0.784064
2014,A,N,SI_COV_BENFTS,KG07,PT,0.772172
2015,A,N,SI_COV_BENFTS,KG07,PT,0.795667
2016,A,N,SI_COV_BENFTS,KG07,PT,0.823182
2017,A,N,SI_COV_BENFTS,KG07,PT,0.858228
2018,A,N,SI_COV_BENFTS,KG07,PT,0.833649
2007,A,N,SI_COV_BENFTS,KG08,PT,1.958299
2008,A,N,SI_COV_BENFTS,KG08,PT,1.994251
2009,A,N,SI_COV_BENFTS,KG08,PT,1.939437
2010,A,N,SI_COV_BENFTS,KG08,PT,1.922485
2011,A,N,SI_COV_BENFTS,KG08,PT,1.949861
2012,A,N,SI_COV_BENFTS,KG08,PT,1.969888
2013,A,N,SI_COV_BENFTS,KG08,PT,1.916154
2014,A,N,SI_COV_BENFTS,KG08,PT,1.902321
2015,A,N,SI_COV_BENFTS,KG08,PT,1.905696
2016,A,N,SI_COV_BENFTS,KG08,PT,1.915556
2017,A,N,SI_COV_BENFTS,KG08,PT,1.90932
2018,A,N,SI_COV_BENFTS,KG08,PT,1.9317
2007,A,N,SI_COV_BENFTS,KG11,PT,1.509824
2008,A,N,SI_COV_BENFTS,KG11,PT,1.790383
2009,A,N,SI_COV_BENFTS,KG11,PT,1.762552
2010,A,N,SI_COV_BENFTS,KG11,PT,1.755274
2011,A,N,SI_COV_BENFTS,KG11,PT,1.761641
2012,A,N,SI_COV_BENFTS,KG11,PT,1.798812
2013,A,N,SI_COV_BENFTS,KG11,PT,1.753774
2014,A,N,SI_COV_BENFTS,KG11,PT,1.74105
2015,A,N,SI_COV_BENFTS,KG11,PT,1.736014
2016,A,N,SI_COV_BENFTS,KG11,PT,1.742989
2017,A,N,SI_COV_BENFTS,KG11,PT,1.766738
2018,A,N,SI_COV_BENFTS,KG11,PT,1.77006
2007,A,N,SI_COV_BENFTS,KG21,PT,0.492895
2008,A,N,SI_COV_BENFTS,KG21,PT,0.48253
2009,A,N,SI_COV_BENFTS,KG21,PT,0.463676
2010,A,N,SI_COV_BENFTS,KG21,PT,0.473654
2011,A,N,SI_COV_BENFTS,KG21,PT,0.470606
2012,A,N,SI_COV_BENFTS,KG21,PT,0.460852
2013,A,N,SI_COV_BENFTS,KG21,PT,0.454024
2014,A,N,SI_COV_BENFTS,KG21,PT,0.452311
2015,A,N,SI_COV_BENFTS,KG21,PT,0.452797
2016,A,N,SI_COV_BENFTS,KG21,PT,0.445767
2017,A,N,SI_COV_BENFTS,KG21,PT,0.446591
2018,A,N,SI_COV_BENFTS,KG21,PT,0.455388
