Year,Frequency of observation,Reporting type,Series,Reference area,Units,Value
2010,Annual,National,Volume of removed solid household waste per person,Kyrgyzstan,Kilograms,214.643352
2011,Annual,National,Volume of removed solid household waste per person,Kyrgyzstan,Kilograms,223.172865
2012,Annual,National,Volume of removed solid household waste per person,Kyrgyzstan,Kilograms,183.173589
2013,Annual,National,Volume of removed solid household waste per person,Kyrgyzstan,Kilograms,214.906582
2014,Annual,National,Volume of removed solid household waste per person,Kyrgyzstan,Kilograms,178.260402
2015,Annual,National,Volume of removed solid household waste per person,Kyrgyzstan,Kilograms,195.24385800000002
2016,Annual,National,Volume of removed solid household waste per person,Kyrgyzstan,Kilograms,170.944426
2017,Annual,National,Volume of removed solid household waste per person,Kyrgyzstan,Kilograms,165.143944
2018,Annual,National,Volume of removed solid household waste per person,Kyrgyzstan,Kilograms,171.42668799999998
