Year,FREQ,REPORTING_TYPE,Series,REF_AREA,SEX,Units,Value
2007,A,N,VC_DSR_MORT,KG,,NUMBER,93
2008,A,N,VC_DSR_MORT,KG,,NUMBER,281
2009,A,N,VC_DSR_MORT,KG,,NUMBER,71
2010,A,N,VC_DSR_MORT,KG,,NUMBER,158
2011,A,N,VC_DSR_MORT,KG,,NUMBER,140
2012,A,N,VC_DSR_MORT,KG,,NUMBER,99
2013,A,N,VC_DSR_MORT,KG,,NUMBER,95
2014,A,N,VC_DSR_MORT,KG,,NUMBER,62
2015,A,N,VC_DSR_MORT,KG,,NUMBER,53
2016,A,N,VC_DSR_MORT,KG,,NUMBER,47
2017,A,N,VC_DSR_MORT,KG,,NUMBER,141
2018,A,N,VC_DSR_MORT,KG,,NUMBER,18
2007,A,N,VC_DSR_MORT,KG,M,NUMBER,74
2008,A,N,VC_DSR_MORT,KG,M,NUMBER,184
2009,A,N,VC_DSR_MORT,KG,M,NUMBER,48
2010,A,N,VC_DSR_MORT,KG,M,NUMBER,106
2011,A,N,VC_DSR_MORT,KG,M,NUMBER,93
2012,A,N,VC_DSR_MORT,KG,M,NUMBER,65
2013,A,N,VC_DSR_MORT,KG,M,NUMBER,62
2014,A,N,VC_DSR_MORT,KG,M,NUMBER,39
2015,A,N,VC_DSR_MORT,KG,M,NUMBER,33
2016,A,N,VC_DSR_MORT,KG,M,NUMBER,37
2017,A,N,VC_DSR_MORT,KG,M,NUMBER,85
2018,A,N,VC_DSR_MORT,KG,M,NUMBER,14
2007,A,N,VC_DSR_MORT,KG,F,NUMBER,19
2008,A,N,VC_DSR_MORT,KG,F,NUMBER,97
2009,A,N,VC_DSR_MORT,KG,F,NUMBER,23
2010,A,N,VC_DSR_MORT,KG,F,NUMBER,52
2011,A,N,VC_DSR_MORT,KG,F,NUMBER,47
2012,A,N,VC_DSR_MORT,KG,F,NUMBER,34
2013,A,N,VC_DSR_MORT,KG,F,NUMBER,33
2014,A,N,VC_DSR_MORT,KG,F,NUMBER,23
2015,A,N,VC_DSR_MORT,KG,F,NUMBER,20
2016,A,N,VC_DSR_MORT,KG,F,NUMBER,10
2017,A,N,VC_DSR_MORT,KG,F,NUMBER,56
2018,A,N,VC_DSR_MORT,KG,F,NUMBER,4
2007,A,N,VC_DSR_MORT,KG05,,NUMBER,8
2008,A,N,VC_DSR_MORT,KG05,,NUMBER,9
2010,A,N,VC_DSR_MORT,KG05,,NUMBER,15
2011,A,N,VC_DSR_MORT,KG05,,NUMBER,7
2012,A,N,VC_DSR_MORT,KG05,,NUMBER,9
2013,A,N,VC_DSR_MORT,KG05,,NUMBER,3
2014,A,N,VC_DSR_MORT,KG05,,NUMBER,3
2015,A,N,VC_DSR_MORT,KG05,,NUMBER,1
2016,A,N,VC_DSR_MORT,KG05,,NUMBER,9
2007,A,N,VC_DSR_MORT,KG05,M,NUMBER,6
2008,A,N,VC_DSR_MORT,KG05,M,NUMBER,9
2010,A,N,VC_DSR_MORT,KG05,M,NUMBER,11
2011,A,N,VC_DSR_MORT,KG05,M,NUMBER,4
2012,A,N,VC_DSR_MORT,KG05,M,NUMBER,7
2013,A,N,VC_DSR_MORT,KG05,M,NUMBER,3
2014,A,N,VC_DSR_MORT,KG05,M,NUMBER,3
2015,A,N,VC_DSR_MORT,KG05,M,NUMBER,1
2016,A,N,VC_DSR_MORT,KG05,M,NUMBER,7
2007,A,N,VC_DSR_MORT,KG05,F,NUMBER,2
2010,A,N,VC_DSR_MORT,KG05,F,NUMBER,4
2011,A,N,VC_DSR_MORT,KG05,F,NUMBER,3
2012,A,N,VC_DSR_MORT,KG05,F,NUMBER,2
2016,A,N,VC_DSR_MORT,KG05,F,NUMBER,2
2007,A,N,VC_DSR_MORT,KG03,,NUMBER,5
2008,A,N,VC_DSR_MORT,KG03,,NUMBER,25
2009,A,N,VC_DSR_MORT,KG03,,NUMBER,39
2010,A,N,VC_DSR_MORT,KG03,,NUMBER,32
2011,A,N,VC_DSR_MORT,KG03,,NUMBER,35
2012,A,N,VC_DSR_MORT,KG03,,NUMBER,33
2013,A,N,VC_DSR_MORT,KG03,,NUMBER,31
2014,A,N,VC_DSR_MORT,KG03,,NUMBER,17
2015,A,N,VC_DSR_MORT,KG03,,NUMBER,11
2016,A,N,VC_DSR_MORT,KG03,,NUMBER,13
2017,A,N,VC_DSR_MORT,KG03,,NUMBER,43
2018,A,N,VC_DSR_MORT,KG03,,NUMBER,4
2007,A,N,VC_DSR_MORT,KG03,M,NUMBER,5
2008,A,N,VC_DSR_MORT,KG03,M,NUMBER,18
2009,A,N,VC_DSR_MORT,KG03,M,NUMBER,27
2010,A,N,VC_DSR_MORT,KG03,M,NUMBER,21
2011,A,N,VC_DSR_MORT,KG03,M,NUMBER,27
2012,A,N,VC_DSR_MORT,KG03,M,NUMBER,17
2013,A,N,VC_DSR_MORT,KG03,M,NUMBER,22
2014,A,N,VC_DSR_MORT,KG03,M,NUMBER,11
2015,A,N,VC_DSR_MORT,KG03,M,NUMBER,5
2016,A,N,VC_DSR_MORT,KG03,M,NUMBER,9
2017,A,N,VC_DSR_MORT,KG03,M,NUMBER,29
2018,A,N,VC_DSR_MORT,KG03,M,NUMBER,4
2008,A,N,VC_DSR_MORT,KG03,F,NUMBER,7
2009,A,N,VC_DSR_MORT,KG03,F,NUMBER,12
2010,A,N,VC_DSR_MORT,KG03,F,NUMBER,11
2011,A,N,VC_DSR_MORT,KG03,F,NUMBER,8
2012,A,N,VC_DSR_MORT,KG03,F,NUMBER,16
2013,A,N,VC_DSR_MORT,KG03,F,NUMBER,9
2014,A,N,VC_DSR_MORT,KG03,F,NUMBER,6
2015,A,N,VC_DSR_MORT,KG03,F,NUMBER,6
2016,A,N,VC_DSR_MORT,KG03,F,NUMBER,4
2017,A,N,VC_DSR_MORT,KG03,F,NUMBER,14
2007,A,N,VC_DSR_MORT,KG02,,NUMBER,14
2008,A,N,VC_DSR_MORT,KG02,,NUMBER,42
2009,A,N,VC_DSR_MORT,KG02,,NUMBER,11
2010,A,N,VC_DSR_MORT,KG02,,NUMBER,15
2011,A,N,VC_DSR_MORT,KG02,,NUMBER,17
2012,A,N,VC_DSR_MORT,KG02,,NUMBER,4
2013,A,N,VC_DSR_MORT,KG02,,NUMBER,21
2014,A,N,VC_DSR_MORT,KG02,,NUMBER,25
2015,A,N,VC_DSR_MORT,KG02,,NUMBER,6
2016,A,N,VC_DSR_MORT,KG02,,NUMBER,2
2017,A,N,VC_DSR_MORT,KG02,,NUMBER,6
2018,A,N,VC_DSR_MORT,KG02,,NUMBER,2
2007,A,N,VC_DSR_MORT,KG02,M,NUMBER,10
2008,A,N,VC_DSR_MORT,KG02,M,NUMBER,26
2009,A,N,VC_DSR_MORT,KG02,M,NUMBER,7
2010,A,N,VC_DSR_MORT,KG02,M,NUMBER,10
2011,A,N,VC_DSR_MORT,KG02,M,NUMBER,9
2012,A,N,VC_DSR_MORT,KG02,M,NUMBER,4
2013,A,N,VC_DSR_MORT,KG02,M,NUMBER,13
2014,A,N,VC_DSR_MORT,KG02,M,NUMBER,16
2015,A,N,VC_DSR_MORT,KG02,M,NUMBER,5
2016,A,N,VC_DSR_MORT,KG02,M,NUMBER,1
2017,A,N,VC_DSR_MORT,KG02,M,NUMBER,6
2007,A,N,VC_DSR_MORT,KG02,F,NUMBER,4
2008,A,N,VC_DSR_MORT,KG02,F,NUMBER,16
2009,A,N,VC_DSR_MORT,KG02,F,NUMBER,4
2010,A,N,VC_DSR_MORT,KG02,F,NUMBER,5
2011,A,N,VC_DSR_MORT,KG02,F,NUMBER,8
2013,A,N,VC_DSR_MORT,KG02,F,NUMBER,8
2014,A,N,VC_DSR_MORT,KG02,F,NUMBER,9
2015,A,N,VC_DSR_MORT,KG02,F,NUMBER,1
2016,A,N,VC_DSR_MORT,KG02,F,NUMBER,1
2007,A,N,VC_DSR_MORT,KG04,,NUMBER,5
2008,A,N,VC_DSR_MORT,KG04,,NUMBER,6
2010,A,N,VC_DSR_MORT,KG04,,NUMBER,7
2012,A,N,VC_DSR_MORT,KG04,,NUMBER,5
2013,A,N,VC_DSR_MORT,KG04,,NUMBER,8
2014,A,N,VC_DSR_MORT,KG04,,NUMBER,2
2015,A,N,VC_DSR_MORT,KG04,,NUMBER,9
2016,A,N,VC_DSR_MORT,KG04,,NUMBER,1
2017,A,N,VC_DSR_MORT,KG04,,NUMBER,2
2007,A,N,VC_DSR_MORT,KG04,M,NUMBER,4
2008,A,N,VC_DSR_MORT,KG04,M,NUMBER,4
2010,A,N,VC_DSR_MORT,KG04,M,NUMBER,4
2012,A,N,VC_DSR_MORT,KG04,M,NUMBER,4
2013,A,N,VC_DSR_MORT,KG04,M,NUMBER,5
2014,A,N,VC_DSR_MORT,KG04,M,NUMBER,2
2015,A,N,VC_DSR_MORT,KG04,M,NUMBER,6
2016,A,N,VC_DSR_MORT,KG04,M,NUMBER,1
2017,A,N,VC_DSR_MORT,KG04,M,NUMBER,2
2007,A,N,VC_DSR_MORT,KG04,F,NUMBER,1
2008,A,N,VC_DSR_MORT,KG04,F,NUMBER,2
2010,A,N,VC_DSR_MORT,KG04,F,NUMBER,3
2012,A,N,VC_DSR_MORT,KG04,F,NUMBER,1
2013,A,N,VC_DSR_MORT,KG04,F,NUMBER,3
2015,A,N,VC_DSR_MORT,KG04,F,NUMBER,3
2007,A,N,VC_DSR_MORT,KG06,,NUMBER,6
2008,A,N,VC_DSR_MORT,KG06,,NUMBER,96
2009,A,N,VC_DSR_MORT,KG06,,NUMBER,2
2010,A,N,VC_DSR_MORT,KG06,,NUMBER,19
2011,A,N,VC_DSR_MORT,KG06,,NUMBER,11
2012,A,N,VC_DSR_MORT,KG06,,NUMBER,22
2013,A,N,VC_DSR_MORT,KG06,,NUMBER,5
2015,A,N,VC_DSR_MORT,KG06,,NUMBER,10
2016,A,N,VC_DSR_MORT,KG06,,NUMBER,1
2017,A,N,VC_DSR_MORT,KG06,,NUMBER,35
2018,A,N,VC_DSR_MORT,KG06,,NUMBER,1
2007,A,N,VC_DSR_MORT,KG06,M,NUMBER,6
2008,A,N,VC_DSR_MORT,KG06,M,NUMBER,50
2009,A,N,VC_DSR_MORT,KG06,M,NUMBER,2
2010,A,N,VC_DSR_MORT,KG06,M,NUMBER,12
2011,A,N,VC_DSR_MORT,KG06,M,NUMBER,6
2012,A,N,VC_DSR_MORT,KG06,M,NUMBER,16
2013,A,N,VC_DSR_MORT,KG06,M,NUMBER,3
2015,A,N,VC_DSR_MORT,KG06,M,NUMBER,7
2016,A,N,VC_DSR_MORT,KG06,M,NUMBER,1
2017,A,N,VC_DSR_MORT,KG06,M,NUMBER,17
2018,A,N,VC_DSR_MORT,KG06,M,NUMBER,1
2008,A,N,VC_DSR_MORT,KG06,F,NUMBER,46
2010,A,N,VC_DSR_MORT,KG06,F,NUMBER,7
2011,A,N,VC_DSR_MORT,KG06,F,NUMBER,5
2012,A,N,VC_DSR_MORT,KG06,F,NUMBER,6
2013,A,N,VC_DSR_MORT,KG06,F,NUMBER,2
2015,A,N,VC_DSR_MORT,KG06,F,NUMBER,3
2017,A,N,VC_DSR_MORT,KG06,F,NUMBER,18
2007,A,N,VC_DSR_MORT,KG07,,NUMBER,1
2010,A,N,VC_DSR_MORT,KG07,,NUMBER,4
2011,A,N,VC_DSR_MORT,KG07,,NUMBER,6
2013,A,N,VC_DSR_MORT,KG07,,NUMBER,5
2007,A,N,VC_DSR_MORT,KG07,M,NUMBER,1
2010,A,N,VC_DSR_MORT,KG07,M,NUMBER,3
2011,A,N,VC_DSR_MORT,KG07,M,NUMBER,4
2013,A,N,VC_DSR_MORT,KG07,M,NUMBER,4
2010,A,N,VC_DSR_MORT,KG07,F,NUMBER,1
2011,A,N,VC_DSR_MORT,KG07,F,NUMBER,2
2013,A,N,VC_DSR_MORT,KG07,F,NUMBER,1
2007,A,N,VC_DSR_MORT,KG08,,NUMBER,35
2008,A,N,VC_DSR_MORT,KG08,,NUMBER,102
2009,A,N,VC_DSR_MORT,KG08,,NUMBER,19
2010,A,N,VC_DSR_MORT,KG08,,NUMBER,46
2011,A,N,VC_DSR_MORT,KG08,,NUMBER,41
2012,A,N,VC_DSR_MORT,KG08,,NUMBER,23
2013,A,N,VC_DSR_MORT,KG08,,NUMBER,22
2014,A,N,VC_DSR_MORT,KG08,,NUMBER,13
2015,A,N,VC_DSR_MORT,KG08,,NUMBER,15
2016,A,N,VC_DSR_MORT,KG08,,NUMBER,14
2017,A,N,VC_DSR_MORT,KG08,,NUMBER,55
2018,A,N,VC_DSR_MORT,KG08,,NUMBER,10
2007,A,N,VC_DSR_MORT,KG08,M,NUMBER,28
2008,A,N,VC_DSR_MORT,KG08,M,NUMBER,76
2009,A,N,VC_DSR_MORT,KG08,M,NUMBER,12
2010,A,N,VC_DSR_MORT,KG08,M,NUMBER,32
2011,A,N,VC_DSR_MORT,KG08,M,NUMBER,30
2012,A,N,VC_DSR_MORT,KG08,M,NUMBER,15
2013,A,N,VC_DSR_MORT,KG08,M,NUMBER,12
2014,A,N,VC_DSR_MORT,KG08,M,NUMBER,7
2015,A,N,VC_DSR_MORT,KG08,M,NUMBER,8
2016,A,N,VC_DSR_MORT,KG08,M,NUMBER,11
2017,A,N,VC_DSR_MORT,KG08,M,NUMBER,31
2018,A,N,VC_DSR_MORT,KG08,M,NUMBER,7
2007,A,N,VC_DSR_MORT,KG08,F,NUMBER,7
2008,A,N,VC_DSR_MORT,KG08,F,NUMBER,26
2009,A,N,VC_DSR_MORT,KG08,F,NUMBER,7
2010,A,N,VC_DSR_MORT,KG08,F,NUMBER,14
2011,A,N,VC_DSR_MORT,KG08,F,NUMBER,11
2012,A,N,VC_DSR_MORT,KG08,F,NUMBER,8
2013,A,N,VC_DSR_MORT,KG08,F,NUMBER,10
2014,A,N,VC_DSR_MORT,KG08,F,NUMBER,6
2015,A,N,VC_DSR_MORT,KG08,F,NUMBER,7
2016,A,N,VC_DSR_MORT,KG08,F,NUMBER,3
2017,A,N,VC_DSR_MORT,KG08,F,NUMBER,24
2018,A,N,VC_DSR_MORT,KG08,F,NUMBER,3
2007,A,N,VC_DSR_MORT,KG11,,NUMBER,12
2008,A,N,VC_DSR_MORT,KG11,,NUMBER,1
2010,A,N,VC_DSR_MORT,KG11,,NUMBER,14
2011,A,N,VC_DSR_MORT,KG11,,NUMBER,19
2012,A,N,VC_DSR_MORT,KG11,,NUMBER,3
2014,A,N,VC_DSR_MORT,KG11,,NUMBER,2
2016,A,N,VC_DSR_MORT,KG11,,NUMBER,7
2007,A,N,VC_DSR_MORT,KG11,M,NUMBER,9
2008,A,N,VC_DSR_MORT,KG11,M,NUMBER,1
2010,A,N,VC_DSR_MORT,KG11,M,NUMBER,9
2011,A,N,VC_DSR_MORT,KG11,M,NUMBER,11
2012,A,N,VC_DSR_MORT,KG11,M,NUMBER,2
2016,A,N,VC_DSR_MORT,KG11,M,NUMBER,7
2007,A,N,VC_DSR_MORT,KG11,F,NUMBER,3
2010,A,N,VC_DSR_MORT,KG11,F,NUMBER,5
2011,A,N,VC_DSR_MORT,KG11,F,NUMBER,8
2012,A,N,VC_DSR_MORT,KG11,F,NUMBER,1
2014,A,N,VC_DSR_MORT,KG11,F,NUMBER,2
2007,A,N,VC_DSR_MORT,KG21,,NUMBER,7
2010,A,N,VC_DSR_MORT,KG21,,NUMBER,6
2011,A,N,VC_DSR_MORT,KG21,,NUMBER,4
2015,A,N,VC_DSR_MORT,KG21,,NUMBER,1
2018,A,N,VC_DSR_MORT,KG21,,NUMBER,1
2007,A,N,VC_DSR_MORT,KG21,M,NUMBER,5
2010,A,N,VC_DSR_MORT,KG21,M,NUMBER,4
2011,A,N,VC_DSR_MORT,KG21,M,NUMBER,2
2015,A,N,VC_DSR_MORT,KG21,M,NUMBER,1
2018,A,N,VC_DSR_MORT,KG21,M,NUMBER,1
2007,A,N,VC_DSR_MORT,KG21,F,NUMBER,2
2010,A,N,VC_DSR_MORT,KG21,F,NUMBER,2
2011,A,N,VC_DSR_MORT,KG21,F,NUMBER,2
