Year,concept.FREQ,concept.REPORTING_TYPE,Series,concept.REF_AREA,Units,Value
2014,CL_FREQ.A,CL_REPORTING_TYPE.N,CL_SERIES._L_KG_150102_1,CL_AREA.KG,CL_UNIT_MEASURE.KM2,4.6
2015,CL_FREQ.A,CL_REPORTING_TYPE.N,CL_SERIES._L_KG_150102_1,CL_AREA.KG,CL_UNIT_MEASURE.KM2,4.7
2016,CL_FREQ.A,CL_REPORTING_TYPE.N,CL_SERIES._L_KG_150102_1,CL_AREA.KG,CL_UNIT_MEASURE.KM2,4.8
2017,CL_FREQ.A,CL_REPORTING_TYPE.N,CL_SERIES._L_KG_150102_1,CL_AREA.KG,CL_UNIT_MEASURE.KM2,6.5
2018,CL_FREQ.A,CL_REPORTING_TYPE.N,CL_SERIES._L_KG_150102_1,CL_AREA.KG,CL_UNIT_MEASURE.KM2,6.5
