Year,Frequency of observation,Reporting type,Series,Reference area,Units,Value
2013,Annual,National,Average proportion of Mountain Key Biodiversity Areas (KBAs) covered by protected areas,Kyrgyzstan,Percent,6.01
2014,Annual,National,Average proportion of Mountain Key Biodiversity Areas (KBAs) covered by protected areas,Kyrgyzstan,Percent,6.01
2015,Annual,National,Average proportion of Mountain Key Biodiversity Areas (KBAs) covered by protected areas,Kyrgyzstan,Percent,6.01
2016,Annual,National,Average proportion of Mountain Key Biodiversity Areas (KBAs) covered by protected areas,Kyrgyzstan,Percent,7.3
2017,Annual,National,Average proportion of Mountain Key Biodiversity Areas (KBAs) covered by protected areas,Kyrgyzstan,Percent,7.38
2018,Annual,National,Average proportion of Mountain Key Biodiversity Areas (KBAs) covered by protected areas,Kyrgyzstan,Percent,7.38
