Year,concept.FREQ,concept.REPORTING_TYPE,Series,concept.REF_AREA,Units,Value
2013,CL_FREQ.A,CL_REPORTING_TYPE.N,CL_SERIES.ER_PTD_MTN,CL_AREA.KG,CL_UNIT_MEASURE.PT,6.01
2014,CL_FREQ.A,CL_REPORTING_TYPE.N,CL_SERIES.ER_PTD_MTN,CL_AREA.KG,CL_UNIT_MEASURE.PT,6.01
2015,CL_FREQ.A,CL_REPORTING_TYPE.N,CL_SERIES.ER_PTD_MTN,CL_AREA.KG,CL_UNIT_MEASURE.PT,6.01
2016,CL_FREQ.A,CL_REPORTING_TYPE.N,CL_SERIES.ER_PTD_MTN,CL_AREA.KG,CL_UNIT_MEASURE.PT,7.3
2017,CL_FREQ.A,CL_REPORTING_TYPE.N,CL_SERIES.ER_PTD_MTN,CL_AREA.KG,CL_UNIT_MEASURE.PT,7.38
2018,CL_FREQ.A,CL_REPORTING_TYPE.N,CL_SERIES.ER_PTD_MTN,CL_AREA.KG,CL_UNIT_MEASURE.PT,7.38
