Year,concept.FREQ,concept.REPORTING_TYPE,Series,concept.REF_AREA,Units,Value
2010,CL_FREQ.A,CL_REPORTING_TYPE.N,CL_SERIES.VC_HTF_DETV,CL_AREA.KG,CL_UNIT_MEASURE.NUMBER,21
2011,CL_FREQ.A,CL_REPORTING_TYPE.N,CL_SERIES.VC_HTF_DETV,CL_AREA.KG,CL_UNIT_MEASURE.NUMBER,5
2012,CL_FREQ.A,CL_REPORTING_TYPE.N,CL_SERIES.VC_HTF_DETV,CL_AREA.KG,CL_UNIT_MEASURE.NUMBER,6
2013,CL_FREQ.A,CL_REPORTING_TYPE.N,CL_SERIES.VC_HTF_DETV,CL_AREA.KG,CL_UNIT_MEASURE.NUMBER,9
2014,CL_FREQ.A,CL_REPORTING_TYPE.N,CL_SERIES.VC_HTF_DETV,CL_AREA.KG,CL_UNIT_MEASURE.NUMBER,19
2015,CL_FREQ.A,CL_REPORTING_TYPE.N,CL_SERIES.VC_HTF_DETV,CL_AREA.KG,CL_UNIT_MEASURE.NUMBER,8
2016,CL_FREQ.A,CL_REPORTING_TYPE.N,CL_SERIES.VC_HTF_DETV,CL_AREA.KG,CL_UNIT_MEASURE.NUMBER,10
2017,CL_FREQ.A,CL_REPORTING_TYPE.N,CL_SERIES.VC_HTF_DETV,CL_AREA.KG,CL_UNIT_MEASURE.NUMBER,5
2018,CL_FREQ.A,CL_REPORTING_TYPE.N,CL_SERIES.VC_HTF_DETV,CL_AREA.KG,CL_UNIT_MEASURE.NUMBER,8
