Year,concept.FREQ,concept.REPORTING_TYPE,Series,concept.REF_AREA,Units,Value
2015,CL_FREQ.A,CL_REPORTING_TYPE.N,CL_SERIES._L_KG_160501_1A,CL_AREA.KG,CL_UNIT_MEASURE.IX,10.810627
2016,CL_FREQ.A,CL_REPORTING_TYPE.N,CL_SERIES._L_KG_160501_1A,CL_AREA.KG,CL_UNIT_MEASURE.IX,16.102629
2017,CL_FREQ.A,CL_REPORTING_TYPE.N,CL_SERIES._L_KG_160501_1A,CL_AREA.KG,CL_UNIT_MEASURE.IX,20.2
2018,CL_FREQ.A,CL_REPORTING_TYPE.N,CL_SERIES._L_KG_160501_1A,CL_AREA.KG,CL_UNIT_MEASURE.IX,12.4
2019,CL_FREQ.A,CL_REPORTING_TYPE.N,CL_SERIES._L_KG_160501_1A,CL_AREA.KG,CL_UNIT_MEASURE.IX,14.10991
2015,CL_FREQ.A,CL_REPORTING_TYPE.N,CL_SERIES._L_KG_160501_1A,CL_AREA.KG05,CL_UNIT_MEASURE.IX,34.216964
2016,CL_FREQ.A,CL_REPORTING_TYPE.N,CL_SERIES._L_KG_160501_1A,CL_AREA.KG05,CL_UNIT_MEASURE.IX,51.97171
2017,CL_FREQ.A,CL_REPORTING_TYPE.N,CL_SERIES._L_KG_160501_1A,CL_AREA.KG05,CL_UNIT_MEASURE.IX,50.7
2018,CL_FREQ.A,CL_REPORTING_TYPE.N,CL_SERIES._L_KG_160501_1A,CL_AREA.KG05,CL_UNIT_MEASURE.IX,44.9
2019,CL_FREQ.A,CL_REPORTING_TYPE.N,CL_SERIES._L_KG_160501_1A,CL_AREA.KG05,CL_UNIT_MEASURE.IX,37.375177
2015,CL_FREQ.A,CL_REPORTING_TYPE.N,CL_SERIES._L_KG_160501_1A,CL_AREA.KG03,CL_UNIT_MEASURE.IX,30.828434
2016,CL_FREQ.A,CL_REPORTING_TYPE.N,CL_SERIES._L_KG_160501_1A,CL_AREA.KG03,CL_UNIT_MEASURE.IX,35.669135
2017,CL_FREQ.A,CL_REPORTING_TYPE.N,CL_SERIES._L_KG_160501_1A,CL_AREA.KG03,CL_UNIT_MEASURE.IX,31.6
2018,CL_FREQ.A,CL_REPORTING_TYPE.N,CL_SERIES._L_KG_160501_1A,CL_AREA.KG03,CL_UNIT_MEASURE.IX,28.9
2019,CL_FREQ.A,CL_REPORTING_TYPE.N,CL_SERIES._L_KG_160501_1A,CL_AREA.KG03,CL_UNIT_MEASURE.IX,40.75486
2015,CL_FREQ.A,CL_REPORTING_TYPE.N,CL_SERIES._L_KG_160501_1A,CL_AREA.KG02,CL_UNIT_MEASURE.IX,-8.771443
2016,CL_FREQ.A,CL_REPORTING_TYPE.N,CL_SERIES._L_KG_160501_1A,CL_AREA.KG02,CL_UNIT_MEASURE.IX,19.590714
2017,CL_FREQ.A,CL_REPORTING_TYPE.N,CL_SERIES._L_KG_160501_1A,CL_AREA.KG02,CL_UNIT_MEASURE.IX,25.6
2018,CL_FREQ.A,CL_REPORTING_TYPE.N,CL_SERIES._L_KG_160501_1A,CL_AREA.KG02,CL_UNIT_MEASURE.IX,16.6
2019,CL_FREQ.A,CL_REPORTING_TYPE.N,CL_SERIES._L_KG_160501_1A,CL_AREA.KG02,CL_UNIT_MEASURE.IX,45.71014
2015,CL_FREQ.A,CL_REPORTING_TYPE.N,CL_SERIES._L_KG_160501_1A,CL_AREA.KG04,CL_UNIT_MEASURE.IX,-5.438854
2016,CL_FREQ.A,CL_REPORTING_TYPE.N,CL_SERIES._L_KG_160501_1A,CL_AREA.KG04,CL_UNIT_MEASURE.IX,-3.700551
2017,CL_FREQ.A,CL_REPORTING_TYPE.N,CL_SERIES._L_KG_160501_1A,CL_AREA.KG04,CL_UNIT_MEASURE.IX,16.3
2018,CL_FREQ.A,CL_REPORTING_TYPE.N,CL_SERIES._L_KG_160501_1A,CL_AREA.KG04,CL_UNIT_MEASURE.IX,5.4
2019,CL_FREQ.A,CL_REPORTING_TYPE.N,CL_SERIES._L_KG_160501_1A,CL_AREA.KG04,CL_UNIT_MEASURE.IX,24.570798
2015,CL_FREQ.A,CL_REPORTING_TYPE.N,CL_SERIES._L_KG_160501_1A,CL_AREA.KG06,CL_UNIT_MEASURE.IX,18.022223
2016,CL_FREQ.A,CL_REPORTING_TYPE.N,CL_SERIES._L_KG_160501_1A,CL_AREA.KG06,CL_UNIT_MEASURE.IX,0.07913
2017,CL_FREQ.A,CL_REPORTING_TYPE.N,CL_SERIES._L_KG_160501_1A,CL_AREA.KG06,CL_UNIT_MEASURE.IX,16.9
2018,CL_FREQ.A,CL_REPORTING_TYPE.N,CL_SERIES._L_KG_160501_1A,CL_AREA.KG06,CL_UNIT_MEASURE.IX,5.4
2019,CL_FREQ.A,CL_REPORTING_TYPE.N,CL_SERIES._L_KG_160501_1A,CL_AREA.KG06,CL_UNIT_MEASURE.IX,12.597911
2015,CL_FREQ.A,CL_REPORTING_TYPE.N,CL_SERIES._L_KG_160501_1A,CL_AREA.KG07,CL_UNIT_MEASURE.IX,16.930727
2016,CL_FREQ.A,CL_REPORTING_TYPE.N,CL_SERIES._L_KG_160501_1A,CL_AREA.KG07,CL_UNIT_MEASURE.IX,15.126177
2017,CL_FREQ.A,CL_REPORTING_TYPE.N,CL_SERIES._L_KG_160501_1A,CL_AREA.KG07,CL_UNIT_MEASURE.IX,17.2
2018,CL_FREQ.A,CL_REPORTING_TYPE.N,CL_SERIES._L_KG_160501_1A,CL_AREA.KG07,CL_UNIT_MEASURE.IX,24.8
2019,CL_FREQ.A,CL_REPORTING_TYPE.N,CL_SERIES._L_KG_160501_1A,CL_AREA.KG07,CL_UNIT_MEASURE.IX,29.450445
2015,CL_FREQ.A,CL_REPORTING_TYPE.N,CL_SERIES._L_KG_160501_1A,CL_AREA.KG08,CL_UNIT_MEASURE.IX,25.703179
2016,CL_FREQ.A,CL_REPORTING_TYPE.N,CL_SERIES._L_KG_160501_1A,CL_AREA.KG08,CL_UNIT_MEASURE.IX,26.618611
2017,CL_FREQ.A,CL_REPORTING_TYPE.N,CL_SERIES._L_KG_160501_1A,CL_AREA.KG08,CL_UNIT_MEASURE.IX,28.8
2018,CL_FREQ.A,CL_REPORTING_TYPE.N,CL_SERIES._L_KG_160501_1A,CL_AREA.KG08,CL_UNIT_MEASURE.IX,16.2
2019,CL_FREQ.A,CL_REPORTING_TYPE.N,CL_SERIES._L_KG_160501_1A,CL_AREA.KG08,CL_UNIT_MEASURE.IX,17.355551
2015,CL_FREQ.A,CL_REPORTING_TYPE.N,CL_SERIES._L_KG_160501_1A,CL_AREA.KG11,CL_UNIT_MEASURE.IX,-9.015999
2016,CL_FREQ.A,CL_REPORTING_TYPE.N,CL_SERIES._L_KG_160501_1A,CL_AREA.KG11,CL_UNIT_MEASURE.IX,-11.403693
2017,CL_FREQ.A,CL_REPORTING_TYPE.N,CL_SERIES._L_KG_160501_1A,CL_AREA.KG11,CL_UNIT_MEASURE.IX,-3.4
2018,CL_FREQ.A,CL_REPORTING_TYPE.N,CL_SERIES._L_KG_160501_1A,CL_AREA.KG11,CL_UNIT_MEASURE.IX,-12.8
2019,CL_FREQ.A,CL_REPORTING_TYPE.N,CL_SERIES._L_KG_160501_1A,CL_AREA.KG11,CL_UNIT_MEASURE.IX,-17.985899
2015,CL_FREQ.A,CL_REPORTING_TYPE.N,CL_SERIES._L_KG_160501_1A,CL_AREA.KG21,CL_UNIT_MEASURE.IX,10.609517
2016,CL_FREQ.A,CL_REPORTING_TYPE.N,CL_SERIES._L_KG_160501_1A,CL_AREA.KG21,CL_UNIT_MEASURE.IX,25.440447
2017,CL_FREQ.A,CL_REPORTING_TYPE.N,CL_SERIES._L_KG_160501_1A,CL_AREA.KG21,CL_UNIT_MEASURE.IX,37.2
2018,CL_FREQ.A,CL_REPORTING_TYPE.N,CL_SERIES._L_KG_160501_1A,CL_AREA.KG21,CL_UNIT_MEASURE.IX,39.6
2019,CL_FREQ.A,CL_REPORTING_TYPE.N,CL_SERIES._L_KG_160501_1A,CL_AREA.KG21,CL_UNIT_MEASURE.IX,22.751648
