Year,Frequency of observation,Reporting type,SDG Series,Reference area,Age,Unit of measure,Value
2018,Annual,National,Proportion of children under 5 years of age whose births have been registered with a civil authority,Kyrgyzstan,under 5 years old,Percent,98.9
2018,Annual,National,Proportion of children under 5 years of age whose births have been registered with a civil authority,Kyrgyzstan,under 1 year old,Percent,96.9
2018,Annual,National,Proportion of children under 5 years of age whose births have been registered with a civil authority,Kyrgyzstan,1 year old,Percent,98.8
2018,Annual,National,Proportion of children under 5 years of age whose births have been registered with a civil authority,Kyrgyzstan,2 years old,Percent,99.2
2018,Annual,National,Proportion of children under 5 years of age whose births have been registered with a civil authority,Kyrgyzstan,3 years old,Percent,99.9
2018,Annual,National,Proportion of children under 5 years of age whose births have been registered with a civil authority,Kyrgyzstan,4 years old,Percent,99.8
