Year,concept.FREQ,concept.REPORTING_TYPE,Series,concept.REF_AREA,concept.URBANISATION,Units,Value
2000,CL_FREQ.A,CL_REPORTING_TYPE.N,CL_SERIES.SN_ITK_DEFC,CL_AREA.KG,,CL_UNIT_MEASURE.PT,60.521725
2001,CL_FREQ.A,CL_REPORTING_TYPE.N,CL_SERIES.SN_ITK_DEFC,CL_AREA.KG,,CL_UNIT_MEASURE.PT,77.154938
2002,CL_FREQ.A,CL_REPORTING_TYPE.N,CL_SERIES.SN_ITK_DEFC,CL_AREA.KG,,CL_UNIT_MEASURE.PT,51.354687
2003,CL_FREQ.A,CL_REPORTING_TYPE.N,CL_SERIES.SN_ITK_DEFC,CL_AREA.KG,,CL_UNIT_MEASURE.PT,55.244615
2004,CL_FREQ.A,CL_REPORTING_TYPE.N,CL_SERIES.SN_ITK_DEFC,CL_AREA.KG,,CL_UNIT_MEASURE.PT,48.2
2005,CL_FREQ.A,CL_REPORTING_TYPE.N,CL_SERIES.SN_ITK_DEFC,CL_AREA.KG,,CL_UNIT_MEASURE.PT,49.472402
2006,CL_FREQ.A,CL_REPORTING_TYPE.N,CL_SERIES.SN_ITK_DEFC,CL_AREA.KG,,CL_UNIT_MEASURE.PT,47.554172
2007,CL_FREQ.A,CL_REPORTING_TYPE.N,CL_SERIES.SN_ITK_DEFC,CL_AREA.KG,,CL_UNIT_MEASURE.PT,48.479985
2008,CL_FREQ.A,CL_REPORTING_TYPE.N,CL_SERIES.SN_ITK_DEFC,CL_AREA.KG,,CL_UNIT_MEASURE.PT,45.156055
2009,CL_FREQ.A,CL_REPORTING_TYPE.N,CL_SERIES.SN_ITK_DEFC,CL_AREA.KG,,CL_UNIT_MEASURE.PT,40.667524
2010,CL_FREQ.A,CL_REPORTING_TYPE.N,CL_SERIES.SN_ITK_DEFC,CL_AREA.KG,,CL_UNIT_MEASURE.PT,42.315954
2011,CL_FREQ.A,CL_REPORTING_TYPE.N,CL_SERIES.SN_ITK_DEFC,CL_AREA.KG,,CL_UNIT_MEASURE.PT,44.70876
2012,CL_FREQ.A,CL_REPORTING_TYPE.N,CL_SERIES.SN_ITK_DEFC,CL_AREA.KG,,CL_UNIT_MEASURE.PT,51.004239
2013,CL_FREQ.A,CL_REPORTING_TYPE.N,CL_SERIES.SN_ITK_DEFC,CL_AREA.KG,,CL_UNIT_MEASURE.PT,48.629898
2014,CL_FREQ.A,CL_REPORTING_TYPE.N,CL_SERIES.SN_ITK_DEFC,CL_AREA.KG,,CL_UNIT_MEASURE.PT,47.932099
2015,CL_FREQ.A,CL_REPORTING_TYPE.N,CL_SERIES.SN_ITK_DEFC,CL_AREA.KG,,CL_UNIT_MEASURE.PT,50.982902
2016,CL_FREQ.A,CL_REPORTING_TYPE.N,CL_SERIES.SN_ITK_DEFC,CL_AREA.KG,,CL_UNIT_MEASURE.PT,45.6165
2017,CL_FREQ.A,CL_REPORTING_TYPE.N,CL_SERIES.SN_ITK_DEFC,CL_AREA.KG,,CL_UNIT_MEASURE.PT,50.0267
2018,CL_FREQ.A,CL_REPORTING_TYPE.N,CL_SERIES.SN_ITK_DEFC,CL_AREA.KG,,CL_UNIT_MEASURE.PT,46.4
2000,CL_FREQ.A,CL_REPORTING_TYPE.N,CL_SERIES.SN_ITK_DEFC,CL_AREA.KG,CL_URBANISATION.U,CL_UNIT_MEASURE.PT,69.472742
2001,CL_FREQ.A,CL_REPORTING_TYPE.N,CL_SERIES.SN_ITK_DEFC,CL_AREA.KG,CL_URBANISATION.U,CL_UNIT_MEASURE.PT,84.06804
2002,CL_FREQ.A,CL_REPORTING_TYPE.N,CL_SERIES.SN_ITK_DEFC,CL_AREA.KG,CL_URBANISATION.U,CL_UNIT_MEASURE.PT,67.700173
2003,CL_FREQ.A,CL_REPORTING_TYPE.N,CL_SERIES.SN_ITK_DEFC,CL_AREA.KG,CL_URBANISATION.U,CL_UNIT_MEASURE.PT,59.23848
2004,CL_FREQ.A,CL_REPORTING_TYPE.N,CL_SERIES.SN_ITK_DEFC,CL_AREA.KG,CL_URBANISATION.U,CL_UNIT_MEASURE.PT,49.4
2005,CL_FREQ.A,CL_REPORTING_TYPE.N,CL_SERIES.SN_ITK_DEFC,CL_AREA.KG,CL_URBANISATION.U,CL_UNIT_MEASURE.PT,52.267834
2006,CL_FREQ.A,CL_REPORTING_TYPE.N,CL_SERIES.SN_ITK_DEFC,CL_AREA.KG,CL_URBANISATION.U,CL_UNIT_MEASURE.PT,46.086276
2007,CL_FREQ.A,CL_REPORTING_TYPE.N,CL_SERIES.SN_ITK_DEFC,CL_AREA.KG,CL_URBANISATION.U,CL_UNIT_MEASURE.PT,46.663125
2008,CL_FREQ.A,CL_REPORTING_TYPE.N,CL_SERIES.SN_ITK_DEFC,CL_AREA.KG,CL_URBANISATION.U,CL_UNIT_MEASURE.PT,45.363642
2009,CL_FREQ.A,CL_REPORTING_TYPE.N,CL_SERIES.SN_ITK_DEFC,CL_AREA.KG,CL_URBANISATION.U,CL_UNIT_MEASURE.PT,38.386768
2010,CL_FREQ.A,CL_REPORTING_TYPE.N,CL_SERIES.SN_ITK_DEFC,CL_AREA.KG,CL_URBANISATION.U,CL_UNIT_MEASURE.PT,44.47285
2011,CL_FREQ.A,CL_REPORTING_TYPE.N,CL_SERIES.SN_ITK_DEFC,CL_AREA.KG,CL_URBANISATION.U,CL_UNIT_MEASURE.PT,51.442437
2012,CL_FREQ.A,CL_REPORTING_TYPE.N,CL_SERIES.SN_ITK_DEFC,CL_AREA.KG,CL_URBANISATION.U,CL_UNIT_MEASURE.PT,60.754126
2013,CL_FREQ.A,CL_REPORTING_TYPE.N,CL_SERIES.SN_ITK_DEFC,CL_AREA.KG,CL_URBANISATION.U,CL_UNIT_MEASURE.PT,48.726107
2014,CL_FREQ.A,CL_REPORTING_TYPE.N,CL_SERIES.SN_ITK_DEFC,CL_AREA.KG,CL_URBANISATION.U,CL_UNIT_MEASURE.PT,53.02
2015,CL_FREQ.A,CL_REPORTING_TYPE.N,CL_SERIES.SN_ITK_DEFC,CL_AREA.KG,CL_URBANISATION.U,CL_UNIT_MEASURE.PT,58.534524
2016,CL_FREQ.A,CL_REPORTING_TYPE.N,CL_SERIES.SN_ITK_DEFC,CL_AREA.KG,CL_URBANISATION.U,CL_UNIT_MEASURE.PT,48.6979
2017,CL_FREQ.A,CL_REPORTING_TYPE.N,CL_SERIES.SN_ITK_DEFC,CL_AREA.KG,CL_URBANISATION.U,CL_UNIT_MEASURE.PT,55.5006
2018,CL_FREQ.A,CL_REPORTING_TYPE.N,CL_SERIES.SN_ITK_DEFC,CL_AREA.KG,CL_URBANISATION.U,CL_UNIT_MEASURE.PT,51.6
2000,CL_FREQ.A,CL_REPORTING_TYPE.N,CL_SERIES.SN_ITK_DEFC,CL_AREA.KG,CL_URBANISATION.R,CL_UNIT_MEASURE.PT,55.809151
2001,CL_FREQ.A,CL_REPORTING_TYPE.N,CL_SERIES.SN_ITK_DEFC,CL_AREA.KG,CL_URBANISATION.R,CL_UNIT_MEASURE.PT,73.452418
2002,CL_FREQ.A,CL_REPORTING_TYPE.N,CL_SERIES.SN_ITK_DEFC,CL_AREA.KG,CL_URBANISATION.R,CL_UNIT_MEASURE.PT,42.634369
2003,CL_FREQ.A,CL_REPORTING_TYPE.N,CL_SERIES.SN_ITK_DEFC,CL_AREA.KG,CL_URBANISATION.R,CL_UNIT_MEASURE.PT,53.092169
2004,CL_FREQ.A,CL_REPORTING_TYPE.N,CL_SERIES.SN_ITK_DEFC,CL_AREA.KG,CL_URBANISATION.R,CL_UNIT_MEASURE.PT,48.1
2005,CL_FREQ.A,CL_REPORTING_TYPE.N,CL_SERIES.SN_ITK_DEFC,CL_AREA.KG,CL_URBANISATION.R,CL_UNIT_MEASURE.PT,47.848938
2006,CL_FREQ.A,CL_REPORTING_TYPE.N,CL_SERIES.SN_ITK_DEFC,CL_AREA.KG,CL_URBANISATION.R,CL_UNIT_MEASURE.PT,48.420366
2007,CL_FREQ.A,CL_REPORTING_TYPE.N,CL_SERIES.SN_ITK_DEFC,CL_AREA.KG,CL_URBANISATION.R,CL_UNIT_MEASURE.PT,49.514891
2008,CL_FREQ.A,CL_REPORTING_TYPE.N,CL_SERIES.SN_ITK_DEFC,CL_AREA.KG,CL_URBANISATION.R,CL_UNIT_MEASURE.PT,45.039446
2009,CL_FREQ.A,CL_REPORTING_TYPE.N,CL_SERIES.SN_ITK_DEFC,CL_AREA.KG,CL_URBANISATION.R,CL_UNIT_MEASURE.PT,41.917619
2010,CL_FREQ.A,CL_REPORTING_TYPE.N,CL_SERIES.SN_ITK_DEFC,CL_AREA.KG,CL_URBANISATION.R,CL_UNIT_MEASURE.PT,41.073296
2011,CL_FREQ.A,CL_REPORTING_TYPE.N,CL_SERIES.SN_ITK_DEFC,CL_AREA.KG,CL_URBANISATION.R,CL_UNIT_MEASURE.PT,40.705385
2012,CL_FREQ.A,CL_REPORTING_TYPE.N,CL_SERIES.SN_ITK_DEFC,CL_AREA.KG,CL_URBANISATION.R,CL_UNIT_MEASURE.PT,45.363875
2013,CL_FREQ.A,CL_REPORTING_TYPE.N,CL_SERIES.SN_ITK_DEFC,CL_AREA.KG,CL_URBANISATION.R,CL_UNIT_MEASURE.PT,48.57992
2014,CL_FREQ.A,CL_REPORTING_TYPE.N,CL_SERIES.SN_ITK_DEFC,CL_AREA.KG,CL_URBANISATION.R,CL_UNIT_MEASURE.PT,45.06
2015,CL_FREQ.A,CL_REPORTING_TYPE.N,CL_SERIES.SN_ITK_DEFC,CL_AREA.KG,CL_URBANISATION.R,CL_UNIT_MEASURE.PT,46.84518
2016,CL_FREQ.A,CL_REPORTING_TYPE.N,CL_SERIES.SN_ITK_DEFC,CL_AREA.KG,CL_URBANISATION.R,CL_UNIT_MEASURE.PT,43.9253
2017,CL_FREQ.A,CL_REPORTING_TYPE.N,CL_SERIES.SN_ITK_DEFC,CL_AREA.KG,CL_URBANISATION.R,CL_UNIT_MEASURE.PT,47.0111
2018,CL_FREQ.A,CL_REPORTING_TYPE.N,CL_SERIES.SN_ITK_DEFC,CL_AREA.KG,CL_URBANISATION.R,CL_UNIT_MEASURE.PT,43.5
2000,CL_FREQ.A,CL_REPORTING_TYPE.N,CL_SERIES.SN_ITK_DEFC,CL_AREA.KG05,,CL_UNIT_MEASURE.PT,59.339716
2001,CL_FREQ.A,CL_REPORTING_TYPE.N,CL_SERIES.SN_ITK_DEFC,CL_AREA.KG05,,CL_UNIT_MEASURE.PT,61.621051
2002,CL_FREQ.A,CL_REPORTING_TYPE.N,CL_SERIES.SN_ITK_DEFC,CL_AREA.KG05,,CL_UNIT_MEASURE.PT,36.961393
2003,CL_FREQ.A,CL_REPORTING_TYPE.N,CL_SERIES.SN_ITK_DEFC,CL_AREA.KG05,,CL_UNIT_MEASURE.PT,42.329001
2004,CL_FREQ.A,CL_REPORTING_TYPE.N,CL_SERIES.SN_ITK_DEFC,CL_AREA.KG05,,CL_UNIT_MEASURE.PT,37.049508
2005,CL_FREQ.A,CL_REPORTING_TYPE.N,CL_SERIES.SN_ITK_DEFC,CL_AREA.KG05,,CL_UNIT_MEASURE.PT,53.54665
2006,CL_FREQ.A,CL_REPORTING_TYPE.N,CL_SERIES.SN_ITK_DEFC,CL_AREA.KG05,,CL_UNIT_MEASURE.PT,47.900712
2007,CL_FREQ.A,CL_REPORTING_TYPE.N,CL_SERIES.SN_ITK_DEFC,CL_AREA.KG05,,CL_UNIT_MEASURE.PT,30.186768
2008,CL_FREQ.A,CL_REPORTING_TYPE.N,CL_SERIES.SN_ITK_DEFC,CL_AREA.KG05,,CL_UNIT_MEASURE.PT,37.443818
2009,CL_FREQ.A,CL_REPORTING_TYPE.N,CL_SERIES.SN_ITK_DEFC,CL_AREA.KG05,,CL_UNIT_MEASURE.PT,48.591583
2010,CL_FREQ.A,CL_REPORTING_TYPE.N,CL_SERIES.SN_ITK_DEFC,CL_AREA.KG05,,CL_UNIT_MEASURE.PT,42.666903
2011,CL_FREQ.A,CL_REPORTING_TYPE.N,CL_SERIES.SN_ITK_DEFC,CL_AREA.KG05,,CL_UNIT_MEASURE.PT,44.064464
2012,CL_FREQ.A,CL_REPORTING_TYPE.N,CL_SERIES.SN_ITK_DEFC,CL_AREA.KG05,,CL_UNIT_MEASURE.PT,50.49106
2013,CL_FREQ.A,CL_REPORTING_TYPE.N,CL_SERIES.SN_ITK_DEFC,CL_AREA.KG05,,CL_UNIT_MEASURE.PT,62.932382
2014,CL_FREQ.A,CL_REPORTING_TYPE.N,CL_SERIES.SN_ITK_DEFC,CL_AREA.KG05,,CL_UNIT_MEASURE.PT,53.56602
2015,CL_FREQ.A,CL_REPORTING_TYPE.N,CL_SERIES.SN_ITK_DEFC,CL_AREA.KG05,,CL_UNIT_MEASURE.PT,49.799251
2016,CL_FREQ.A,CL_REPORTING_TYPE.N,CL_SERIES.SN_ITK_DEFC,CL_AREA.KG05,,CL_UNIT_MEASURE.PT,52.9718
2017,CL_FREQ.A,CL_REPORTING_TYPE.N,CL_SERIES.SN_ITK_DEFC,CL_AREA.KG05,,CL_UNIT_MEASURE.PT,52.4614
2018,CL_FREQ.A,CL_REPORTING_TYPE.N,CL_SERIES.SN_ITK_DEFC,CL_AREA.KG05,,CL_UNIT_MEASURE.PT,54.6
2000,CL_FREQ.A,CL_REPORTING_TYPE.N,CL_SERIES.SN_ITK_DEFC,CL_AREA.KG03,,CL_UNIT_MEASURE.PT,59.287149
2001,CL_FREQ.A,CL_REPORTING_TYPE.N,CL_SERIES.SN_ITK_DEFC,CL_AREA.KG03,,CL_UNIT_MEASURE.PT,81.005572
2002,CL_FREQ.A,CL_REPORTING_TYPE.N,CL_SERIES.SN_ITK_DEFC,CL_AREA.KG03,,CL_UNIT_MEASURE.PT,42.498122
2003,CL_FREQ.A,CL_REPORTING_TYPE.N,CL_SERIES.SN_ITK_DEFC,CL_AREA.KG03,,CL_UNIT_MEASURE.PT,57.011499
2004,CL_FREQ.A,CL_REPORTING_TYPE.N,CL_SERIES.SN_ITK_DEFC,CL_AREA.KG03,,CL_UNIT_MEASURE.PT,51.655713
2005,CL_FREQ.A,CL_REPORTING_TYPE.N,CL_SERIES.SN_ITK_DEFC,CL_AREA.KG03,,CL_UNIT_MEASURE.PT,61.433801
2006,CL_FREQ.A,CL_REPORTING_TYPE.N,CL_SERIES.SN_ITK_DEFC,CL_AREA.KG03,,CL_UNIT_MEASURE.PT,52.669155
2007,CL_FREQ.A,CL_REPORTING_TYPE.N,CL_SERIES.SN_ITK_DEFC,CL_AREA.KG03,,CL_UNIT_MEASURE.PT,61.234009
2008,CL_FREQ.A,CL_REPORTING_TYPE.N,CL_SERIES.SN_ITK_DEFC,CL_AREA.KG03,,CL_UNIT_MEASURE.PT,51.475346
2009,CL_FREQ.A,CL_REPORTING_TYPE.N,CL_SERIES.SN_ITK_DEFC,CL_AREA.KG03,,CL_UNIT_MEASURE.PT,34.357172
2010,CL_FREQ.A,CL_REPORTING_TYPE.N,CL_SERIES.SN_ITK_DEFC,CL_AREA.KG03,,CL_UNIT_MEASURE.PT,45.552551
2011,CL_FREQ.A,CL_REPORTING_TYPE.N,CL_SERIES.SN_ITK_DEFC,CL_AREA.KG03,,CL_UNIT_MEASURE.PT,41.458589
2012,CL_FREQ.A,CL_REPORTING_TYPE.N,CL_SERIES.SN_ITK_DEFC,CL_AREA.KG03,,CL_UNIT_MEASURE.PT,56.178597
2013,CL_FREQ.A,CL_REPORTING_TYPE.N,CL_SERIES.SN_ITK_DEFC,CL_AREA.KG03,,CL_UNIT_MEASURE.PT,55.445404
2014,CL_FREQ.A,CL_REPORTING_TYPE.N,CL_SERIES.SN_ITK_DEFC,CL_AREA.KG03,,CL_UNIT_MEASURE.PT,54.779707
2015,CL_FREQ.A,CL_REPORTING_TYPE.N,CL_SERIES.SN_ITK_DEFC,CL_AREA.KG03,,CL_UNIT_MEASURE.PT,55.904828
2016,CL_FREQ.A,CL_REPORTING_TYPE.N,CL_SERIES.SN_ITK_DEFC,CL_AREA.KG03,,CL_UNIT_MEASURE.PT,48.1947
2017,CL_FREQ.A,CL_REPORTING_TYPE.N,CL_SERIES.SN_ITK_DEFC,CL_AREA.KG03,,CL_UNIT_MEASURE.PT,41.1944
2018,CL_FREQ.A,CL_REPORTING_TYPE.N,CL_SERIES.SN_ITK_DEFC,CL_AREA.KG03,,CL_UNIT_MEASURE.PT,44.0
2000,CL_FREQ.A,CL_REPORTING_TYPE.N,CL_SERIES.SN_ITK_DEFC,CL_AREA.KG02,,CL_UNIT_MEASURE.PT,65.030908
2001,CL_FREQ.A,CL_REPORTING_TYPE.N,CL_SERIES.SN_ITK_DEFC,CL_AREA.KG02,,CL_UNIT_MEASURE.PT,78.831057
2002,CL_FREQ.A,CL_REPORTING_TYPE.N,CL_SERIES.SN_ITK_DEFC,CL_AREA.KG02,,CL_UNIT_MEASURE.PT,60.063825
2003,CL_FREQ.A,CL_REPORTING_TYPE.N,CL_SERIES.SN_ITK_DEFC,CL_AREA.KG02,,CL_UNIT_MEASURE.PT,52.018784
2004,CL_FREQ.A,CL_REPORTING_TYPE.N,CL_SERIES.SN_ITK_DEFC,CL_AREA.KG02,,CL_UNIT_MEASURE.PT,40.999171
2005,CL_FREQ.A,CL_REPORTING_TYPE.N,CL_SERIES.SN_ITK_DEFC,CL_AREA.KG02,,CL_UNIT_MEASURE.PT,46.03717
2006,CL_FREQ.A,CL_REPORTING_TYPE.N,CL_SERIES.SN_ITK_DEFC,CL_AREA.KG02,,CL_UNIT_MEASURE.PT,49.877805
2007,CL_FREQ.A,CL_REPORTING_TYPE.N,CL_SERIES.SN_ITK_DEFC,CL_AREA.KG02,,CL_UNIT_MEASURE.PT,50.802119
2008,CL_FREQ.A,CL_REPORTING_TYPE.N,CL_SERIES.SN_ITK_DEFC,CL_AREA.KG02,,CL_UNIT_MEASURE.PT,54.861606
2009,CL_FREQ.A,CL_REPORTING_TYPE.N,CL_SERIES.SN_ITK_DEFC,CL_AREA.KG02,,CL_UNIT_MEASURE.PT,44.383158
2010,CL_FREQ.A,CL_REPORTING_TYPE.N,CL_SERIES.SN_ITK_DEFC,CL_AREA.KG02,,CL_UNIT_MEASURE.PT,43.452039
2011,CL_FREQ.A,CL_REPORTING_TYPE.N,CL_SERIES.SN_ITK_DEFC,CL_AREA.KG02,,CL_UNIT_MEASURE.PT,41.044025
2012,CL_FREQ.A,CL_REPORTING_TYPE.N,CL_SERIES.SN_ITK_DEFC,CL_AREA.KG02,,CL_UNIT_MEASURE.PT,36.987697
2013,CL_FREQ.A,CL_REPORTING_TYPE.N,CL_SERIES.SN_ITK_DEFC,CL_AREA.KG02,,CL_UNIT_MEASURE.PT,39.824088
2014,CL_FREQ.A,CL_REPORTING_TYPE.N,CL_SERIES.SN_ITK_DEFC,CL_AREA.KG02,,CL_UNIT_MEASURE.PT,42.638658
2015,CL_FREQ.A,CL_REPORTING_TYPE.N,CL_SERIES.SN_ITK_DEFC,CL_AREA.KG02,,CL_UNIT_MEASURE.PT,46.284209
2016,CL_FREQ.A,CL_REPORTING_TYPE.N,CL_SERIES.SN_ITK_DEFC,CL_AREA.KG02,,CL_UNIT_MEASURE.PT,45.0267
2017,CL_FREQ.A,CL_REPORTING_TYPE.N,CL_SERIES.SN_ITK_DEFC,CL_AREA.KG02,,CL_UNIT_MEASURE.PT,51.7617
2018,CL_FREQ.A,CL_REPORTING_TYPE.N,CL_SERIES.SN_ITK_DEFC,CL_AREA.KG02,,CL_UNIT_MEASURE.PT,49.4
2000,CL_FREQ.A,CL_REPORTING_TYPE.N,CL_SERIES.SN_ITK_DEFC,CL_AREA.KG04,,CL_UNIT_MEASURE.PT,69.421773
2001,CL_FREQ.A,CL_REPORTING_TYPE.N,CL_SERIES.SN_ITK_DEFC,CL_AREA.KG04,,CL_UNIT_MEASURE.PT,83.854909
2002,CL_FREQ.A,CL_REPORTING_TYPE.N,CL_SERIES.SN_ITK_DEFC,CL_AREA.KG04,,CL_UNIT_MEASURE.PT,61.635086
2003,CL_FREQ.A,CL_REPORTING_TYPE.N,CL_SERIES.SN_ITK_DEFC,CL_AREA.KG04,,CL_UNIT_MEASURE.PT,56.394478
2004,CL_FREQ.A,CL_REPORTING_TYPE.N,CL_SERIES.SN_ITK_DEFC,CL_AREA.KG04,,CL_UNIT_MEASURE.PT,64.607909
2005,CL_FREQ.A,CL_REPORTING_TYPE.N,CL_SERIES.SN_ITK_DEFC,CL_AREA.KG04,,CL_UNIT_MEASURE.PT,41.085248
2006,CL_FREQ.A,CL_REPORTING_TYPE.N,CL_SERIES.SN_ITK_DEFC,CL_AREA.KG04,,CL_UNIT_MEASURE.PT,44.647005
2007,CL_FREQ.A,CL_REPORTING_TYPE.N,CL_SERIES.SN_ITK_DEFC,CL_AREA.KG04,,CL_UNIT_MEASURE.PT,54.995283
2008,CL_FREQ.A,CL_REPORTING_TYPE.N,CL_SERIES.SN_ITK_DEFC,CL_AREA.KG04,,CL_UNIT_MEASURE.PT,46.270674
2009,CL_FREQ.A,CL_REPORTING_TYPE.N,CL_SERIES.SN_ITK_DEFC,CL_AREA.KG04,,CL_UNIT_MEASURE.PT,45.332789
2010,CL_FREQ.A,CL_REPORTING_TYPE.N,CL_SERIES.SN_ITK_DEFC,CL_AREA.KG04,,CL_UNIT_MEASURE.PT,53.95726
2011,CL_FREQ.A,CL_REPORTING_TYPE.N,CL_SERIES.SN_ITK_DEFC,CL_AREA.KG04,,CL_UNIT_MEASURE.PT,55.074815
2012,CL_FREQ.A,CL_REPORTING_TYPE.N,CL_SERIES.SN_ITK_DEFC,CL_AREA.KG04,,CL_UNIT_MEASURE.PT,50.991559
2013,CL_FREQ.A,CL_REPORTING_TYPE.N,CL_SERIES.SN_ITK_DEFC,CL_AREA.KG04,,CL_UNIT_MEASURE.PT,49.875233
2014,CL_FREQ.A,CL_REPORTING_TYPE.N,CL_SERIES.SN_ITK_DEFC,CL_AREA.KG04,,CL_UNIT_MEASURE.PT,54.149214
2015,CL_FREQ.A,CL_REPORTING_TYPE.N,CL_SERIES.SN_ITK_DEFC,CL_AREA.KG04,,CL_UNIT_MEASURE.PT,50.007164
2016,CL_FREQ.A,CL_REPORTING_TYPE.N,CL_SERIES.SN_ITK_DEFC,CL_AREA.KG04,,CL_UNIT_MEASURE.PT,52.6105
2017,CL_FREQ.A,CL_REPORTING_TYPE.N,CL_SERIES.SN_ITK_DEFC,CL_AREA.KG04,,CL_UNIT_MEASURE.PT,41.3079
2018,CL_FREQ.A,CL_REPORTING_TYPE.N,CL_SERIES.SN_ITK_DEFC,CL_AREA.KG04,,CL_UNIT_MEASURE.PT,42.5
2000,CL_FREQ.A,CL_REPORTING_TYPE.N,CL_SERIES.SN_ITK_DEFC,CL_AREA.KG06,,CL_UNIT_MEASURE.PT,61.998935
2001,CL_FREQ.A,CL_REPORTING_TYPE.N,CL_SERIES.SN_ITK_DEFC,CL_AREA.KG06,,CL_UNIT_MEASURE.PT,79.954728
2002,CL_FREQ.A,CL_REPORTING_TYPE.N,CL_SERIES.SN_ITK_DEFC,CL_AREA.KG06,,CL_UNIT_MEASURE.PT,54.70914
2003,CL_FREQ.A,CL_REPORTING_TYPE.N,CL_SERIES.SN_ITK_DEFC,CL_AREA.KG06,,CL_UNIT_MEASURE.PT,61.826885
2004,CL_FREQ.A,CL_REPORTING_TYPE.N,CL_SERIES.SN_ITK_DEFC,CL_AREA.KG06,,CL_UNIT_MEASURE.PT,55.635299
2005,CL_FREQ.A,CL_REPORTING_TYPE.N,CL_SERIES.SN_ITK_DEFC,CL_AREA.KG06,,CL_UNIT_MEASURE.PT,53.173236
2006,CL_FREQ.A,CL_REPORTING_TYPE.N,CL_SERIES.SN_ITK_DEFC,CL_AREA.KG06,,CL_UNIT_MEASURE.PT,61.102156
2007,CL_FREQ.A,CL_REPORTING_TYPE.N,CL_SERIES.SN_ITK_DEFC,CL_AREA.KG06,,CL_UNIT_MEASURE.PT,57.709264
2008,CL_FREQ.A,CL_REPORTING_TYPE.N,CL_SERIES.SN_ITK_DEFC,CL_AREA.KG06,,CL_UNIT_MEASURE.PT,50.124177
2009,CL_FREQ.A,CL_REPORTING_TYPE.N,CL_SERIES.SN_ITK_DEFC,CL_AREA.KG06,,CL_UNIT_MEASURE.PT,46.700596
2010,CL_FREQ.A,CL_REPORTING_TYPE.N,CL_SERIES.SN_ITK_DEFC,CL_AREA.KG06,,CL_UNIT_MEASURE.PT,46.190482
2011,CL_FREQ.A,CL_REPORTING_TYPE.N,CL_SERIES.SN_ITK_DEFC,CL_AREA.KG06,,CL_UNIT_MEASURE.PT,47.071675
2012,CL_FREQ.A,CL_REPORTING_TYPE.N,CL_SERIES.SN_ITK_DEFC,CL_AREA.KG06,,CL_UNIT_MEASURE.PT,54.141276
2013,CL_FREQ.A,CL_REPORTING_TYPE.N,CL_SERIES.SN_ITK_DEFC,CL_AREA.KG06,,CL_UNIT_MEASURE.PT,47.140618
2014,CL_FREQ.A,CL_REPORTING_TYPE.N,CL_SERIES.SN_ITK_DEFC,CL_AREA.KG06,,CL_UNIT_MEASURE.PT,33.115
2015,CL_FREQ.A,CL_REPORTING_TYPE.N,CL_SERIES.SN_ITK_DEFC,CL_AREA.KG06,,CL_UNIT_MEASURE.PT,37.884188
2016,CL_FREQ.A,CL_REPORTING_TYPE.N,CL_SERIES.SN_ITK_DEFC,CL_AREA.KG06,,CL_UNIT_MEASURE.PT,39.4276
2017,CL_FREQ.A,CL_REPORTING_TYPE.N,CL_SERIES.SN_ITK_DEFC,CL_AREA.KG06,,CL_UNIT_MEASURE.PT,42.7541
2018,CL_FREQ.A,CL_REPORTING_TYPE.N,CL_SERIES.SN_ITK_DEFC,CL_AREA.KG06,,CL_UNIT_MEASURE.PT,41.5
2000,CL_FREQ.A,CL_REPORTING_TYPE.N,CL_SERIES.SN_ITK_DEFC,CL_AREA.KG07,,CL_UNIT_MEASURE.PT,63.975403
2001,CL_FREQ.A,CL_REPORTING_TYPE.N,CL_SERIES.SN_ITK_DEFC,CL_AREA.KG07,,CL_UNIT_MEASURE.PT,77.544184
2002,CL_FREQ.A,CL_REPORTING_TYPE.N,CL_SERIES.SN_ITK_DEFC,CL_AREA.KG07,,CL_UNIT_MEASURE.PT,49.613657
2003,CL_FREQ.A,CL_REPORTING_TYPE.N,CL_SERIES.SN_ITK_DEFC,CL_AREA.KG07,,CL_UNIT_MEASURE.PT,57.113622
2004,CL_FREQ.A,CL_REPORTING_TYPE.N,CL_SERIES.SN_ITK_DEFC,CL_AREA.KG07,,CL_UNIT_MEASURE.PT,56.048502
2005,CL_FREQ.A,CL_REPORTING_TYPE.N,CL_SERIES.SN_ITK_DEFC,CL_AREA.KG07,,CL_UNIT_MEASURE.PT,42.225864
2006,CL_FREQ.A,CL_REPORTING_TYPE.N,CL_SERIES.SN_ITK_DEFC,CL_AREA.KG07,,CL_UNIT_MEASURE.PT,48.801285
2007,CL_FREQ.A,CL_REPORTING_TYPE.N,CL_SERIES.SN_ITK_DEFC,CL_AREA.KG07,,CL_UNIT_MEASURE.PT,44.743736
2008,CL_FREQ.A,CL_REPORTING_TYPE.N,CL_SERIES.SN_ITK_DEFC,CL_AREA.KG07,,CL_UNIT_MEASURE.PT,46.638489
2009,CL_FREQ.A,CL_REPORTING_TYPE.N,CL_SERIES.SN_ITK_DEFC,CL_AREA.KG07,,CL_UNIT_MEASURE.PT,39.560145
2010,CL_FREQ.A,CL_REPORTING_TYPE.N,CL_SERIES.SN_ITK_DEFC,CL_AREA.KG07,,CL_UNIT_MEASURE.PT,38.135796
2011,CL_FREQ.A,CL_REPORTING_TYPE.N,CL_SERIES.SN_ITK_DEFC,CL_AREA.KG07,,CL_UNIT_MEASURE.PT,41.962558
2012,CL_FREQ.A,CL_REPORTING_TYPE.N,CL_SERIES.SN_ITK_DEFC,CL_AREA.KG07,,CL_UNIT_MEASURE.PT,42.399891
2013,CL_FREQ.A,CL_REPORTING_TYPE.N,CL_SERIES.SN_ITK_DEFC,CL_AREA.KG07,,CL_UNIT_MEASURE.PT,23.469023
2014,CL_FREQ.A,CL_REPORTING_TYPE.N,CL_SERIES.SN_ITK_DEFC,CL_AREA.KG07,,CL_UNIT_MEASURE.PT,27.367498
2015,CL_FREQ.A,CL_REPORTING_TYPE.N,CL_SERIES.SN_ITK_DEFC,CL_AREA.KG07,,CL_UNIT_MEASURE.PT,28.689411
2016,CL_FREQ.A,CL_REPORTING_TYPE.N,CL_SERIES.SN_ITK_DEFC,CL_AREA.KG07,,CL_UNIT_MEASURE.PT,27.3539
2017,CL_FREQ.A,CL_REPORTING_TYPE.N,CL_SERIES.SN_ITK_DEFC,CL_AREA.KG07,,CL_UNIT_MEASURE.PT,34.8662
2018,CL_FREQ.A,CL_REPORTING_TYPE.N,CL_SERIES.SN_ITK_DEFC,CL_AREA.KG07,,CL_UNIT_MEASURE.PT,36.1
2000,CL_FREQ.A,CL_REPORTING_TYPE.N,CL_SERIES.SN_ITK_DEFC,CL_AREA.KG08,,CL_UNIT_MEASURE.PT,46.583904
2001,CL_FREQ.A,CL_REPORTING_TYPE.N,CL_SERIES.SN_ITK_DEFC,CL_AREA.KG08,,CL_UNIT_MEASURE.PT,64.318147
2002,CL_FREQ.A,CL_REPORTING_TYPE.N,CL_SERIES.SN_ITK_DEFC,CL_AREA.KG08,,CL_UNIT_MEASURE.PT,39.251547
2003,CL_FREQ.A,CL_REPORTING_TYPE.N,CL_SERIES.SN_ITK_DEFC,CL_AREA.KG08,,CL_UNIT_MEASURE.PT,39.42033
2004,CL_FREQ.A,CL_REPORTING_TYPE.N,CL_SERIES.SN_ITK_DEFC,CL_AREA.KG08,,CL_UNIT_MEASURE.PT,33.925261
2005,CL_FREQ.A,CL_REPORTING_TYPE.N,CL_SERIES.SN_ITK_DEFC,CL_AREA.KG08,,CL_UNIT_MEASURE.PT,33.550114
2006,CL_FREQ.A,CL_REPORTING_TYPE.N,CL_SERIES.SN_ITK_DEFC,CL_AREA.KG08,,CL_UNIT_MEASURE.PT,27.796785
2007,CL_FREQ.A,CL_REPORTING_TYPE.N,CL_SERIES.SN_ITK_DEFC,CL_AREA.KG08,,CL_UNIT_MEASURE.PT,31.993627
2008,CL_FREQ.A,CL_REPORTING_TYPE.N,CL_SERIES.SN_ITK_DEFC,CL_AREA.KG08,,CL_UNIT_MEASURE.PT,32.482469
2009,CL_FREQ.A,CL_REPORTING_TYPE.N,CL_SERIES.SN_ITK_DEFC,CL_AREA.KG08,,CL_UNIT_MEASURE.PT,35.879613
2010,CL_FREQ.A,CL_REPORTING_TYPE.N,CL_SERIES.SN_ITK_DEFC,CL_AREA.KG08,,CL_UNIT_MEASURE.PT,30.869436
2011,CL_FREQ.A,CL_REPORTING_TYPE.N,CL_SERIES.SN_ITK_DEFC,CL_AREA.KG08,,CL_UNIT_MEASURE.PT,39.349758
2012,CL_FREQ.A,CL_REPORTING_TYPE.N,CL_SERIES.SN_ITK_DEFC,CL_AREA.KG08,,CL_UNIT_MEASURE.PT,35.689813
2013,CL_FREQ.A,CL_REPORTING_TYPE.N,CL_SERIES.SN_ITK_DEFC,CL_AREA.KG08,,CL_UNIT_MEASURE.PT,44.223608
2014,CL_FREQ.A,CL_REPORTING_TYPE.N,CL_SERIES.SN_ITK_DEFC,CL_AREA.KG08,,CL_UNIT_MEASURE.PT,51.04221
2015,CL_FREQ.A,CL_REPORTING_TYPE.N,CL_SERIES.SN_ITK_DEFC,CL_AREA.KG08,,CL_UNIT_MEASURE.PT,52.441412
2016,CL_FREQ.A,CL_REPORTING_TYPE.N,CL_SERIES.SN_ITK_DEFC,CL_AREA.KG08,,CL_UNIT_MEASURE.PT,43.6365
2017,CL_FREQ.A,CL_REPORTING_TYPE.N,CL_SERIES.SN_ITK_DEFC,CL_AREA.KG08,,CL_UNIT_MEASURE.PT,58.4127
2018,CL_FREQ.A,CL_REPORTING_TYPE.N,CL_SERIES.SN_ITK_DEFC,CL_AREA.KG08,,CL_UNIT_MEASURE.PT,41.2
2000,CL_FREQ.A,CL_REPORTING_TYPE.N,CL_SERIES.SN_ITK_DEFC,CL_AREA.KG11,,CL_UNIT_MEASURE.PT,68.003731
2001,CL_FREQ.A,CL_REPORTING_TYPE.N,CL_SERIES.SN_ITK_DEFC,CL_AREA.KG11,,CL_UNIT_MEASURE.PT,85.640504
2002,CL_FREQ.A,CL_REPORTING_TYPE.N,CL_SERIES.SN_ITK_DEFC,CL_AREA.KG11,,CL_UNIT_MEASURE.PT,68.047002
2003,CL_FREQ.A,CL_REPORTING_TYPE.N,CL_SERIES.SN_ITK_DEFC,CL_AREA.KG11,,CL_UNIT_MEASURE.PT,65.35321
2004,CL_FREQ.A,CL_REPORTING_TYPE.N,CL_SERIES.SN_ITK_DEFC,CL_AREA.KG11,,CL_UNIT_MEASURE.PT,47.93348
2005,CL_FREQ.A,CL_REPORTING_TYPE.N,CL_SERIES.SN_ITK_DEFC,CL_AREA.KG11,,CL_UNIT_MEASURE.PT,48.511241
2006,CL_FREQ.A,CL_REPORTING_TYPE.N,CL_SERIES.SN_ITK_DEFC,CL_AREA.KG11,,CL_UNIT_MEASURE.PT,37.044933
2007,CL_FREQ.A,CL_REPORTING_TYPE.N,CL_SERIES.SN_ITK_DEFC,CL_AREA.KG11,,CL_UNIT_MEASURE.PT,40.680531
2008,CL_FREQ.A,CL_REPORTING_TYPE.N,CL_SERIES.SN_ITK_DEFC,CL_AREA.KG11,,CL_UNIT_MEASURE.PT,39.336853
2009,CL_FREQ.A,CL_REPORTING_TYPE.N,CL_SERIES.SN_ITK_DEFC,CL_AREA.KG11,,CL_UNIT_MEASURE.PT,35.924393
2010,CL_FREQ.A,CL_REPORTING_TYPE.N,CL_SERIES.SN_ITK_DEFC,CL_AREA.KG11,,CL_UNIT_MEASURE.PT,39.823376
2011,CL_FREQ.A,CL_REPORTING_TYPE.N,CL_SERIES.SN_ITK_DEFC,CL_AREA.KG11,,CL_UNIT_MEASURE.PT,49.68253
2012,CL_FREQ.A,CL_REPORTING_TYPE.N,CL_SERIES.SN_ITK_DEFC,CL_AREA.KG11,,CL_UNIT_MEASURE.PT,63.775511
2013,CL_FREQ.A,CL_REPORTING_TYPE.N,CL_SERIES.SN_ITK_DEFC,CL_AREA.KG11,,CL_UNIT_MEASURE.PT,43.930005
2014,CL_FREQ.A,CL_REPORTING_TYPE.N,CL_SERIES.SN_ITK_DEFC,CL_AREA.KG11,,CL_UNIT_MEASURE.PT,54.032632
2015,CL_FREQ.A,CL_REPORTING_TYPE.N,CL_SERIES.SN_ITK_DEFC,CL_AREA.KG11,,CL_UNIT_MEASURE.PT,65.190118
2016,CL_FREQ.A,CL_REPORTING_TYPE.N,CL_SERIES.SN_ITK_DEFC,CL_AREA.KG11,,CL_UNIT_MEASURE.PT,49.217
2017,CL_FREQ.A,CL_REPORTING_TYPE.N,CL_SERIES.SN_ITK_DEFC,CL_AREA.KG11,,CL_UNIT_MEASURE.PT,60.2912
2018,CL_FREQ.A,CL_REPORTING_TYPE.N,CL_SERIES.SN_ITK_DEFC,CL_AREA.KG11,,CL_UNIT_MEASURE.PT,51.8
2013,CL_FREQ.A,CL_REPORTING_TYPE.N,CL_SERIES.SN_ITK_DEFC,CL_AREA.KG21,,CL_UNIT_MEASURE.PT,69.262253
2014,CL_FREQ.A,CL_REPORTING_TYPE.N,CL_SERIES.SN_ITK_DEFC,CL_AREA.KG21,,CL_UNIT_MEASURE.PT,67.223461
2015,CL_FREQ.A,CL_REPORTING_TYPE.N,CL_SERIES.SN_ITK_DEFC,CL_AREA.KG21,,CL_UNIT_MEASURE.PT,67.700759
2016,CL_FREQ.A,CL_REPORTING_TYPE.N,CL_SERIES.SN_ITK_DEFC,CL_AREA.KG21,,CL_UNIT_MEASURE.PT,54.4469
2017,CL_FREQ.A,CL_REPORTING_TYPE.N,CL_SERIES.SN_ITK_DEFC,CL_AREA.KG21,,CL_UNIT_MEASURE.PT,72.2366
2018,CL_FREQ.A,CL_REPORTING_TYPE.N,CL_SERIES.SN_ITK_DEFC,CL_AREA.KG21,,CL_UNIT_MEASURE.PT,70.1
