Year,FREQ,REPORTING_TYPE,Series,REF_AREA,Units,Value
2007,A,N,SH_STA_BRTC,,PT,98.436866
2008,A,N,SH_STA_BRTC,,PT,98.483992
2009,A,N,SH_STA_BRTC,,PT,98.495642
2010,A,N,SH_STA_BRTC,,PT,98.309687
2011,A,N,SH_STA_BRTC,,PT,98.622407
2012,A,N,SH_STA_BRTC,,PT,98.838817
2013,A,N,SH_STA_BRTC,,PT,98.985022
2014,A,N,SH_STA_BRTC,,PT,99.176724
2015,A,N,SH_STA_BRTC,,PT,99.230049
2016,A,N,SH_STA_BRTC,,PT,99.185581
2017,A,N,SH_STA_BRTC,,PT,99.3
2018,A,N,SH_STA_BRTC,,PT,99.3
2007,A,N,SH_STA_BRTC,KG05,PT,97.74409
2008,A,N,SH_STA_BRTC,KG05,PT,97.474925
2009,A,N,SH_STA_BRTC,KG05,PT,98.874508
2010,A,N,SH_STA_BRTC,KG05,PT,96.861772
2011,A,N,SH_STA_BRTC,KG05,PT,97.13801
2012,A,N,SH_STA_BRTC,KG05,PT,98.465778
2013,A,N,SH_STA_BRTC,KG05,PT,99.080933
2014,A,N,SH_STA_BRTC,KG05,PT,99.356181
2015,A,N,SH_STA_BRTC,KG05,PT,99.261631
2016,A,N,SH_STA_BRTC,KG05,PT,98.979592
2017,A,N,SH_STA_BRTC,KG05,PT,99.2
2018,A,N,SH_STA_BRTC,KG05,PT,99.4
2007,A,N,SH_STA_BRTC,KG03,PT,98.959241
2008,A,N,SH_STA_BRTC,KG03,PT,98.575021
2009,A,N,SH_STA_BRTC,KG03,PT,98.923445
2010,A,N,SH_STA_BRTC,KG03,PT,98.940709
2011,A,N,SH_STA_BRTC,KG03,PT,99.115744
2012,A,N,SH_STA_BRTC,KG03,PT,99.045346
2013,A,N,SH_STA_BRTC,KG03,PT,99.080837
2014,A,N,SH_STA_BRTC,KG03,PT,99.16137
2015,A,N,SH_STA_BRTC,KG03,PT,99.299119
2016,A,N,SH_STA_BRTC,KG03,PT,99.265036
2017,A,N,SH_STA_BRTC,KG03,PT,99.4
2018,A,N,SH_STA_BRTC,KG03,PT,99.4
2007,A,N,SH_STA_BRTC,KG02,PT,99.294245
2008,A,N,SH_STA_BRTC,KG02,PT,99.008513
2009,A,N,SH_STA_BRTC,KG02,PT,99.274602
2010,A,N,SH_STA_BRTC,KG02,PT,99.414531
2011,A,N,SH_STA_BRTC,KG02,PT,99.463221
2012,A,N,SH_STA_BRTC,KG02,PT,99.435996
2013,A,N,SH_STA_BRTC,KG02,PT,99.427262
2014,A,N,SH_STA_BRTC,KG02,PT,99.451005
2015,A,N,SH_STA_BRTC,KG02,PT,99.391542
2016,A,N,SH_STA_BRTC,KG02,PT,99.422551
2017,A,N,SH_STA_BRTC,KG02,PT,99.5
2018,A,N,SH_STA_BRTC,KG02,PT,99.5
2007,A,N,SH_STA_BRTC,KG04,PT,97.720601
2008,A,N,SH_STA_BRTC,KG04,PT,98.116039
2009,A,N,SH_STA_BRTC,KG04,PT,98.275296
2010,A,N,SH_STA_BRTC,KG04,PT,97.822417
2011,A,N,SH_STA_BRTC,KG04,PT,98.680426
2012,A,N,SH_STA_BRTC,KG04,PT,98.696845
2013,A,N,SH_STA_BRTC,KG04,PT,98.717291
2014,A,N,SH_STA_BRTC,KG04,PT,98.817416
2015,A,N,SH_STA_BRTC,KG04,PT,98.774112
2016,A,N,SH_STA_BRTC,KG04,PT,98.787433
2017,A,N,SH_STA_BRTC,KG04,PT,99.0
2018,A,N,SH_STA_BRTC,KG04,PT,99.2
2007,A,N,SH_STA_BRTC,KG06,PT,96.877363
2008,A,N,SH_STA_BRTC,KG06,PT,97.394325
2009,A,N,SH_STA_BRTC,KG06,PT,96.451545
2010,A,N,SH_STA_BRTC,KG06,PT,96.52909
2011,A,N,SH_STA_BRTC,KG06,PT,97.299639
2012,A,N,SH_STA_BRTC,KG06,PT,97.817694
2013,A,N,SH_STA_BRTC,KG06,PT,98.222659
2014,A,N,SH_STA_BRTC,KG06,PT,98.874035
2015,A,N,SH_STA_BRTC,KG06,PT,99.087129
2016,A,N,SH_STA_BRTC,KG06,PT,99.070282
2017,A,N,SH_STA_BRTC,KG06,PT,99.1
2018,A,N,SH_STA_BRTC,KG06,PT,99.1
2007,A,N,SH_STA_BRTC,KG07,PT,99.285714
2008,A,N,SH_STA_BRTC,KG07,PT,99.252883
2009,A,N,SH_STA_BRTC,KG07,PT,99.270189
2010,A,N,SH_STA_BRTC,KG07,PT,99.485821
2011,A,N,SH_STA_BRTC,KG07,PT,99.688576
2012,A,N,SH_STA_BRTC,KG07,PT,99.660672
2013,A,N,SH_STA_BRTC,KG07,PT,99.694501
2014,A,N,SH_STA_BRTC,KG07,PT,99.680296
2015,A,N,SH_STA_BRTC,KG07,PT,99.729775
2016,A,N,SH_STA_BRTC,KG07,PT,99.713877
2017,A,N,SH_STA_BRTC,KG07,PT,99.5
2018,A,N,SH_STA_BRTC,KG07,PT,99.7
2007,A,N,SH_STA_BRTC,KG08,PT,99.023641
2008,A,N,SH_STA_BRTC,KG08,PT,99.18247
2009,A,N,SH_STA_BRTC,KG08,PT,99.161879
2010,A,N,SH_STA_BRTC,KG08,PT,99.199707
2011,A,N,SH_STA_BRTC,KG08,PT,99.107284
2012,A,N,SH_STA_BRTC,KG08,PT,99.152542
2013,A,N,SH_STA_BRTC,KG08,PT,99.134263
2014,A,N,SH_STA_BRTC,KG08,PT,99.23354
2015,A,N,SH_STA_BRTC,KG08,PT,99.163311
2016,A,N,SH_STA_BRTC,KG08,PT,99.176269
2017,A,N,SH_STA_BRTC,KG08,PT,99.2
2018,A,N,SH_STA_BRTC,KG08,PT,99.2
2007,A,N,SH_STA_BRTC,KG11,PT,99.435435
2008,A,N,SH_STA_BRTC,KG11,PT,99.586624
2009,A,N,SH_STA_BRTC,KG11,PT,99.621193
2010,A,N,SH_STA_BRTC,KG11,PT,99.598067
2011,A,N,SH_STA_BRTC,KG11,PT,99.46062
2012,A,N,SH_STA_BRTC,KG11,PT,99.614421
2013,A,N,SH_STA_BRTC,KG11,PT,99.611183
2014,A,N,SH_STA_BRTC,KG11,PT,99.609444
2015,A,N,SH_STA_BRTC,KG11,PT,99.494367
2016,A,N,SH_STA_BRTC,KG11,PT,99.479551
2017,A,N,SH_STA_BRTC,KG11,PT,99.5
2018,A,N,SH_STA_BRTC,KG11,PT,99.6
2007,A,N,SH_STA_BRTC,KG21,PT,98.916283
2008,A,N,SH_STA_BRTC,KG21,PT,98.982971
2009,A,N,SH_STA_BRTC,KG21,PT,98.918685
2010,A,N,SH_STA_BRTC,KG21,PT,97.390903
2011,A,N,SH_STA_BRTC,KG21,PT,99.342208
2012,A,N,SH_STA_BRTC,KG21,PT,98.973247
2013,A,N,SH_STA_BRTC,KG21,PT,99.300699
2014,A,N,SH_STA_BRTC,KG21,PT,99.388163
2015,A,N,SH_STA_BRTC,KG21,PT,99.258076
2016,A,N,SH_STA_BRTC,KG21,PT,99.319952
2017,A,N,SH_STA_BRTC,KG21,PT,99.5
2018,A,N,SH_STA_BRTC,KG21,PT,99.7
