Year,FREQ,REPORTING_TYPE,Series,REF_AREA,AGE,Units,Value
2007,A,N,SH_DYN_NMRT,,M0,PER_1000_LIVE_BIRTHS,21.062708999999998
2008,A,N,SH_DYN_NMRT,,M0,PER_1000_LIVE_BIRTHS,19.633713
2009,A,N,SH_DYN_NMRT,,M0,PER_1000_LIVE_BIRTHS,18.141025
2010,A,N,SH_DYN_NMRT,,M0,PER_1000_LIVE_BIRTHS,16.397145000000002
2011,A,N,SH_DYN_NMRT,,M0,PER_1000_LIVE_BIRTHS,15.346363
2012,A,N,SH_DYN_NMRT,,M0,PER_1000_LIVE_BIRTHS,14.627092999999999
2013,A,N,SH_DYN_NMRT,,M0,PER_1000_LIVE_BIRTHS,14.891975
2014,A,N,SH_DYN_NMRT,,M0,PER_1000_LIVE_BIRTHS,15.641511999999999
2015,A,N,SH_DYN_NMRT,,M0,PER_1000_LIVE_BIRTHS,13.997993
2016,A,N,SH_DYN_NMRT,,M0,PER_1000_LIVE_BIRTHS,12.670713000000001
2017,A,N,SH_DYN_NMRT,,M0,PER_1000_LIVE_BIRTHS,11.795339
2018,A,N,SH_DYN_NMRT,,M0,PER_1000_LIVE_BIRTHS,12.0
2007,A,N,SH_DYN_NMRT,KG05,M0,PER_1000_LIVE_BIRTHS,20.020582
2008,A,N,SH_DYN_NMRT,KG05,M0,PER_1000_LIVE_BIRTHS,20.371252
2009,A,N,SH_DYN_NMRT,KG05,M0,PER_1000_LIVE_BIRTHS,17.752959
2010,A,N,SH_DYN_NMRT,KG05,M0,PER_1000_LIVE_BIRTHS,17.905103
2011,A,N,SH_DYN_NMRT,KG05,M0,PER_1000_LIVE_BIRTHS,15.911964000000001
2012,A,N,SH_DYN_NMRT,KG05,M0,PER_1000_LIVE_BIRTHS,13.333332999999998
2013,A,N,SH_DYN_NMRT,KG05,M0,PER_1000_LIVE_BIRTHS,13.29229
2014,A,N,SH_DYN_NMRT,KG05,M0,PER_1000_LIVE_BIRTHS,12.498302
2015,A,N,SH_DYN_NMRT,KG05,M0,PER_1000_LIVE_BIRTHS,11.21983
2016,A,N,SH_DYN_NMRT,KG05,M0,PER_1000_LIVE_BIRTHS,10.61082
2017,A,N,SH_DYN_NMRT,KG05,M0,PER_1000_LIVE_BIRTHS,10.611457000000001
2018,A,N,SH_DYN_NMRT,KG05,M0,PER_1000_LIVE_BIRTHS,9.3
2007,A,N,SH_DYN_NMRT,KG03,M0,PER_1000_LIVE_BIRTHS,17.491993
2008,A,N,SH_DYN_NMRT,KG03,M0,PER_1000_LIVE_BIRTHS,13.828495000000002
2009,A,N,SH_DYN_NMRT,KG03,M0,PER_1000_LIVE_BIRTHS,13.109231
2010,A,N,SH_DYN_NMRT,KG03,M0,PER_1000_LIVE_BIRTHS,11.41671
2011,A,N,SH_DYN_NMRT,KG03,M0,PER_1000_LIVE_BIRTHS,11.64604
2012,A,N,SH_DYN_NMRT,KG03,M0,PER_1000_LIVE_BIRTHS,11.539978999999999
2013,A,N,SH_DYN_NMRT,KG03,M0,PER_1000_LIVE_BIRTHS,13.183481
2014,A,N,SH_DYN_NMRT,KG03,M0,PER_1000_LIVE_BIRTHS,14.415326
2015,A,N,SH_DYN_NMRT,KG03,M0,PER_1000_LIVE_BIRTHS,12.659814
2016,A,N,SH_DYN_NMRT,KG03,M0,PER_1000_LIVE_BIRTHS,11.493097
2017,A,N,SH_DYN_NMRT,KG03,M0,PER_1000_LIVE_BIRTHS,9.918574000000001
2018,A,N,SH_DYN_NMRT,KG03,M0,PER_1000_LIVE_BIRTHS,10.2
2007,A,N,SH_DYN_NMRT,KG02,M0,PER_1000_LIVE_BIRTHS,17.433752
2008,A,N,SH_DYN_NMRT,KG02,M0,PER_1000_LIVE_BIRTHS,18.44146
2009,A,N,SH_DYN_NMRT,KG02,M0,PER_1000_LIVE_BIRTHS,16.389014000000003
2010,A,N,SH_DYN_NMRT,KG02,M0,PER_1000_LIVE_BIRTHS,15.933098999999999
2011,A,N,SH_DYN_NMRT,KG02,M0,PER_1000_LIVE_BIRTHS,16.267429
2012,A,N,SH_DYN_NMRT,KG02,M0,PER_1000_LIVE_BIRTHS,14.75265
2013,A,N,SH_DYN_NMRT,KG02,M0,PER_1000_LIVE_BIRTHS,11.261052000000001
2014,A,N,SH_DYN_NMRT,KG02,M0,PER_1000_LIVE_BIRTHS,9.306183
2015,A,N,SH_DYN_NMRT,KG02,M0,PER_1000_LIVE_BIRTHS,12.182109
2016,A,N,SH_DYN_NMRT,KG02,M0,PER_1000_LIVE_BIRTHS,8.420139
2017,A,N,SH_DYN_NMRT,KG02,M0,PER_1000_LIVE_BIRTHS,9.423503
2018,A,N,SH_DYN_NMRT,KG02,M0,PER_1000_LIVE_BIRTHS,8.5
2007,A,N,SH_DYN_NMRT,KG04,M0,PER_1000_LIVE_BIRTHS,17.912773
2008,A,N,SH_DYN_NMRT,KG04,M0,PER_1000_LIVE_BIRTHS,16.943931
2009,A,N,SH_DYN_NMRT,KG04,M0,PER_1000_LIVE_BIRTHS,14.464366
2010,A,N,SH_DYN_NMRT,KG04,M0,PER_1000_LIVE_BIRTHS,12.251149
2011,A,N,SH_DYN_NMRT,KG04,M0,PER_1000_LIVE_BIRTHS,10.273497
2012,A,N,SH_DYN_NMRT,KG04,M0,PER_1000_LIVE_BIRTHS,12.369975
2013,A,N,SH_DYN_NMRT,KG04,M0,PER_1000_LIVE_BIRTHS,11.58413
2014,A,N,SH_DYN_NMRT,KG04,M0,PER_1000_LIVE_BIRTHS,12.209828
2015,A,N,SH_DYN_NMRT,KG04,M0,PER_1000_LIVE_BIRTHS,8.720930000000001
2016,A,N,SH_DYN_NMRT,KG04,M0,PER_1000_LIVE_BIRTHS,11.227763000000001
2017,A,N,SH_DYN_NMRT,KG04,M0,PER_1000_LIVE_BIRTHS,9.984399
2018,A,N,SH_DYN_NMRT,KG04,M0,PER_1000_LIVE_BIRTHS,8.2
2007,A,N,SH_DYN_NMRT,KG06,M0,PER_1000_LIVE_BIRTHS,12.608002
2008,A,N,SH_DYN_NMRT,KG06,M0,PER_1000_LIVE_BIRTHS,13.417951
2009,A,N,SH_DYN_NMRT,KG06,M0,PER_1000_LIVE_BIRTHS,10.630954
2010,A,N,SH_DYN_NMRT,KG06,M0,PER_1000_LIVE_BIRTHS,10.695524
2011,A,N,SH_DYN_NMRT,KG06,M0,PER_1000_LIVE_BIRTHS,8.214286
2012,A,N,SH_DYN_NMRT,KG06,M0,PER_1000_LIVE_BIRTHS,6.444122
2013,A,N,SH_DYN_NMRT,KG06,M0,PER_1000_LIVE_BIRTHS,5.10597
2014,A,N,SH_DYN_NMRT,KG06,M0,PER_1000_LIVE_BIRTHS,5.045162
2015,A,N,SH_DYN_NMRT,KG06,M0,PER_1000_LIVE_BIRTHS,4.312545
2016,A,N,SH_DYN_NMRT,KG06,M0,PER_1000_LIVE_BIRTHS,3.485959
2017,A,N,SH_DYN_NMRT,KG06,M0,PER_1000_LIVE_BIRTHS,3.098263
2018,A,N,SH_DYN_NMRT,KG06,M0,PER_1000_LIVE_BIRTHS,3.4
2007,A,N,SH_DYN_NMRT,KG07,M0,PER_1000_LIVE_BIRTHS,28.86102
2008,A,N,SH_DYN_NMRT,KG07,M0,PER_1000_LIVE_BIRTHS,24.548244
2009,A,N,SH_DYN_NMRT,KG07,M0,PER_1000_LIVE_BIRTHS,25.589948
2010,A,N,SH_DYN_NMRT,KG07,M0,PER_1000_LIVE_BIRTHS,19.147084
2011,A,N,SH_DYN_NMRT,KG07,M0,PER_1000_LIVE_BIRTHS,16.905248999999998
2012,A,N,SH_DYN_NMRT,KG07,M0,PER_1000_LIVE_BIRTHS,15.341308999999999
2013,A,N,SH_DYN_NMRT,KG07,M0,PER_1000_LIVE_BIRTHS,19.851851999999997
2014,A,N,SH_DYN_NMRT,KG07,M0,PER_1000_LIVE_BIRTHS,16.656751999999997
2015,A,N,SH_DYN_NMRT,KG07,M0,PER_1000_LIVE_BIRTHS,12.700333
2016,A,N,SH_DYN_NMRT,KG07,M0,PER_1000_LIVE_BIRTHS,12.336039999999999
2017,A,N,SH_DYN_NMRT,KG07,M0,PER_1000_LIVE_BIRTHS,12.267905
2018,A,N,SH_DYN_NMRT,KG07,M0,PER_1000_LIVE_BIRTHS,16.7
2007,A,N,SH_DYN_NMRT,KG08,M0,PER_1000_LIVE_BIRTHS,21.918468
2008,A,N,SH_DYN_NMRT,KG08,M0,PER_1000_LIVE_BIRTHS,19.965577
2009,A,N,SH_DYN_NMRT,KG08,M0,PER_1000_LIVE_BIRTHS,18.539076
2010,A,N,SH_DYN_NMRT,KG08,M0,PER_1000_LIVE_BIRTHS,16.0724
2011,A,N,SH_DYN_NMRT,KG08,M0,PER_1000_LIVE_BIRTHS,15.37476
2012,A,N,SH_DYN_NMRT,KG08,M0,PER_1000_LIVE_BIRTHS,14.294878
2013,A,N,SH_DYN_NMRT,KG08,M0,PER_1000_LIVE_BIRTHS,14.537282999999999
2014,A,N,SH_DYN_NMRT,KG08,M0,PER_1000_LIVE_BIRTHS,13.354037
2015,A,N,SH_DYN_NMRT,KG08,M0,PER_1000_LIVE_BIRTHS,12.614628
2016,A,N,SH_DYN_NMRT,KG08,M0,PER_1000_LIVE_BIRTHS,10.407594
2017,A,N,SH_DYN_NMRT,KG08,M0,PER_1000_LIVE_BIRTHS,6.655345
2018,A,N,SH_DYN_NMRT,KG08,M0,PER_1000_LIVE_BIRTHS,6.8
2007,A,N,SH_DYN_NMRT,KG11,M0,PER_1000_LIVE_BIRTHS,31.519613
2008,A,N,SH_DYN_NMRT,KG11,M0,PER_1000_LIVE_BIRTHS,29.87456
2009,A,N,SH_DYN_NMRT,KG11,M0,PER_1000_LIVE_BIRTHS,27.261589
2010,A,N,SH_DYN_NMRT,KG11,M0,PER_1000_LIVE_BIRTHS,25.128553
2011,A,N,SH_DYN_NMRT,KG11,M0,PER_1000_LIVE_BIRTHS,24.125335999999997
2012,A,N,SH_DYN_NMRT,KG11,M0,PER_1000_LIVE_BIRTHS,21.38653
2013,A,N,SH_DYN_NMRT,KG11,M0,PER_1000_LIVE_BIRTHS,22.854904
2014,A,N,SH_DYN_NMRT,KG11,M0,PER_1000_LIVE_BIRTHS,25.985737
2015,A,N,SH_DYN_NMRT,KG11,M0,PER_1000_LIVE_BIRTHS,23.028610999999998
2016,A,N,SH_DYN_NMRT,KG11,M0,PER_1000_LIVE_BIRTHS,22.846557999999998
2017,A,N,SH_DYN_NMRT,KG11,M0,PER_1000_LIVE_BIRTHS,23.162225
2018,A,N,SH_DYN_NMRT,KG11,M0,PER_1000_LIVE_BIRTHS,22.9
2007,A,N,SH_DYN_NMRT,KG21,M0,PER_1000_LIVE_BIRTHS,49.506943
2008,A,N,SH_DYN_NMRT,KG21,M0,PER_1000_LIVE_BIRTHS,42.992096000000004
2009,A,N,SH_DYN_NMRT,KG21,M0,PER_1000_LIVE_BIRTHS,49.784765
2010,A,N,SH_DYN_NMRT,KG21,M0,PER_1000_LIVE_BIRTHS,42.06501
2011,A,N,SH_DYN_NMRT,KG21,M0,PER_1000_LIVE_BIRTHS,46.632124
2012,A,N,SH_DYN_NMRT,KG21,M0,PER_1000_LIVE_BIRTHS,53.846154000000006
2013,A,N,SH_DYN_NMRT,KG21,M0,PER_1000_LIVE_BIRTHS,55.639098
2014,A,N,SH_DYN_NMRT,KG21,M0,PER_1000_LIVE_BIRTHS,63.961301
2015,A,N,SH_DYN_NMRT,KG21,M0,PER_1000_LIVE_BIRTHS,61.963775
2016,A,N,SH_DYN_NMRT,KG21,M0,PER_1000_LIVE_BIRTHS,50.222162
2017,A,N,SH_DYN_NMRT,KG21,M0,PER_1000_LIVE_BIRTHS,46.864858
2018,A,N,SH_DYN_NMRT,KG21,M0,PER_1000_LIVE_BIRTHS,34.2
