Year,OBS_STATUS,UNIT_MULT,NATURE,FREQ,REPORTING_TYPE,Series,REF_AREA,AGE,Units,Value
2007,A,0,C,A,N,SH_DYN_NMRT,,M0,PER_1000_LIVE_BIRTHS,21.062709
2008,A,0,C,A,N,SH_DYN_NMRT,,M0,PER_1000_LIVE_BIRTHS,19.633713
2009,A,0,C,A,N,SH_DYN_NMRT,,M0,PER_1000_LIVE_BIRTHS,18.141025
2010,A,0,C,A,N,SH_DYN_NMRT,,M0,PER_1000_LIVE_BIRTHS,16.397145
2011,A,0,C,A,N,SH_DYN_NMRT,,M0,PER_1000_LIVE_BIRTHS,15.346363
2012,A,0,C,A,N,SH_DYN_NMRT,,M0,PER_1000_LIVE_BIRTHS,14.627093
2013,A,0,C,A,N,SH_DYN_NMRT,,M0,PER_1000_LIVE_BIRTHS,14.891975
2014,A,0,C,A,N,SH_DYN_NMRT,,M0,PER_1000_LIVE_BIRTHS,15.641512
2015,A,0,C,A,N,SH_DYN_NMRT,,M0,PER_1000_LIVE_BIRTHS,13.997993
2016,A,0,C,A,N,SH_DYN_NMRT,,M0,PER_1000_LIVE_BIRTHS,12.670713
2017,A,0,C,A,N,SH_DYN_NMRT,,M0,PER_1000_LIVE_BIRTHS,11.795339
2018,A,0,C,A,N,SH_DYN_NMRT,,M0,PER_1000_LIVE_BIRTHS,12.0
2007,A,0,C,A,N,SH_DYN_NMRT,KG05,M0,PER_1000_LIVE_BIRTHS,20.020582
2008,A,0,C,A,N,SH_DYN_NMRT,KG05,M0,PER_1000_LIVE_BIRTHS,20.371252
2009,A,0,C,A,N,SH_DYN_NMRT,KG05,M0,PER_1000_LIVE_BIRTHS,17.752959
2010,A,0,C,A,N,SH_DYN_NMRT,KG05,M0,PER_1000_LIVE_BIRTHS,17.905103
2011,A,0,C,A,N,SH_DYN_NMRT,KG05,M0,PER_1000_LIVE_BIRTHS,15.911964
2012,A,0,C,A,N,SH_DYN_NMRT,KG05,M0,PER_1000_LIVE_BIRTHS,13.333333
2013,A,0,C,A,N,SH_DYN_NMRT,KG05,M0,PER_1000_LIVE_BIRTHS,13.29229
2014,A,0,C,A,N,SH_DYN_NMRT,KG05,M0,PER_1000_LIVE_BIRTHS,12.498302
2015,A,0,C,A,N,SH_DYN_NMRT,KG05,M0,PER_1000_LIVE_BIRTHS,11.21983
2016,A,0,C,A,N,SH_DYN_NMRT,KG05,M0,PER_1000_LIVE_BIRTHS,10.61082
2017,A,0,C,A,N,SH_DYN_NMRT,KG05,M0,PER_1000_LIVE_BIRTHS,10.611457
2018,A,0,C,A,N,SH_DYN_NMRT,KG05,M0,PER_1000_LIVE_BIRTHS,9.3
2007,A,0,C,A,N,SH_DYN_NMRT,KG03,M0,PER_1000_LIVE_BIRTHS,17.491993
2008,A,0,C,A,N,SH_DYN_NMRT,KG03,M0,PER_1000_LIVE_BIRTHS,13.828495
2009,A,0,C,A,N,SH_DYN_NMRT,KG03,M0,PER_1000_LIVE_BIRTHS,13.109231
2010,A,0,C,A,N,SH_DYN_NMRT,KG03,M0,PER_1000_LIVE_BIRTHS,11.41671
2011,A,0,C,A,N,SH_DYN_NMRT,KG03,M0,PER_1000_LIVE_BIRTHS,11.64604
2012,A,0,C,A,N,SH_DYN_NMRT,KG03,M0,PER_1000_LIVE_BIRTHS,11.539979
2013,A,0,C,A,N,SH_DYN_NMRT,KG03,M0,PER_1000_LIVE_BIRTHS,13.183481
2014,A,0,C,A,N,SH_DYN_NMRT,KG03,M0,PER_1000_LIVE_BIRTHS,14.415326
2015,A,0,C,A,N,SH_DYN_NMRT,KG03,M0,PER_1000_LIVE_BIRTHS,12.659814
2016,A,0,C,A,N,SH_DYN_NMRT,KG03,M0,PER_1000_LIVE_BIRTHS,11.493097
2017,A,0,C,A,N,SH_DYN_NMRT,KG03,M0,PER_1000_LIVE_BIRTHS,9.918574
2018,A,0,C,A,N,SH_DYN_NMRT,KG03,M0,PER_1000_LIVE_BIRTHS,10.2
2007,A,0,C,A,N,SH_DYN_NMRT,KG02,M0,PER_1000_LIVE_BIRTHS,17.433752
2008,A,0,C,A,N,SH_DYN_NMRT,KG02,M0,PER_1000_LIVE_BIRTHS,18.44146
2009,A,0,C,A,N,SH_DYN_NMRT,KG02,M0,PER_1000_LIVE_BIRTHS,16.389014
2010,A,0,C,A,N,SH_DYN_NMRT,KG02,M0,PER_1000_LIVE_BIRTHS,15.933099
2011,A,0,C,A,N,SH_DYN_NMRT,KG02,M0,PER_1000_LIVE_BIRTHS,16.267429
2012,A,0,C,A,N,SH_DYN_NMRT,KG02,M0,PER_1000_LIVE_BIRTHS,14.75265
2013,A,0,C,A,N,SH_DYN_NMRT,KG02,M0,PER_1000_LIVE_BIRTHS,11.261052
2014,A,0,C,A,N,SH_DYN_NMRT,KG02,M0,PER_1000_LIVE_BIRTHS,9.306183
2015,A,0,C,A,N,SH_DYN_NMRT,KG02,M0,PER_1000_LIVE_BIRTHS,12.182109
2016,A,0,C,A,N,SH_DYN_NMRT,KG02,M0,PER_1000_LIVE_BIRTHS,8.420139
2017,A,0,C,A,N,SH_DYN_NMRT,KG02,M0,PER_1000_LIVE_BIRTHS,9.423503
2018,A,0,C,A,N,SH_DYN_NMRT,KG02,M0,PER_1000_LIVE_BIRTHS,8.5
2007,A,0,C,A,N,SH_DYN_NMRT,KG04,M0,PER_1000_LIVE_BIRTHS,17.912773
2008,A,0,C,A,N,SH_DYN_NMRT,KG04,M0,PER_1000_LIVE_BIRTHS,16.943931
2009,A,0,C,A,N,SH_DYN_NMRT,KG04,M0,PER_1000_LIVE_BIRTHS,14.464366
2010,A,0,C,A,N,SH_DYN_NMRT,KG04,M0,PER_1000_LIVE_BIRTHS,12.251149
2011,A,0,C,A,N,SH_DYN_NMRT,KG04,M0,PER_1000_LIVE_BIRTHS,10.273497
2012,A,0,C,A,N,SH_DYN_NMRT,KG04,M0,PER_1000_LIVE_BIRTHS,12.369975
2013,A,0,C,A,N,SH_DYN_NMRT,KG04,M0,PER_1000_LIVE_BIRTHS,11.58413
2014,A,0,C,A,N,SH_DYN_NMRT,KG04,M0,PER_1000_LIVE_BIRTHS,12.209828
2015,A,0,C,A,N,SH_DYN_NMRT,KG04,M0,PER_1000_LIVE_BIRTHS,8.72093
2016,A,0,C,A,N,SH_DYN_NMRT,KG04,M0,PER_1000_LIVE_BIRTHS,11.227763
2017,A,0,C,A,N,SH_DYN_NMRT,KG04,M0,PER_1000_LIVE_BIRTHS,9.984399
2018,A,0,C,A,N,SH_DYN_NMRT,KG04,M0,PER_1000_LIVE_BIRTHS,8.2
2007,A,0,C,A,N,SH_DYN_NMRT,KG06,M0,PER_1000_LIVE_BIRTHS,12.608002
2008,A,0,C,A,N,SH_DYN_NMRT,KG06,M0,PER_1000_LIVE_BIRTHS,13.417951
2009,A,0,C,A,N,SH_DYN_NMRT,KG06,M0,PER_1000_LIVE_BIRTHS,10.630954
2010,A,0,C,A,N,SH_DYN_NMRT,KG06,M0,PER_1000_LIVE_BIRTHS,10.695524
2011,A,0,C,A,N,SH_DYN_NMRT,KG06,M0,PER_1000_LIVE_BIRTHS,8.214286
2012,A,0,C,A,N,SH_DYN_NMRT,KG06,M0,PER_1000_LIVE_BIRTHS,6.444122
2013,A,0,C,A,N,SH_DYN_NMRT,KG06,M0,PER_1000_LIVE_BIRTHS,5.10597
2014,A,0,C,A,N,SH_DYN_NMRT,KG06,M0,PER_1000_LIVE_BIRTHS,5.045162
2015,A,0,C,A,N,SH_DYN_NMRT,KG06,M0,PER_1000_LIVE_BIRTHS,4.312545
2016,A,0,C,A,N,SH_DYN_NMRT,KG06,M0,PER_1000_LIVE_BIRTHS,3.485959
2017,A,0,C,A,N,SH_DYN_NMRT,KG06,M0,PER_1000_LIVE_BIRTHS,3.098263
2018,A,0,C,A,N,SH_DYN_NMRT,KG06,M0,PER_1000_LIVE_BIRTHS,3.4
2007,A,0,C,A,N,SH_DYN_NMRT,KG07,M0,PER_1000_LIVE_BIRTHS,28.86102
2008,A,0,C,A,N,SH_DYN_NMRT,KG07,M0,PER_1000_LIVE_BIRTHS,24.548244
2009,A,0,C,A,N,SH_DYN_NMRT,KG07,M0,PER_1000_LIVE_BIRTHS,25.589948
2010,A,0,C,A,N,SH_DYN_NMRT,KG07,M0,PER_1000_LIVE_BIRTHS,19.147084
2011,A,0,C,A,N,SH_DYN_NMRT,KG07,M0,PER_1000_LIVE_BIRTHS,16.905249
2012,A,0,C,A,N,SH_DYN_NMRT,KG07,M0,PER_1000_LIVE_BIRTHS,15.341309
2013,A,0,C,A,N,SH_DYN_NMRT,KG07,M0,PER_1000_LIVE_BIRTHS,19.851852
2014,A,0,C,A,N,SH_DYN_NMRT,KG07,M0,PER_1000_LIVE_BIRTHS,16.656752
2015,A,0,C,A,N,SH_DYN_NMRT,KG07,M0,PER_1000_LIVE_BIRTHS,12.700333
2016,A,0,C,A,N,SH_DYN_NMRT,KG07,M0,PER_1000_LIVE_BIRTHS,12.33604
2017,A,0,C,A,N,SH_DYN_NMRT,KG07,M0,PER_1000_LIVE_BIRTHS,12.267905
2018,A,0,C,A,N,SH_DYN_NMRT,KG07,M0,PER_1000_LIVE_BIRTHS,16.7
2007,A,0,C,A,N,SH_DYN_NMRT,KG08,M0,PER_1000_LIVE_BIRTHS,21.918468
2008,A,0,C,A,N,SH_DYN_NMRT,KG08,M0,PER_1000_LIVE_BIRTHS,19.965577
2009,A,0,C,A,N,SH_DYN_NMRT,KG08,M0,PER_1000_LIVE_BIRTHS,18.539076
2010,A,0,C,A,N,SH_DYN_NMRT,KG08,M0,PER_1000_LIVE_BIRTHS,16.0724
2011,A,0,C,A,N,SH_DYN_NMRT,KG08,M0,PER_1000_LIVE_BIRTHS,15.37476
2012,A,0,C,A,N,SH_DYN_NMRT,KG08,M0,PER_1000_LIVE_BIRTHS,14.294878
2013,A,0,C,A,N,SH_DYN_NMRT,KG08,M0,PER_1000_LIVE_BIRTHS,14.537283
2014,A,0,C,A,N,SH_DYN_NMRT,KG08,M0,PER_1000_LIVE_BIRTHS,13.354037
2015,A,0,C,A,N,SH_DYN_NMRT,KG08,M0,PER_1000_LIVE_BIRTHS,12.614628
2016,A,0,C,A,N,SH_DYN_NMRT,KG08,M0,PER_1000_LIVE_BIRTHS,10.407594
2017,A,0,C,A,N,SH_DYN_NMRT,KG08,M0,PER_1000_LIVE_BIRTHS,6.655345
2018,A,0,C,A,N,SH_DYN_NMRT,KG08,M0,PER_1000_LIVE_BIRTHS,6.8
2007,A,0,C,A,N,SH_DYN_NMRT,KG11,M0,PER_1000_LIVE_BIRTHS,31.519613
2008,A,0,C,A,N,SH_DYN_NMRT,KG11,M0,PER_1000_LIVE_BIRTHS,29.87456
2009,A,0,C,A,N,SH_DYN_NMRT,KG11,M0,PER_1000_LIVE_BIRTHS,27.261589
2010,A,0,C,A,N,SH_DYN_NMRT,KG11,M0,PER_1000_LIVE_BIRTHS,25.128553
2011,A,0,C,A,N,SH_DYN_NMRT,KG11,M0,PER_1000_LIVE_BIRTHS,24.125336
2012,A,0,C,A,N,SH_DYN_NMRT,KG11,M0,PER_1000_LIVE_BIRTHS,21.38653
2013,A,0,C,A,N,SH_DYN_NMRT,KG11,M0,PER_1000_LIVE_BIRTHS,22.854904
2014,A,0,C,A,N,SH_DYN_NMRT,KG11,M0,PER_1000_LIVE_BIRTHS,25.985737
2015,A,0,C,A,N,SH_DYN_NMRT,KG11,M0,PER_1000_LIVE_BIRTHS,23.028611
2016,A,0,C,A,N,SH_DYN_NMRT,KG11,M0,PER_1000_LIVE_BIRTHS,22.846558
2017,A,0,C,A,N,SH_DYN_NMRT,KG11,M0,PER_1000_LIVE_BIRTHS,23.162225
2018,A,0,C,A,N,SH_DYN_NMRT,KG11,M0,PER_1000_LIVE_BIRTHS,22.9
2007,A,0,C,A,N,SH_DYN_NMRT,KG21,M0,PER_1000_LIVE_BIRTHS,49.506943
2008,A,0,C,A,N,SH_DYN_NMRT,KG21,M0,PER_1000_LIVE_BIRTHS,42.992096
2009,A,0,C,A,N,SH_DYN_NMRT,KG21,M0,PER_1000_LIVE_BIRTHS,49.784765
2010,A,0,C,A,N,SH_DYN_NMRT,KG21,M0,PER_1000_LIVE_BIRTHS,42.06501
2011,A,0,C,A,N,SH_DYN_NMRT,KG21,M0,PER_1000_LIVE_BIRTHS,46.632124
2012,A,0,C,A,N,SH_DYN_NMRT,KG21,M0,PER_1000_LIVE_BIRTHS,53.846154
2013,A,0,C,A,N,SH_DYN_NMRT,KG21,M0,PER_1000_LIVE_BIRTHS,55.639098
2014,A,0,C,A,N,SH_DYN_NMRT,KG21,M0,PER_1000_LIVE_BIRTHS,63.961301
2015,A,0,C,A,N,SH_DYN_NMRT,KG21,M0,PER_1000_LIVE_BIRTHS,61.963775
2016,A,0,C,A,N,SH_DYN_NMRT,KG21,M0,PER_1000_LIVE_BIRTHS,50.222162
2017,A,0,C,A,N,SH_DYN_NMRT,KG21,M0,PER_1000_LIVE_BIRTHS,46.864858
2018,A,0,C,A,N,SH_DYN_NMRT,KG21,M0,PER_1000_LIVE_BIRTHS,34.2
