Year,FREQ,REPORTING_TYPE,Series,REF_AREA,SEX,Units,Value
2007,A,N,SH_HAP_HBSAG,,,PER_100000_POP,12.090992
2008,A,N,SH_HAP_HBSAG,,,PER_100000_POP,10.585236
2009,A,N,SH_HAP_HBSAG,,,PER_100000_POP,10.866987
2010,A,N,SH_HAP_HBSAG,,,PER_100000_POP,9.159392
2011,A,N,SH_HAP_HBSAG,,,PER_100000_POP,9.955113
2012,A,N,SH_HAP_HBSAG,,,PER_100000_POP,10.075772
2013,A,N,SH_HAP_HBSAG,,,PER_100000_POP,8.0
2014,A,N,SH_HAP_HBSAG,,,PER_100000_POP,7.5
2015,A,N,SH_HAP_HBSAG,,,PER_100000_POP,5.9
2016,A,N,SH_HAP_HBSAG,,,PER_100000_POP,6.0
2017,A,N,SH_HAP_HBSAG,,,PER_100000_POP,5.3
2018,A,N,SH_HAP_HBSAG,,,PER_100000_POP,5.139872
2007,A,N,SH_HAP_HBSAG,,F,PER_100000_POP,10.263860000000001
2008,A,N,SH_HAP_HBSAG,,F,PER_100000_POP,8.088592
2009,A,N,SH_HAP_HBSAG,,F,PER_100000_POP,7.22507
2010,A,N,SH_HAP_HBSAG,,F,PER_100000_POP,6.597241
2011,A,N,SH_HAP_HBSAG,,F,PER_100000_POP,7.700463
2012,A,N,SH_HAP_HBSAG,,F,PER_100000_POP,7.084345
2013,A,N,SH_HAP_HBSAG,,F,PER_100000_POP,6.4
2014,A,N,SH_HAP_HBSAG,,F,PER_100000_POP,5.5
2015,A,N,SH_HAP_HBSAG,,F,PER_100000_POP,4.2
2016,A,N,SH_HAP_HBSAG,,F,PER_100000_POP,4.5
2017,A,N,SH_HAP_HBSAG,,F,PER_100000_POP,4.3
2018,A,N,SH_HAP_HBSAG,,F,PER_100000_POP,3.5452199999999996
2007,A,N,SH_HAP_HBSAG,,M,PER_100000_POP,13.967856
2008,A,N,SH_HAP_HBSAG,,M,PER_100000_POP,13.149996
2009,A,N,SH_HAP_HBSAG,,M,PER_100000_POP,14.604804999999999
2010,A,N,SH_HAP_HBSAG,,M,PER_100000_POP,11.787756
2011,A,N,SH_HAP_HBSAG,,M,PER_100000_POP,12.267172
2012,A,N,SH_HAP_HBSAG,,M,PER_100000_POP,13.139517999999999
2013,A,N,SH_HAP_HBSAG,,M,PER_100000_POP,9.5
2014,A,N,SH_HAP_HBSAG,,M,PER_100000_POP,9.5
2015,A,N,SH_HAP_HBSAG,,M,PER_100000_POP,7.5
2016,A,N,SH_HAP_HBSAG,,M,PER_100000_POP,7.5
2017,A,N,SH_HAP_HBSAG,,M,PER_100000_POP,6.2
2018,A,N,SH_HAP_HBSAG,,M,PER_100000_POP,6.760797
2007,A,N,SH_HAP_HBSAG,KG05,,PER_100000_POP,20.180532999999997
2008,A,N,SH_HAP_HBSAG,KG05,,PER_100000_POP,20.012808
2009,A,N,SH_HAP_HBSAG,KG05,,PER_100000_POP,11.615832000000001
2010,A,N,SH_HAP_HBSAG,KG05,,PER_100000_POP,4.57193
2011,A,N,SH_HAP_HBSAG,KG05,,PER_100000_POP,11.68605
2012,A,N,SH_HAP_HBSAG,KG05,,PER_100000_POP,8.592769
2013,A,N,SH_HAP_HBSAG,KG05,,PER_100000_POP,7.1
2014,A,N,SH_HAP_HBSAG,KG05,,PER_100000_POP,5.7
2015,A,N,SH_HAP_HBSAG,KG05,,PER_100000_POP,4.9
2016,A,N,SH_HAP_HBSAG,KG05,,PER_100000_POP,8.6
2017,A,N,SH_HAP_HBSAG,KG05,,PER_100000_POP,2.6
2018,A,N,SH_HAP_HBSAG,KG05,,PER_100000_POP,3.080721
2007,A,N,SH_HAP_HBSAG,KG05,F,PER_100000_POP,18.345435000000002
2008,A,N,SH_HAP_HBSAG,KG05,F,PER_100000_POP,17.247244
2009,A,N,SH_HAP_HBSAG,KG05,F,PER_100000_POP,9.457249000000001
2010,A,N,SH_HAP_HBSAG,KG05,F,PER_100000_POP,3.253393
2011,A,N,SH_HAP_HBSAG,KG05,F,PER_100000_POP,8.215202
2012,A,N,SH_HAP_HBSAG,KG05,F,PER_100000_POP,6.264963
2013,A,N,SH_HAP_HBSAG,KG05,F,PER_100000_POP,7.0
2014,A,N,SH_HAP_HBSAG,KG05,F,PER_100000_POP,5.1
2015,A,N,SH_HAP_HBSAG,KG05,F,PER_100000_POP,4.2
2016,A,N,SH_HAP_HBSAG,KG05,F,PER_100000_POP,9.0
2017,A,N,SH_HAP_HBSAG,KG05,F,PER_100000_POP,2.8
2018,A,N,SH_HAP_HBSAG,KG05,F,PER_100000_POP,2.7464009999999996
2007,A,N,SH_HAP_HBSAG,KG05,M,PER_100000_POP,21.956256
2008,A,N,SH_HAP_HBSAG,KG05,M,PER_100000_POP,22.68529
2009,A,N,SH_HAP_HBSAG,KG05,M,PER_100000_POP,13.700569
2010,A,N,SH_HAP_HBSAG,KG05,M,PER_100000_POP,5.848164
2011,A,N,SH_HAP_HBSAG,KG05,M,PER_100000_POP,15.052973000000001
2012,A,N,SH_HAP_HBSAG,KG05,M,PER_100000_POP,10.850458999999999
2013,A,N,SH_HAP_HBSAG,KG05,M,PER_100000_POP,7.2
2014,A,N,SH_HAP_HBSAG,KG05,M,PER_100000_POP,6.2
2015,A,N,SH_HAP_HBSAG,KG05,M,PER_100000_POP,5.7
2016,A,N,SH_HAP_HBSAG,KG05,M,PER_100000_POP,8.3
2017,A,N,SH_HAP_HBSAG,KG05,M,PER_100000_POP,2.3
2018,A,N,SH_HAP_HBSAG,KG05,M,PER_100000_POP,3.402904
2007,A,N,SH_HAP_HBSAG,KG03,,PER_100000_POP,5.870303
2008,A,N,SH_HAP_HBSAG,KG03,,PER_100000_POP,6.4034
2009,A,N,SH_HAP_HBSAG,KG03,,PER_100000_POP,6.305723
2010,A,N,SH_HAP_HBSAG,KG03,,PER_100000_POP,5.922974
2011,A,N,SH_HAP_HBSAG,KG03,,PER_100000_POP,4.782698
2012,A,N,SH_HAP_HBSAG,KG03,,PER_100000_POP,8.916337
2013,A,N,SH_HAP_HBSAG,KG03,,PER_100000_POP,7.2
2014,A,N,SH_HAP_HBSAG,KG03,,PER_100000_POP,5.8
2015,A,N,SH_HAP_HBSAG,KG03,,PER_100000_POP,4.4
2016,A,N,SH_HAP_HBSAG,KG03,,PER_100000_POP,2.6
2017,A,N,SH_HAP_HBSAG,KG03,,PER_100000_POP,3.3
2018,A,N,SH_HAP_HBSAG,KG03,,PER_100000_POP,2.661109
2007,A,N,SH_HAP_HBSAG,KG03,F,PER_100000_POP,4.656511
2008,A,N,SH_HAP_HBSAG,KG03,F,PER_100000_POP,4.604632
2009,A,N,SH_HAP_HBSAG,KG03,F,PER_100000_POP,5.719538
2010,A,N,SH_HAP_HBSAG,KG03,F,PER_100000_POP,4.08245
2011,A,N,SH_HAP_HBSAG,KG03,F,PER_100000_POP,4.788933
2012,A,N,SH_HAP_HBSAG,KG03,F,PER_100000_POP,7.898627
2013,A,N,SH_HAP_HBSAG,KG03,F,PER_100000_POP,6.6
2014,A,N,SH_HAP_HBSAG,KG03,F,PER_100000_POP,3.3
2015,A,N,SH_HAP_HBSAG,KG03,F,PER_100000_POP,3.5
2016,A,N,SH_HAP_HBSAG,KG03,F,PER_100000_POP,2.4
2017,A,N,SH_HAP_HBSAG,KG03,F,PER_100000_POP,2.7
2018,A,N,SH_HAP_HBSAG,KG03,F,PER_100000_POP,1.673357
2007,A,N,SH_HAP_HBSAG,KG03,M,PER_100000_POP,7.083701
2008,A,N,SH_HAP_HBSAG,KG03,M,PER_100000_POP,8.200459
2009,A,N,SH_HAP_HBSAG,KG03,M,PER_100000_POP,6.89089
2010,A,N,SH_HAP_HBSAG,KG03,M,PER_100000_POP,7.759592
2011,A,N,SH_HAP_HBSAG,KG03,M,PER_100000_POP,4.77648
2012,A,N,SH_HAP_HBSAG,KG03,M,PER_100000_POP,9.930263
2013,A,N,SH_HAP_HBSAG,KG03,M,PER_100000_POP,7.7
2014,A,N,SH_HAP_HBSAG,KG03,M,PER_100000_POP,8.3
2015,A,N,SH_HAP_HBSAG,KG03,M,PER_100000_POP,5.3
2016,A,N,SH_HAP_HBSAG,KG03,M,PER_100000_POP,2.8
2017,A,N,SH_HAP_HBSAG,KG03,M,PER_100000_POP,3.9
2018,A,N,SH_HAP_HBSAG,KG03,M,PER_100000_POP,3.636935
2007,A,N,SH_HAP_HBSAG,KG02,,PER_100000_POP,10.136497
2008,A,N,SH_HAP_HBSAG,KG02,,PER_100000_POP,7.333378
2009,A,N,SH_HAP_HBSAG,KG02,,PER_100000_POP,9.101396000000001
2010,A,N,SH_HAP_HBSAG,KG02,,PER_100000_POP,9.256730000000001
2011,A,N,SH_HAP_HBSAG,KG02,,PER_100000_POP,10.980097
2012,A,N,SH_HAP_HBSAG,KG02,,PER_100000_POP,8.209561
2013,A,N,SH_HAP_HBSAG,KG02,,PER_100000_POP,9.9
2014,A,N,SH_HAP_HBSAG,KG02,,PER_100000_POP,6.9
2015,A,N,SH_HAP_HBSAG,KG02,,PER_100000_POP,5.4
2016,A,N,SH_HAP_HBSAG,KG02,,PER_100000_POP,4.4
2017,A,N,SH_HAP_HBSAG,KG02,,PER_100000_POP,4.6
2018,A,N,SH_HAP_HBSAG,KG02,,PER_100000_POP,6.168093
2007,A,N,SH_HAP_HBSAG,KG02,F,PER_100000_POP,6.813722
2008,A,N,SH_HAP_HBSAG,KG02,F,PER_100000_POP,5.881022
2009,A,N,SH_HAP_HBSAG,KG02,F,PER_100000_POP,5.848427
2010,A,N,SH_HAP_HBSAG,KG02,F,PER_100000_POP,4.917674
2011,A,N,SH_HAP_HBSAG,KG02,F,PER_100000_POP,7.9955229999999995
2012,A,N,SH_HAP_HBSAG,KG02,F,PER_100000_POP,7.042811
2013,A,N,SH_HAP_HBSAG,KG02,F,PER_100000_POP,6.5
2014,A,N,SH_HAP_HBSAG,KG02,F,PER_100000_POP,5.2
2015,A,N,SH_HAP_HBSAG,KG02,F,PER_100000_POP,4.7
2016,A,N,SH_HAP_HBSAG,KG02,F,PER_100000_POP,2.5
2017,A,N,SH_HAP_HBSAG,KG02,F,PER_100000_POP,5.4
2018,A,N,SH_HAP_HBSAG,KG02,F,PER_100000_POP,2.8660799999999997
2007,A,N,SH_HAP_HBSAG,KG02,M,PER_100000_POP,13.555773
2008,A,N,SH_HAP_HBSAG,KG02,M,PER_100000_POP,8.824444999999999
2009,A,N,SH_HAP_HBSAG,KG02,M,PER_100000_POP,12.43031
2010,A,N,SH_HAP_HBSAG,KG02,M,PER_100000_POP,13.683759
2011,A,N,SH_HAP_HBSAG,KG02,M,PER_100000_POP,14.018523000000002
2012,A,N,SH_HAP_HBSAG,KG02,M,PER_100000_POP,9.395469
2013,A,N,SH_HAP_HBSAG,KG02,M,PER_100000_POP,13.3
2014,A,N,SH_HAP_HBSAG,KG02,M,PER_100000_POP,8.7
2015,A,N,SH_HAP_HBSAG,KG02,M,PER_100000_POP,6.0
2016,A,N,SH_HAP_HBSAG,KG02,M,PER_100000_POP,6.4
2017,A,N,SH_HAP_HBSAG,KG02,M,PER_100000_POP,3.8
2018,A,N,SH_HAP_HBSAG,KG02,M,PER_100000_POP,9.498716
2007,A,N,SH_HAP_HBSAG,KG04,,PER_100000_POP,12.055783
2008,A,N,SH_HAP_HBSAG,KG04,,PER_100000_POP,7.000703999999999
2009,A,N,SH_HAP_HBSAG,KG04,,PER_100000_POP,11.614177
2010,A,N,SH_HAP_HBSAG,KG04,,PER_100000_POP,7.669975999999999
2011,A,N,SH_HAP_HBSAG,KG04,,PER_100000_POP,11.003939
2012,A,N,SH_HAP_HBSAG,KG04,,PER_100000_POP,6.753639
2013,A,N,SH_HAP_HBSAG,KG04,,PER_100000_POP,6.7
2014,A,N,SH_HAP_HBSAG,KG04,,PER_100000_POP,4.4
2015,A,N,SH_HAP_HBSAG,KG04,,PER_100000_POP,2.2
2016,A,N,SH_HAP_HBSAG,KG04,,PER_100000_POP,4.3
2017,A,N,SH_HAP_HBSAG,KG04,,PER_100000_POP,2.8
2018,A,N,SH_HAP_HBSAG,KG04,,PER_100000_POP,3.152773
2007,A,N,SH_HAP_HBSAG,KG04,F,PER_100000_POP,10.98996
2008,A,N,SH_HAP_HBSAG,KG04,F,PER_100000_POP,7.0714690000000004
2009,A,N,SH_HAP_HBSAG,KG04,F,PER_100000_POP,3.9166839999999996
2010,A,N,SH_HAP_HBSAG,KG04,F,PER_100000_POP,4.6612800000000005
2011,A,N,SH_HAP_HBSAG,KG04,F,PER_100000_POP,9.231337
2012,A,N,SH_HAP_HBSAG,KG04,F,PER_100000_POP,5.330531
2013,A,N,SH_HAP_HBSAG,KG04,F,PER_100000_POP,4.5
2014,A,N,SH_HAP_HBSAG,KG04,F,PER_100000_POP,2.2
2015,A,N,SH_HAP_HBSAG,KG04,F,PER_100000_POP,1.5
2016,A,N,SH_HAP_HBSAG,KG04,F,PER_100000_POP,1.5
2017,A,N,SH_HAP_HBSAG,KG04,F,PER_100000_POP,3.6
2018,A,N,SH_HAP_HBSAG,KG04,F,PER_100000_POP,2.853067
2007,A,N,SH_HAP_HBSAG,KG04,M,PER_100000_POP,13.102219999999999
2008,A,N,SH_HAP_HBSAG,KG04,M,PER_100000_POP,6.931341000000001
2009,A,N,SH_HAP_HBSAG,KG04,M,PER_100000_POP,19.135679999999997
2010,A,N,SH_HAP_HBSAG,KG04,M,PER_100000_POP,10.603089
2011,A,N,SH_HAP_HBSAG,KG04,M,PER_100000_POP,12.729315
2012,A,N,SH_HAP_HBSAG,KG04,M,PER_100000_POP,8.135854
2013,A,N,SH_HAP_HBSAG,KG04,M,PER_100000_POP,8.8
2014,A,N,SH_HAP_HBSAG,KG04,M,PER_100000_POP,6.5
2015,A,N,SH_HAP_HBSAG,KG04,M,PER_100000_POP,2.9
2016,A,N,SH_HAP_HBSAG,KG04,M,PER_100000_POP,7.1
2017,A,N,SH_HAP_HBSAG,KG04,M,PER_100000_POP,2.1
2018,A,N,SH_HAP_HBSAG,KG04,M,PER_100000_POP,3.4420330000000003
2007,A,N,SH_HAP_HBSAG,KG06,,PER_100000_POP,3.797045
2008,A,N,SH_HAP_HBSAG,KG06,,PER_100000_POP,4.1173269999999995
2009,A,N,SH_HAP_HBSAG,KG06,,PER_100000_POP,7.480760000000001
2010,A,N,SH_HAP_HBSAG,KG06,,PER_100000_POP,8.360244999999999
2011,A,N,SH_HAP_HBSAG,KG06,,PER_100000_POP,6.407336
2012,A,N,SH_HAP_HBSAG,KG06,,PER_100000_POP,4.222387
2013,A,N,SH_HAP_HBSAG,KG06,,PER_100000_POP,5.1
2014,A,N,SH_HAP_HBSAG,KG06,,PER_100000_POP,6.3
2015,A,N,SH_HAP_HBSAG,KG06,,PER_100000_POP,3.5
2016,A,N,SH_HAP_HBSAG,KG06,,PER_100000_POP,4.6
2017,A,N,SH_HAP_HBSAG,KG06,,PER_100000_POP,5.9
2018,A,N,SH_HAP_HBSAG,KG06,,PER_100000_POP,4.442955
2007,A,N,SH_HAP_HBSAG,KG06,F,PER_100000_POP,3.9205949999999996
2008,A,N,SH_HAP_HBSAG,KG06,F,PER_100000_POP,3.504507
2009,A,N,SH_HAP_HBSAG,KG06,F,PER_100000_POP,5.269824
2010,A,N,SH_HAP_HBSAG,KG06,F,PER_100000_POP,6.451682
2011,A,N,SH_HAP_HBSAG,KG06,F,PER_100000_POP,5.833243
2012,A,N,SH_HAP_HBSAG,KG06,F,PER_100000_POP,3.2982620000000002
2013,A,N,SH_HAP_HBSAG,KG06,F,PER_100000_POP,4.6
2014,A,N,SH_HAP_HBSAG,KG06,F,PER_100000_POP,5.0
2015,A,N,SH_HAP_HBSAG,KG06,F,PER_100000_POP,2.6
2016,A,N,SH_HAP_HBSAG,KG06,F,PER_100000_POP,2.4
2017,A,N,SH_HAP_HBSAG,KG06,F,PER_100000_POP,5.3
2018,A,N,SH_HAP_HBSAG,KG06,F,PER_100000_POP,3.043862
2007,A,N,SH_HAP_HBSAG,KG06,M,PER_100000_POP,3.6754300000000004
2008,A,N,SH_HAP_HBSAG,KG06,M,PER_100000_POP,4.720552
2009,A,N,SH_HAP_HBSAG,KG06,M,PER_100000_POP,9.65648
2010,A,N,SH_HAP_HBSAG,KG06,M,PER_100000_POP,10.240565
2011,A,N,SH_HAP_HBSAG,KG06,M,PER_100000_POP,6.973549
2012,A,N,SH_HAP_HBSAG,KG06,M,PER_100000_POP,5.1332949999999995
2013,A,N,SH_HAP_HBSAG,KG06,M,PER_100000_POP,5.5
2014,A,N,SH_HAP_HBSAG,KG06,M,PER_100000_POP,7.7
2015,A,N,SH_HAP_HBSAG,KG06,M,PER_100000_POP,4.5
2016,A,N,SH_HAP_HBSAG,KG06,M,PER_100000_POP,6.8
2017,A,N,SH_HAP_HBSAG,KG06,M,PER_100000_POP,6.5
2018,A,N,SH_HAP_HBSAG,KG06,M,PER_100000_POP,5.813217
2007,A,N,SH_HAP_HBSAG,KG07,,PER_100000_POP,7.635028
2008,A,N,SH_HAP_HBSAG,KG07,,PER_100000_POP,5.776699
2009,A,N,SH_HAP_HBSAG,KG07,,PER_100000_POP,4.832
2010,A,N,SH_HAP_HBSAG,KG07,,PER_100000_POP,11.284379
2011,A,N,SH_HAP_HBSAG,KG07,,PER_100000_POP,8.134502000000001
2012,A,N,SH_HAP_HBSAG,KG07,,PER_100000_POP,8.424032
2013,A,N,SH_HAP_HBSAG,KG07,,PER_100000_POP,7.9
2014,A,N,SH_HAP_HBSAG,KG07,,PER_100000_POP,6.5
2015,A,N,SH_HAP_HBSAG,KG07,,PER_100000_POP,5.2
2016,A,N,SH_HAP_HBSAG,KG07,,PER_100000_POP,6.3
2017,A,N,SH_HAP_HBSAG,KG07,,PER_100000_POP,3.9
2018,A,N,SH_HAP_HBSAG,KG07,,PER_100000_POP,2.679877
2007,A,N,SH_HAP_HBSAG,KG07,F,PER_100000_POP,10.776346
2008,A,N,SH_HAP_HBSAG,KG07,F,PER_100000_POP,7.11383
2009,A,N,SH_HAP_HBSAG,KG07,F,PER_100000_POP,3.5200419999999997
2010,A,N,SH_HAP_HBSAG,KG07,F,PER_100000_POP,13.05733
2011,A,N,SH_HAP_HBSAG,KG07,F,PER_100000_POP,6.020884
2012,A,N,SH_HAP_HBSAG,KG07,F,PER_100000_POP,6.779717999999999
2013,A,N,SH_HAP_HBSAG,KG07,F,PER_100000_POP,5.0
2014,A,N,SH_HAP_HBSAG,KG07,F,PER_100000_POP,5.8
2015,A,N,SH_HAP_HBSAG,KG07,F,PER_100000_POP,2.4
2016,A,N,SH_HAP_HBSAG,KG07,F,PER_100000_POP,5.6
2017,A,N,SH_HAP_HBSAG,KG07,F,PER_100000_POP,1.6
2018,A,N,SH_HAP_HBSAG,KG07,F,PER_100000_POP,3.096263
2007,A,N,SH_HAP_HBSAG,KG07,M,PER_100000_POP,4.492242
2008,A,N,SH_HAP_HBSAG,KG07,M,PER_100000_POP,4.441089
2009,A,N,SH_HAP_HBSAG,KG07,M,PER_100000_POP,6.139597
2010,A,N,SH_HAP_HBSAG,KG07,M,PER_100000_POP,9.521419
2011,A,N,SH_HAP_HBSAG,KG07,M,PER_100000_POP,10.22922
2012,A,N,SH_HAP_HBSAG,KG07,M,PER_100000_POP,10.048821
2013,A,N,SH_HAP_HBSAG,KG07,M,PER_100000_POP,10.7
2014,A,N,SH_HAP_HBSAG,KG07,M,PER_100000_POP,7.3
2015,A,N,SH_HAP_HBSAG,KG07,M,PER_100000_POP,8.0
2016,A,N,SH_HAP_HBSAG,KG07,M,PER_100000_POP,7.0
2017,A,N,SH_HAP_HBSAG,KG07,M,PER_100000_POP,6.2
2018,A,N,SH_HAP_HBSAG,KG07,M,PER_100000_POP,2.272417
2007,A,N,SH_HAP_HBSAG,KG08,,PER_100000_POP,12.255614
2008,A,N,SH_HAP_HBSAG,KG08,,PER_100000_POP,13.153626000000001
2009,A,N,SH_HAP_HBSAG,KG08,,PER_100000_POP,11.182041
2010,A,N,SH_HAP_HBSAG,KG08,,PER_100000_POP,6.530648
2011,A,N,SH_HAP_HBSAG,KG08,,PER_100000_POP,10.259855
2012,A,N,SH_HAP_HBSAG,KG08,,PER_100000_POP,8.790298
2013,A,N,SH_HAP_HBSAG,KG08,,PER_100000_POP,6.6
2014,A,N,SH_HAP_HBSAG,KG08,,PER_100000_POP,6.5
2015,A,N,SH_HAP_HBSAG,KG08,,PER_100000_POP,5.8
2016,A,N,SH_HAP_HBSAG,KG08,,PER_100000_POP,5.4
2017,A,N,SH_HAP_HBSAG,KG08,,PER_100000_POP,4.8
2018,A,N,SH_HAP_HBSAG,KG08,,PER_100000_POP,6.334346
2007,A,N,SH_HAP_HBSAG,KG08,F,PER_100000_POP,9.181073
2008,A,N,SH_HAP_HBSAG,KG08,F,PER_100000_POP,8.612184
2009,A,N,SH_HAP_HBSAG,KG08,F,PER_100000_POP,7.080216
2010,A,N,SH_HAP_HBSAG,KG08,F,PER_100000_POP,6.056436
2011,A,N,SH_HAP_HBSAG,KG08,F,PER_100000_POP,8.891003999999999
2012,A,N,SH_HAP_HBSAG,KG08,F,PER_100000_POP,7.112005
2013,A,N,SH_HAP_HBSAG,KG08,F,PER_100000_POP,6.3
2014,A,N,SH_HAP_HBSAG,KG08,F,PER_100000_POP,3.9
2015,A,N,SH_HAP_HBSAG,KG08,F,PER_100000_POP,4.7
2016,A,N,SH_HAP_HBSAG,KG08,F,PER_100000_POP,4.2
2017,A,N,SH_HAP_HBSAG,KG08,F,PER_100000_POP,2.6
2018,A,N,SH_HAP_HBSAG,KG08,F,PER_100000_POP,4.864719
2007,A,N,SH_HAP_HBSAG,KG08,M,PER_100000_POP,15.445167999999999
2008,A,N,SH_HAP_HBSAG,KG08,M,PER_100000_POP,17.863614000000002
2009,A,N,SH_HAP_HBSAG,KG08,M,PER_100000_POP,15.432489000000002
2010,A,N,SH_HAP_HBSAG,KG08,M,PER_100000_POP,7.021521000000001
2011,A,N,SH_HAP_HBSAG,KG08,M,PER_100000_POP,11.674872
2012,A,N,SH_HAP_HBSAG,KG08,M,PER_100000_POP,10.522735
2013,A,N,SH_HAP_HBSAG,KG08,M,PER_100000_POP,7.0
2014,A,N,SH_HAP_HBSAG,KG08,M,PER_100000_POP,9.2
2015,A,N,SH_HAP_HBSAG,KG08,M,PER_100000_POP,6.9
2016,A,N,SH_HAP_HBSAG,KG08,M,PER_100000_POP,6.6
2017,A,N,SH_HAP_HBSAG,KG08,M,PER_100000_POP,7.1
2018,A,N,SH_HAP_HBSAG,KG08,M,PER_100000_POP,7.849328
2007,A,N,SH_HAP_HBSAG,KG11,,PER_100000_POP,19.444499
2008,A,N,SH_HAP_HBSAG,KG11,,PER_100000_POP,16.559632999999998
2009,A,N,SH_HAP_HBSAG,KG11,,PER_100000_POP,18.582512
2010,A,N,SH_HAP_HBSAG,KG11,,PER_100000_POP,17.465079
2011,A,N,SH_HAP_HBSAG,KG11,,PER_100000_POP,16.607541
2012,A,N,SH_HAP_HBSAG,KG11,,PER_100000_POP,17.864088
2013,A,N,SH_HAP_HBSAG,KG11,,PER_100000_POP,10.1
2014,A,N,SH_HAP_HBSAG,KG11,,PER_100000_POP,9.5
2015,A,N,SH_HAP_HBSAG,KG11,,PER_100000_POP,7.9
2016,A,N,SH_HAP_HBSAG,KG11,,PER_100000_POP,10.1
2017,A,N,SH_HAP_HBSAG,KG11,,PER_100000_POP,10.1
2018,A,N,SH_HAP_HBSAG,KG11,,PER_100000_POP,8.968212
2007,A,N,SH_HAP_HBSAG,KG11,F,PER_100000_POP,15.310366
2008,A,N,SH_HAP_HBSAG,KG11,F,PER_100000_POP,11.046411
2009,A,N,SH_HAP_HBSAG,KG11,F,PER_100000_POP,10.882674
2010,A,N,SH_HAP_HBSAG,KG11,F,PER_100000_POP,9.84267
2011,A,N,SH_HAP_HBSAG,KG11,F,PER_100000_POP,10.76723
2012,A,N,SH_HAP_HBSAG,KG11,F,PER_100000_POP,7.817766000000001
2013,A,N,SH_HAP_HBSAG,KG11,F,PER_100000_POP,7.4
2014,A,N,SH_HAP_HBSAG,KG11,F,PER_100000_POP,7.1
2015,A,N,SH_HAP_HBSAG,KG11,F,PER_100000_POP,4.6
2016,A,N,SH_HAP_HBSAG,KG11,F,PER_100000_POP,7.0
2017,A,N,SH_HAP_HBSAG,KG11,F,PER_100000_POP,7.6
2018,A,N,SH_HAP_HBSAG,KG11,F,PER_100000_POP,5.929539
2007,A,N,SH_HAP_HBSAG,KG11,M,PER_100000_POP,24.204157000000002
2008,A,N,SH_HAP_HBSAG,KG11,M,PER_100000_POP,22.932791
2009,A,N,SH_HAP_HBSAG,KG11,M,PER_100000_POP,27.489325
2010,A,N,SH_HAP_HBSAG,KG11,M,PER_100000_POP,26.266739
2011,A,N,SH_HAP_HBSAG,KG11,M,PER_100000_POP,23.342207000000002
2012,A,N,SH_HAP_HBSAG,KG11,M,PER_100000_POP,29.427859
2013,A,N,SH_HAP_HBSAG,KG11,M,PER_100000_POP,13.1
2014,A,N,SH_HAP_HBSAG,KG11,M,PER_100000_POP,12.3
2015,A,N,SH_HAP_HBSAG,KG11,M,PER_100000_POP,11.8
2016,A,N,SH_HAP_HBSAG,KG11,M,PER_100000_POP,13.7
2017,A,N,SH_HAP_HBSAG,KG11,M,PER_100000_POP,12.9
2018,A,N,SH_HAP_HBSAG,KG11,M,PER_100000_POP,12.420425
2007,A,N,SH_HAP_HBSAG,KG21,,PER_100000_POP,40.964579
2008,A,N,SH_HAP_HBSAG,KG21,,PER_100000_POP,24.854561999999998
2009,A,N,SH_HAP_HBSAG,KG21,,PER_100000_POP,23.592385
2010,A,N,SH_HAP_HBSAG,KG21,,PER_100000_POP,13.593447
2011,A,N,SH_HAP_HBSAG,KG21,,PER_100000_POP,19.152071
2012,A,N,SH_HAP_HBSAG,KG21,,PER_100000_POP,29.440247999999997
2013,A,N,SH_HAP_HBSAG,KG21,,PER_100000_POP,21.3
2014,A,N,SH_HAP_HBSAG,KG21,,PER_100000_POP,24.7
2015,A,N,SH_HAP_HBSAG,KG21,,PER_100000_POP,22.3
2016,A,N,SH_HAP_HBSAG,KG21,,PER_100000_POP,14.0
2017,A,N,SH_HAP_HBSAG,KG21,,PER_100000_POP,4.9
2018,A,N,SH_HAP_HBSAG,KG21,,PER_100000_POP,7.479508
2007,A,N,SH_HAP_HBSAG,KG21,F,PER_100000_POP,35.243744
2008,A,N,SH_HAP_HBSAG,KG21,F,PER_100000_POP,19.402116
2009,A,N,SH_HAP_HBSAG,KG21,F,PER_100000_POP,14.139323999999998
2010,A,N,SH_HAP_HBSAG,KG21,F,PER_100000_POP,11.947431
2011,A,N,SH_HAP_HBSAG,KG21,F,PER_100000_POP,11.255262
2012,A,N,SH_HAP_HBSAG,KG21,F,PER_100000_POP,20.837209
2013,A,N,SH_HAP_HBSAG,KG21,F,PER_100000_POP,12.4
2014,A,N,SH_HAP_HBSAG,KG21,F,PER_100000_POP,20.9
2015,A,N,SH_HAP_HBSAG,KG21,F,PER_100000_POP,14.9
2016,A,N,SH_HAP_HBSAG,KG21,F,PER_100000_POP,12.5
2017,A,N,SH_HAP_HBSAG,KG21,F,PER_100000_POP,4.1
2018,A,N,SH_HAP_HBSAG,KG21,F,PER_100000_POP,3.953533
2007,A,N,SH_HAP_HBSAG,KG21,M,PER_100000_POP,47.169044
2008,A,N,SH_HAP_HBSAG,KG21,M,PER_100000_POP,30.771224
2009,A,N,SH_HAP_HBSAG,KG21,M,PER_100000_POP,33.821599
2010,A,N,SH_HAP_HBSAG,KG21,M,PER_100000_POP,15.377517999999998
2011,A,N,SH_HAP_HBSAG,KG21,M,PER_100000_POP,27.737893
2012,A,N,SH_HAP_HBSAG,KG21,M,PER_100000_POP,38.780044000000004
2013,A,N,SH_HAP_HBSAG,KG21,M,PER_100000_POP,30.9
2014,A,N,SH_HAP_HBSAG,KG21,M,PER_100000_POP,28.7
2015,A,N,SH_HAP_HBSAG,KG21,M,PER_100000_POP,30.4
2016,A,N,SH_HAP_HBSAG,KG21,M,PER_100000_POP,15.6
2017,A,N,SH_HAP_HBSAG,KG21,M,PER_100000_POP,5.8
2018,A,N,SH_HAP_HBSAG,KG21,M,PER_100000_POP,11.238007000000001
