Year,FREQ,REPORTING_TYPE,Series,REF_AREA,SEX,Units,Value
2007,A,N,SH_TBS_INCD,,,PER_100000_POP,115.478276
2008,A,N,SH_TBS_INCD,,,PER_100000_POP,106.340082
2009,A,N,SH_TBS_INCD,,,PER_100000_POP,103.932976
2010,A,N,SH_TBS_INCD,,,PER_100000_POP,101.138775
2011,A,N,SH_TBS_INCD,,,PER_100000_POP,100.367124
2012,A,N,SH_TBS_INCD,,,PER_100000_POP,104.342194
2013,A,N,SH_TBS_INCD,,,PER_100000_POP,102.43272
2014,A,N,SH_TBS_INCD,,,PER_100000_POP,101.065558
2015,A,N,SH_TBS_INCD,,,PER_100000_POP,98.249685
2016,A,N,SH_TBS_INCD,,,PER_100000_POP,93.423511
2017,A,N,SH_TBS_INCD,,,PER_100000_POP,90.6
2018,A,N,SH_TBS_INCD,,,PER_100000_POP,83.012882
2007,A,N,SH_TBS_INCD,,F,PER_100000_POP,91.061332
2008,A,N,SH_TBS_INCD,,F,PER_100000_POP,85.809103
2009,A,N,SH_TBS_INCD,,F,PER_100000_POP,85.417204
2010,A,N,SH_TBS_INCD,,F,PER_100000_POP,84.9
2011,A,N,SH_TBS_INCD,,F,PER_100000_POP,81.94725
2012,A,N,SH_TBS_INCD,,F,PER_100000_POP,85.223608
2013,A,N,SH_TBS_INCD,,F,PER_100000_POP,87.8
2014,A,N,SH_TBS_INCD,,F,PER_100000_POP,88.7
2015,A,N,SH_TBS_INCD,,F,PER_100000_POP,83.7
2016,A,N,SH_TBS_INCD,,F,PER_100000_POP,81.7
2017,A,N,SH_TBS_INCD,,F,PER_100000_POP,77.7
2018,A,N,SH_TBS_INCD,,F,PER_100000_POP,69.02199
2007,A,N,SH_TBS_INCD,,M,PER_100000_POP,140.46199
2008,A,N,SH_TBS_INCD,,M,PER_100000_POP,127.338423
2009,A,N,SH_TBS_INCD,,M,PER_100000_POP,122.936319
2010,A,N,SH_TBS_INCD,,M,PER_100000_POP,117.8
2011,A,N,SH_TBS_INCD,,M,PER_100000_POP,119.256007
2012,A,N,SH_TBS_INCD,,M,PER_100000_POP,123.922984
2013,A,N,SH_TBS_INCD,,M,PER_100000_POP,117.4
2014,A,N,SH_TBS_INCD,,M,PER_100000_POP,113.7
2015,A,N,SH_TBS_INCD,,M,PER_100000_POP,113.1
2016,A,N,SH_TBS_INCD,,M,PER_100000_POP,105.3
2017,A,N,SH_TBS_INCD,,M,PER_100000_POP,103.8
2018,A,N,SH_TBS_INCD,,M,PER_100000_POP,97.234292
2007,A,N,SH_TBS_INCD,KG05,,PER_100000_POP,80.315042
2008,A,N,SH_TBS_INCD,KG05,,PER_100000_POP,81.679899
2009,A,N,SH_TBS_INCD,KG05,,PER_100000_POP,82.704723
2010,A,N,SH_TBS_INCD,KG05,,PER_100000_POP,81.83755
2011,A,N,SH_TBS_INCD,KG05,,PER_100000_POP,78.880836
2012,A,N,SH_TBS_INCD,KG05,,PER_100000_POP,90.334237
2013,A,N,SH_TBS_INCD,KG05,,PER_100000_POP,90.032265
2014,A,N,SH_TBS_INCD,KG05,,PER_100000_POP,86.073371
2015,A,N,SH_TBS_INCD,KG05,,PER_100000_POP,72.743563
2016,A,N,SH_TBS_INCD,KG05,,PER_100000_POP,67.061001
2017,A,N,SH_TBS_INCD,KG05,,PER_100000_POP,70.8
2018,A,N,SH_TBS_INCD,KG05,,PER_100000_POP,64.887679
2007,A,N,SH_TBS_INCD,KG05,F,PER_100000_POP,70.837249
2008,A,N,SH_TBS_INCD,KG05,F,PER_100000_POP,67.323067
2009,A,N,SH_TBS_INCD,KG05,F,PER_100000_POP,81.332337
2010,A,N,SH_TBS_INCD,KG05,F,PER_100000_POP,62.3
2011,A,N,SH_TBS_INCD,KG05,F,PER_100000_POP,63.9
2012,A,N,SH_TBS_INCD,KG05,F,PER_100000_POP,79.7
2013,A,N,SH_TBS_INCD,KG05,F,PER_100000_POP,81.0
2014,A,N,SH_TBS_INCD,KG05,F,PER_100000_POP,78.8
2015,A,N,SH_TBS_INCD,KG05,F,PER_100000_POP,63.1
2016,A,N,SH_TBS_INCD,KG05,F,PER_100000_POP,66.6
2017,A,N,SH_TBS_INCD,KG05,F,PER_100000_POP,65.7
2018,A,N,SH_TBS_INCD,KG05,F,PER_100000_POP,60.420827
2007,A,N,SH_TBS_INCD,KG05,M,PER_100000_POP,89.745096
2008,A,N,SH_TBS_INCD,KG05,M,PER_100000_POP,95.98673
2009,A,N,SH_TBS_INCD,KG05,M,PER_100000_POP,84.03016
2010,A,N,SH_TBS_INCD,KG05,M,PER_100000_POP,100.8
2011,A,N,SH_TBS_INCD,KG05,M,PER_100000_POP,93.4
2012,A,N,SH_TBS_INCD,KG05,M,PER_100000_POP,100.7
2013,A,N,SH_TBS_INCD,KG05,M,PER_100000_POP,98.8
2014,A,N,SH_TBS_INCD,KG05,M,PER_100000_POP,93.2
2015,A,N,SH_TBS_INCD,KG05,M,PER_100000_POP,82.0
2016,A,N,SH_TBS_INCD,KG05,M,PER_100000_POP,67.5
2017,A,N,SH_TBS_INCD,KG05,M,PER_100000_POP,75.7
2018,A,N,SH_TBS_INCD,KG05,M,PER_100000_POP,69.192377
2007,A,N,SH_TBS_INCD,KG03,,PER_100000_POP,91.916186
2008,A,N,SH_TBS_INCD,KG03,,PER_100000_POP,88.339312
2009,A,N,SH_TBS_INCD,KG03,,PER_100000_POP,87.787489
2010,A,N,SH_TBS_INCD,KG03,,PER_100000_POP,85.931674
2011,A,N,SH_TBS_INCD,KG03,,PER_100000_POP,82.549369
2012,A,N,SH_TBS_INCD,KG03,,PER_100000_POP,86.910818
2013,A,N,SH_TBS_INCD,KG03,,PER_100000_POP,80.886516
2014,A,N,SH_TBS_INCD,KG03,,PER_100000_POP,85.34428
2015,A,N,SH_TBS_INCD,KG03,,PER_100000_POP,76.512241
2016,A,N,SH_TBS_INCD,KG03,,PER_100000_POP,84.915163
2017,A,N,SH_TBS_INCD,KG03,,PER_100000_POP,80.2
2018,A,N,SH_TBS_INCD,KG03,,PER_100000_POP,73.346827
2007,A,N,SH_TBS_INCD,KG03,F,PER_100000_POP,75.21801
2008,A,N,SH_TBS_INCD,KG03,F,PER_100000_POP,71.207543
2009,A,N,SH_TBS_INCD,KG03,F,PER_100000_POP,71.790057
2010,A,N,SH_TBS_INCD,KG03,F,PER_100000_POP,74.3
2011,A,N,SH_TBS_INCD,KG03,F,PER_100000_POP,72.983333
2012,A,N,SH_TBS_INCD,KG03,F,PER_100000_POP,75.789204
2013,A,N,SH_TBS_INCD,KG03,F,PER_100000_POP,74.3
2014,A,N,SH_TBS_INCD,KG03,F,PER_100000_POP,81.8
2015,A,N,SH_TBS_INCD,KG03,F,PER_100000_POP,66.2
2016,A,N,SH_TBS_INCD,KG03,F,PER_100000_POP,79.5
2017,A,N,SH_TBS_INCD,KG03,F,PER_100000_POP,72.8
2018,A,N,SH_TBS_INCD,KG03,F,PER_100000_POP,64.089585
2007,A,N,SH_TBS_INCD,KG03,M,PER_100000_POP,108.757553
2008,A,N,SH_TBS_INCD,KG03,M,PER_100000_POP,105.621764
2009,A,N,SH_TBS_INCD,KG03,M,PER_100000_POP,103.75711
2010,A,N,SH_TBS_INCD,KG03,M,PER_100000_POP,97.6
2011,A,N,SH_TBS_INCD,KG03,M,PER_100000_POP,92.090531
2012,A,N,SH_TBS_INCD,KG03,M,PER_100000_POP,97.991089
2013,A,N,SH_TBS_INCD,KG03,M,PER_100000_POP,87.5
2014,A,N,SH_TBS_INCD,KG03,M,PER_100000_POP,88.8
2015,A,N,SH_TBS_INCD,KG03,M,PER_100000_POP,86.7
2016,A,N,SH_TBS_INCD,KG03,M,PER_100000_POP,90.3
2017,A,N,SH_TBS_INCD,KG03,M,PER_100000_POP,87.5
2018,A,N,SH_TBS_INCD,KG03,M,PER_100000_POP,82.492292
2007,A,N,SH_TBS_INCD,KG02,,PER_100000_POP,74.818397
2008,A,N,SH_TBS_INCD,KG02,,PER_100000_POP,65.710142
2009,A,N,SH_TBS_INCD,KG02,,PER_100000_POP,68.260473
2010,A,N,SH_TBS_INCD,KG02,,PER_100000_POP,67.280621
2011,A,N,SH_TBS_INCD,KG02,,PER_100000_POP,68.345501
2012,A,N,SH_TBS_INCD,KG02,,PER_100000_POP,70.114091
2013,A,N,SH_TBS_INCD,KG02,,PER_100000_POP,69.963198
2014,A,N,SH_TBS_INCD,KG02,,PER_100000_POP,63.962325
2015,A,N,SH_TBS_INCD,KG02,,PER_100000_POP,58.459621
2016,A,N,SH_TBS_INCD,KG02,,PER_100000_POP,60.411219
2017,A,N,SH_TBS_INCD,KG02,,PER_100000_POP,48.6
2018,A,N,SH_TBS_INCD,KG02,,PER_100000_POP,48.933537
2007,A,N,SH_TBS_INCD,KG02,F,PER_100000_POP,57.509562
2008,A,N,SH_TBS_INCD,KG02,F,PER_100000_POP,56.84919
2009,A,N,SH_TBS_INCD,KG02,F,PER_100000_POP,57.58451
2010,A,N,SH_TBS_INCD,KG02,F,PER_100000_POP,55.0
2011,A,N,SH_TBS_INCD,KG02,F,PER_100000_POP,53.747679
2012,A,N,SH_TBS_INCD,KG02,F,PER_100000_POP,57.222843
2013,A,N,SH_TBS_INCD,KG02,F,PER_100000_POP,57.9
2014,A,N,SH_TBS_INCD,KG02,F,PER_100000_POP,51.3
2015,A,N,SH_TBS_INCD,KG02,F,PER_100000_POP,48.5
2016,A,N,SH_TBS_INCD,KG02,F,PER_100000_POP,53.8
2017,A,N,SH_TBS_INCD,KG02,F,PER_100000_POP,34.8
2018,A,N,SH_TBS_INCD,KG02,F,PER_100000_POP,34.802404
2007,A,N,SH_TBS_INCD,KG02,M,PER_100000_POP,92.654432
2008,A,N,SH_TBS_INCD,KG02,M,PER_100000_POP,74.822647
2009,A,N,SH_TBS_INCD,KG02,M,PER_100000_POP,79.185677
2010,A,N,SH_TBS_INCD,KG02,M,PER_100000_POP,79.8
2011,A,N,SH_TBS_INCD,KG02,M,PER_100000_POP,83.206714
2012,A,N,SH_TBS_INCD,KG02,M,PER_100000_POP,83.217008
2013,A,N,SH_TBS_INCD,KG02,M,PER_100000_POP,82.2
2014,A,N,SH_TBS_INCD,KG02,M,PER_100000_POP,76.8
2015,A,N,SH_TBS_INCD,KG02,M,PER_100000_POP,68.5
2016,A,N,SH_TBS_INCD,KG02,M,PER_100000_POP,67.1
2017,A,N,SH_TBS_INCD,KG02,M,PER_100000_POP,62.4
2018,A,N,SH_TBS_INCD,KG02,M,PER_100000_POP,63.187108
2007,A,N,SH_TBS_INCD,KG04,,PER_100000_POP,89.134835
2008,A,N,SH_TBS_INCD,KG04,,PER_100000_POP,101.241128
2009,A,N,SH_TBS_INCD,KG04,,PER_100000_POP,97.171948
2010,A,N,SH_TBS_INCD,KG04,,PER_100000_POP,103.928178
2011,A,N,SH_TBS_INCD,KG04,,PER_100000_POP,95.240986
2012,A,N,SH_TBS_INCD,KG04,,PER_100000_POP,105.056599
2013,A,N,SH_TBS_INCD,KG04,,PER_100000_POP,90.465191
2014,A,N,SH_TBS_INCD,KG04,,PER_100000_POP,98.190078
2015,A,N,SH_TBS_INCD,KG04,,PER_100000_POP,84.752208
2016,A,N,SH_TBS_INCD,KG04,,PER_100000_POP,77.322632
2017,A,N,SH_TBS_INCD,KG04,,PER_100000_POP,59.5
2018,A,N,SH_TBS_INCD,KG04,,PER_100000_POP,67.959771
2007,A,N,SH_TBS_INCD,KG04,F,PER_100000_POP,73.136894
2008,A,N,SH_TBS_INCD,KG04,F,PER_100000_POP,93.896008
2009,A,N,SH_TBS_INCD,KG04,F,PER_100000_POP,87.733728
2010,A,N,SH_TBS_INCD,KG04,F,PER_100000_POP,85.5
2011,A,N,SH_TBS_INCD,KG04,F,PER_100000_POP,86.159148
2012,A,N,SH_TBS_INCD,KG04,F,PER_100000_POP,83.765487
2013,A,N,SH_TBS_INCD,KG04,F,PER_100000_POP,76.0
2014,A,N,SH_TBS_INCD,KG04,F,PER_100000_POP,87.0
2015,A,N,SH_TBS_INCD,KG04,F,PER_100000_POP,75.0
2016,A,N,SH_TBS_INCD,KG04,F,PER_100000_POP,63.3
2017,A,N,SH_TBS_INCD,KG04,F,PER_100000_POP,49.0
2018,A,N,SH_TBS_INCD,KG04,F,PER_100000_POP,47.075606
2007,A,N,SH_TBS_INCD,KG04,M,PER_100000_POP,104.664525
2008,A,N,SH_TBS_INCD,KG04,M,PER_100000_POP,108.341574
2009,A,N,SH_TBS_INCD,KG04,M,PER_100000_POP,106.394379
2010,A,N,SH_TBS_INCD,KG04,M,PER_100000_POP,121.9
2011,A,N,SH_TBS_INCD,KG04,M,PER_100000_POP,104.080869
2012,A,N,SH_TBS_INCD,KG04,M,PER_100000_POP,125.735925
2013,A,N,SH_TBS_INCD,KG04,M,PER_100000_POP,104.4
2014,A,N,SH_TBS_INCD,KG04,M,PER_100000_POP,109.0
2015,A,N,SH_TBS_INCD,KG04,M,PER_100000_POP,94.2
2016,A,N,SH_TBS_INCD,KG04,M,PER_100000_POP,91.0
2017,A,N,SH_TBS_INCD,KG04,M,PER_100000_POP,69.6
2018,A,N,SH_TBS_INCD,KG04,M,PER_100000_POP,88.116038
2007,A,N,SH_TBS_INCD,KG06,,PER_100000_POP,102.866708
2008,A,N,SH_TBS_INCD,KG06,,PER_100000_POP,97.93957
2009,A,N,SH_TBS_INCD,KG06,,PER_100000_POP,99.503115
2010,A,N,SH_TBS_INCD,KG06,,PER_100000_POP,90.272855
2011,A,N,SH_TBS_INCD,KG06,,PER_100000_POP,86.981785
2012,A,N,SH_TBS_INCD,KG06,,PER_100000_POP,89.531841
2013,A,N,SH_TBS_INCD,KG06,,PER_100000_POP,97.423584
2014,A,N,SH_TBS_INCD,KG06,,PER_100000_POP,90.681619
2015,A,N,SH_TBS_INCD,KG06,,PER_100000_POP,91.237869
2016,A,N,SH_TBS_INCD,KG06,,PER_100000_POP,83.857442
2017,A,N,SH_TBS_INCD,KG06,,PER_100000_POP,84.4
2018,A,N,SH_TBS_INCD,KG06,,PER_100000_POP,75.003106
2007,A,N,SH_TBS_INCD,KG06,F,PER_100000_POP,85.479058
2008,A,N,SH_TBS_INCD,KG06,F,PER_100000_POP,79.853854
2009,A,N,SH_TBS_INCD,KG06,F,PER_100000_POP,84.498903
2010,A,N,SH_TBS_INCD,KG06,F,PER_100000_POP,83.3
2011,A,N,SH_TBS_INCD,KG06,F,PER_100000_POP,78.306875
2012,A,N,SH_TBS_INCD,KG06,F,PER_100000_POP,79.852654
2013,A,N,SH_TBS_INCD,KG06,F,PER_100000_POP,89.2
2014,A,N,SH_TBS_INCD,KG06,F,PER_100000_POP,82.7
2015,A,N,SH_TBS_INCD,KG06,F,PER_100000_POP,83.8
2016,A,N,SH_TBS_INCD,KG06,F,PER_100000_POP,78.4
2017,A,N,SH_TBS_INCD,KG06,F,PER_100000_POP,73.3
2018,A,N,SH_TBS_INCD,KG06,F,PER_100000_POP,68.791282
2007,A,N,SH_TBS_INCD,KG06,M,PER_100000_POP,120.175935
2008,A,N,SH_TBS_INCD,KG06,M,PER_100000_POP,115.965366
2009,A,N,SH_TBS_INCD,KG06,M,PER_100000_POP,114.268343
2010,A,N,SH_TBS_INCD,KG06,M,PER_100000_POP,97.1
2011,A,N,SH_TBS_INCD,KG06,M,PER_100000_POP,95.537626
2012,A,N,SH_TBS_INCD,KG06,M,PER_100000_POP,99.072585
2013,A,N,SH_TBS_INCD,KG06,M,PER_100000_POP,105.5
2014,A,N,SH_TBS_INCD,KG06,M,PER_100000_POP,98.5
2015,A,N,SH_TBS_INCD,KG06,M,PER_100000_POP,98.5
2016,A,N,SH_TBS_INCD,KG06,M,PER_100000_POP,89.2
2017,A,N,SH_TBS_INCD,KG06,M,PER_100000_POP,95.3
2018,A,N,SH_TBS_INCD,KG06,M,PER_100000_POP,81.086922
2007,A,N,SH_TBS_INCD,KG07,,PER_100000_POP,109.772016
2008,A,N,SH_TBS_INCD,KG07,,PER_100000_POP,98.863075
2009,A,N,SH_TBS_INCD,KG07,,PER_100000_POP,98.836801
2010,A,N,SH_TBS_INCD,KG07,,PER_100000_POP,105.89956
2011,A,N,SH_TBS_INCD,KG07,,PER_100000_POP,107.889182
2012,A,N,SH_TBS_INCD,KG07,,PER_100000_POP,96.876369
2013,A,N,SH_TBS_INCD,KG07,,PER_100000_POP,106.455247
2014,A,N,SH_TBS_INCD,KG07,,PER_100000_POP,101.925994
2015,A,N,SH_TBS_INCD,KG07,,PER_100000_POP,95.886509
2016,A,N,SH_TBS_INCD,KG07,,PER_100000_POP,83.723318
2017,A,N,SH_TBS_INCD,KG07,,PER_100000_POP,73.9
2018,A,N,SH_TBS_INCD,KG07,,PER_100000_POP,59.722977
2007,A,N,SH_TBS_INCD,KG07,F,PER_100000_POP,86.911498
2008,A,N,SH_TBS_INCD,KG07,F,PER_100000_POP,90.931636
2009,A,N,SH_TBS_INCD,KG07,F,PER_100000_POP,76.560919
2010,A,N,SH_TBS_INCD,KG07,F,PER_100000_POP,87.0
2011,A,N,SH_TBS_INCD,KG07,F,PER_100000_POP,90.313258
2012,A,N,SH_TBS_INCD,KG07,F,PER_100000_POP,85.593946
2013,A,N,SH_TBS_INCD,KG07,F,PER_100000_POP,89.3
2014,A,N,SH_TBS_INCD,KG07,F,PER_100000_POP,89.6
2015,A,N,SH_TBS_INCD,KG07,F,PER_100000_POP,81.0
2016,A,N,SH_TBS_INCD,KG07,F,PER_100000_POP,67.0
2017,A,N,SH_TBS_INCD,KG07,F,PER_100000_POP,66.0
2018,A,N,SH_TBS_INCD,KG07,F,PER_100000_POP,46.443942
2007,A,N,SH_TBS_INCD,KG07,M,PER_100000_POP,132.527127
2008,A,N,SH_TBS_INCD,KG07,M,PER_100000_POP,106.730401
2009,A,N,SH_TBS_INCD,KG07,M,PER_100000_POP,121.037767
2010,A,N,SH_TBS_INCD,KG07,M,PER_100000_POP,124.6
2011,A,N,SH_TBS_INCD,KG07,M,PER_100000_POP,125.307942
2012,A,N,SH_TBS_INCD,KG07,M,PER_100000_POP,108.024821
2013,A,N,SH_TBS_INCD,KG07,M,PER_100000_POP,123.4
2014,A,N,SH_TBS_INCD,KG07,M,PER_100000_POP,114.1
2015,A,N,SH_TBS_INCD,KG07,M,PER_100000_POP,110.5
2016,A,N,SH_TBS_INCD,KG07,M,PER_100000_POP,100.1
2017,A,N,SH_TBS_INCD,KG07,M,PER_100000_POP,81.6
2018,A,N,SH_TBS_INCD,KG07,M,PER_100000_POP,72.717357
2007,A,N,SH_TBS_INCD,KG08,,PER_100000_POP,158.506191
2008,A,N,SH_TBS_INCD,KG08,,PER_100000_POP,166.836568
2009,A,N,SH_TBS_INCD,KG08,,PER_100000_POP,155.181689
2010,A,N,SH_TBS_INCD,KG08,,PER_100000_POP,154.517607
2011,A,N,SH_TBS_INCD,KG08,,PER_100000_POP,158.539192
2012,A,N,SH_TBS_INCD,KG08,,PER_100000_POP,156.780391
2013,A,N,SH_TBS_INCD,KG08,,PER_100000_POP,144.320612
2014,A,N,SH_TBS_INCD,KG08,,PER_100000_POP,129.231041
2015,A,N,SH_TBS_INCD,KG08,,PER_100000_POP,141.654663
2016,A,N,SH_TBS_INCD,KG08,,PER_100000_POP,135.218207
2017,A,N,SH_TBS_INCD,KG08,,PER_100000_POP,136.2
2018,A,N,SH_TBS_INCD,KG08,,PER_100000_POP,124.217601
2007,A,N,SH_TBS_INCD,KG08,F,PER_100000_POP,125.927217
2008,A,N,SH_TBS_INCD,KG08,F,PER_100000_POP,125.534299
2009,A,N,SH_TBS_INCD,KG08,F,PER_100000_POP,117.922225
2010,A,N,SH_TBS_INCD,KG08,F,PER_100000_POP,125.0
2011,A,N,SH_TBS_INCD,KG08,F,PER_100000_POP,112.218882
2012,A,N,SH_TBS_INCD,KG08,F,PER_100000_POP,111.421405
2013,A,N,SH_TBS_INCD,KG08,F,PER_100000_POP,108.3
2014,A,N,SH_TBS_INCD,KG08,F,PER_100000_POP,108.3
2015,A,N,SH_TBS_INCD,KG08,F,PER_100000_POP,118.6
2016,A,N,SH_TBS_INCD,KG08,F,PER_100000_POP,111.0
2017,A,N,SH_TBS_INCD,KG08,F,PER_100000_POP,108.3
2018,A,N,SH_TBS_INCD,KG08,F,PER_100000_POP,99.197956
2007,A,N,SH_TBS_INCD,KG08,M,PER_100000_POP,191.988363
2008,A,N,SH_TBS_INCD,KG08,M,PER_100000_POP,209.227296
2009,A,N,SH_TBS_INCD,KG08,M,PER_100000_POP,193.791585
2010,A,N,SH_TBS_INCD,KG08,M,PER_100000_POP,185.1
2011,A,N,SH_TBS_INCD,KG08,M,PER_100000_POP,206.421677
2012,A,N,SH_TBS_INCD,KG08,M,PER_100000_POP,203.602691
2013,A,N,SH_TBS_INCD,KG08,M,PER_100000_POP,181.5
2014,A,N,SH_TBS_INCD,KG08,M,PER_100000_POP,150.8
2015,A,N,SH_TBS_INCD,KG08,M,PER_100000_POP,165.4
2016,A,N,SH_TBS_INCD,KG08,M,PER_100000_POP,160.2
2017,A,N,SH_TBS_INCD,KG08,M,PER_100000_POP,165.0
2018,A,N,SH_TBS_INCD,KG08,M,PER_100000_POP,150.009376
2007,A,N,SH_TBS_INCD,KG11,,PER_100000_POP,174.387607
2008,A,N,SH_TBS_INCD,KG11,,PER_100000_POP,123.075571
2009,A,N,SH_TBS_INCD,KG11,,PER_100000_POP,114.473037
2010,A,N,SH_TBS_INCD,KG11,,PER_100000_POP,113.112758
2011,A,N,SH_TBS_INCD,KG11,,PER_100000_POP,114.984154
2012,A,N,SH_TBS_INCD,KG11,,PER_100000_POP,123.691851
2013,A,N,SH_TBS_INCD,KG11,,PER_100000_POP,126.393198
2014,A,N,SH_TBS_INCD,KG11,,PER_100000_POP,133.511493
2015,A,N,SH_TBS_INCD,KG11,,PER_100000_POP,132.924152
2016,A,N,SH_TBS_INCD,KG11,,PER_100000_POP,114.6052
2017,A,N,SH_TBS_INCD,KG11,,PER_100000_POP,113.1
2018,A,N,SH_TBS_INCD,KG11,,PER_100000_POP,102.592405
2007,A,N,SH_TBS_INCD,KG11,F,PER_100000_POP,121.389891
2008,A,N,SH_TBS_INCD,KG11,F,PER_100000_POP,101.464217
2009,A,N,SH_TBS_INCD,KG11,F,PER_100000_POP,90.39282
2010,A,N,SH_TBS_INCD,KG11,F,PER_100000_POP,91.9
2011,A,N,SH_TBS_INCD,KG11,F,PER_100000_POP,90.229385
2012,A,N,SH_TBS_INCD,KG11,F,PER_100000_POP,97.405136
2013,A,N,SH_TBS_INCD,KG11,F,PER_100000_POP,110.2
2014,A,N,SH_TBS_INCD,KG11,F,PER_100000_POP,108.1
2015,A,N,SH_TBS_INCD,KG11,F,PER_100000_POP,103.1
2016,A,N,SH_TBS_INCD,KG11,F,PER_100000_POP,92.2
2017,A,N,SH_TBS_INCD,KG11,F,PER_100000_POP,91.3
2018,A,N,SH_TBS_INCD,KG11,F,PER_100000_POP,75.045722
2007,A,N,SH_TBS_INCD,KG11,M,PER_100000_POP,232.398826
2008,A,N,SH_TBS_INCD,KG11,M,PER_100000_POP,146.699891
2009,A,N,SH_TBS_INCD,KG11,M,PER_100000_POP,142.327909
2010,A,N,SH_TBS_INCD,KG11,M,PER_100000_POP,137.6
2011,A,N,SH_TBS_INCD,KG11,M,PER_100000_POP,143.529739
2012,A,N,SH_TBS_INCD,KG11,M,PER_100000_POP,153.949048
2013,A,N,SH_TBS_INCD,KG11,M,PER_100000_POP,145.0
2014,A,N,SH_TBS_INCD,KG11,M,PER_100000_POP,162.1
2015,A,N,SH_TBS_INCD,KG11,M,PER_100000_POP,167.0
2016,A,N,SH_TBS_INCD,KG11,M,PER_100000_POP,140.2
2017,A,N,SH_TBS_INCD,KG11,M,PER_100000_POP,137.8
2018,A,N,SH_TBS_INCD,KG11,M,PER_100000_POP,133.887972
2007,A,N,SH_TBS_INCD,KG21,,PER_100000_POP,103.296686
2008,A,N,SH_TBS_INCD,KG21,,PER_100000_POP,99.531522
2009,A,N,SH_TBS_INCD,KG21,,PER_100000_POP,99.784188
2010,A,N,SH_TBS_INCD,KG21,,PER_100000_POP,85.444525
2011,A,N,SH_TBS_INCD,KG21,,PER_100000_POP,88.724902
2012,A,N,SH_TBS_INCD,KG21,,PER_100000_POP,98.392408
2013,A,N,SH_TBS_INCD,KG21,,PER_100000_POP,83.705251
2014,A,N,SH_TBS_INCD,KG21,,PER_100000_POP,103.082002
2015,A,N,SH_TBS_INCD,KG21,,PER_100000_POP,89.736358
2016,A,N,SH_TBS_INCD,KG21,,PER_100000_POP,92.52618
2017,A,N,SH_TBS_INCD,KG21,,PER_100000_POP,89.7
2018,A,N,SH_TBS_INCD,KG21,,PER_100000_POP,84.314452
2007,A,N,SH_TBS_INCD,KG21,F,PER_100000_POP,83.113365
2008,A,N,SH_TBS_INCD,KG21,F,PER_100000_POP,63.749059
2009,A,N,SH_TBS_INCD,KG21,F,PER_100000_POP,82.603422
2010,A,N,SH_TBS_INCD,KG21,F,PER_100000_POP,68.0
2011,A,N,SH_TBS_INCD,KG21,F,PER_100000_POP,75.035079
2012,A,N,SH_TBS_INCD,KG21,F,PER_100000_POP,78.139535
2013,A,N,SH_TBS_INCD,KG21,F,PER_100000_POP,64.4
2014,A,N,SH_TBS_INCD,KG21,F,PER_100000_POP,92.2
2015,A,N,SH_TBS_INCD,KG21,F,PER_100000_POP,78.5
2016,A,N,SH_TBS_INCD,KG21,F,PER_100000_POP,77.6
2017,A,N,SH_TBS_INCD,KG21,F,PER_100000_POP,75.3
2018,A,N,SH_TBS_INCD,KG21,F,PER_100000_POP,83.024189
2007,A,N,SH_TBS_INCD,KG21,M,PER_100000_POP,125.184647
2008,A,N,SH_TBS_INCD,KG21,M,PER_100000_POP,138.35178
2009,A,N,SH_TBS_INCD,KG21,M,PER_100000_POP,118.375597
2010,A,N,SH_TBS_INCD,KG21,M,PER_100000_POP,104.4
2011,A,N,SH_TBS_INCD,KG21,M,PER_100000_POP,103.609189
2012,A,N,SH_TBS_INCD,KG21,M,PER_100000_POP,120.379721
2013,A,N,SH_TBS_INCD,KG21,M,PER_100000_POP,104.5
2014,A,N,SH_TBS_INCD,KG21,M,PER_100000_POP,114.8
2015,A,N,SH_TBS_INCD,KG21,M,PER_100000_POP,101.8
2016,A,N,SH_TBS_INCD,KG21,M,PER_100000_POP,108.5
2017,A,N,SH_TBS_INCD,KG21,M,PER_100000_POP,105.2
2018,A,N,SH_TBS_INCD,KG21,M,PER_100000_POP,85.689803
