Year,Frequency of observation,Reporting type,Series,Reference area,Composite breakdown,Units,Value
2007,Annual,National,"Mortality rate attributed to cardiovascular disease, cancer, diabetes or chronic respiratory disease",Kyrgyzstan,Non-communicable disease: Cardiovascular disease,"Per 100,000 population",349.7
2008,Annual,National,"Mortality rate attributed to cardiovascular disease, cancer, diabetes or chronic respiratory disease",Kyrgyzstan,Non-communicable disease: Cardiovascular disease,"Per 100,000 population",346.3
2009,Annual,National,"Mortality rate attributed to cardiovascular disease, cancer, diabetes or chronic respiratory disease",Kyrgyzstan,Non-communicable disease: Cardiovascular disease,"Per 100,000 population",326.5
2010,Annual,National,"Mortality rate attributed to cardiovascular disease, cancer, diabetes or chronic respiratory disease",Kyrgyzstan,Non-communicable disease: Cardiovascular disease,"Per 100,000 population",323.9
2011,Annual,National,"Mortality rate attributed to cardiovascular disease, cancer, diabetes or chronic respiratory disease",Kyrgyzstan,Non-communicable disease: Cardiovascular disease,"Per 100,000 population",326.3
2012,Annual,National,"Mortality rate attributed to cardiovascular disease, cancer, diabetes or chronic respiratory disease",Kyrgyzstan,Non-communicable disease: Cardiovascular disease,"Per 100,000 population",331.2
2013,Annual,National,"Mortality rate attributed to cardiovascular disease, cancer, diabetes or chronic respiratory disease",Kyrgyzstan,Non-communicable disease: Cardiovascular disease,"Per 100,000 population",308.2
2014,Annual,National,"Mortality rate attributed to cardiovascular disease, cancer, diabetes or chronic respiratory disease",Kyrgyzstan,Non-communicable disease: Cardiovascular disease,"Per 100,000 population",307.0
2015,Annual,National,"Mortality rate attributed to cardiovascular disease, cancer, diabetes or chronic respiratory disease",Kyrgyzstan,Non-communicable disease: Cardiovascular disease,"Per 100,000 population",297.0
2016,Annual,National,"Mortality rate attributed to cardiovascular disease, cancer, diabetes or chronic respiratory disease",Kyrgyzstan,Non-communicable disease: Cardiovascular disease,"Per 100,000 population",279.7
2017,Annual,National,"Mortality rate attributed to cardiovascular disease, cancer, diabetes or chronic respiratory disease",Kyrgyzstan,Non-communicable disease: Cardiovascular disease,"Per 100,000 population",276.0
2018,Annual,National,"Mortality rate attributed to cardiovascular disease, cancer, diabetes or chronic respiratory disease",Kyrgyzstan,Non-communicable disease: Cardiovascular disease,"Per 100,000 population",265.7
2007,Annual,National,"Mortality rate attributed to cardiovascular disease, cancer, diabetes or chronic respiratory disease",Batken,Non-communicable disease: Cardiovascular disease,"Per 100,000 population",289.2
2008,Annual,National,"Mortality rate attributed to cardiovascular disease, cancer, diabetes or chronic respiratory disease",Batken,Non-communicable disease: Cardiovascular disease,"Per 100,000 population",295.3
2009,Annual,National,"Mortality rate attributed to cardiovascular disease, cancer, diabetes or chronic respiratory disease",Batken,Non-communicable disease: Cardiovascular disease,"Per 100,000 population",301.8
2010,Annual,National,"Mortality rate attributed to cardiovascular disease, cancer, diabetes or chronic respiratory disease",Batken,Non-communicable disease: Cardiovascular disease,"Per 100,000 population",285.1
2011,Annual,National,"Mortality rate attributed to cardiovascular disease, cancer, diabetes or chronic respiratory disease",Batken,Non-communicable disease: Cardiovascular disease,"Per 100,000 population",305.7
2012,Annual,National,"Mortality rate attributed to cardiovascular disease, cancer, diabetes or chronic respiratory disease",Batken,Non-communicable disease: Cardiovascular disease,"Per 100,000 population",338.2
2013,Annual,National,"Mortality rate attributed to cardiovascular disease, cancer, diabetes or chronic respiratory disease",Batken,Non-communicable disease: Cardiovascular disease,"Per 100,000 population",289.5
2014,Annual,National,"Mortality rate attributed to cardiovascular disease, cancer, diabetes or chronic respiratory disease",Batken,Non-communicable disease: Cardiovascular disease,"Per 100,000 population",283.0
2015,Annual,National,"Mortality rate attributed to cardiovascular disease, cancer, diabetes or chronic respiratory disease",Batken,Non-communicable disease: Cardiovascular disease,"Per 100,000 population",284.8
2016,Annual,National,"Mortality rate attributed to cardiovascular disease, cancer, diabetes or chronic respiratory disease",Batken,Non-communicable disease: Cardiovascular disease,"Per 100,000 population",292.3
2017,Annual,National,"Mortality rate attributed to cardiovascular disease, cancer, diabetes or chronic respiratory disease",Batken,Non-communicable disease: Cardiovascular disease,"Per 100,000 population",284.3
2018,Annual,National,"Mortality rate attributed to cardiovascular disease, cancer, diabetes or chronic respiratory disease",Batken,Non-communicable disease: Cardiovascular disease,"Per 100,000 population",257.2
2007,Annual,National,"Mortality rate attributed to cardiovascular disease, cancer, diabetes or chronic respiratory disease",Jalal-Abad,Non-communicable disease: Cardiovascular disease,"Per 100,000 population",284.4
2008,Annual,National,"Mortality rate attributed to cardiovascular disease, cancer, diabetes or chronic respiratory disease",Jalal-Abad,Non-communicable disease: Cardiovascular disease,"Per 100,000 population",298.4
2009,Annual,National,"Mortality rate attributed to cardiovascular disease, cancer, diabetes or chronic respiratory disease",Jalal-Abad,Non-communicable disease: Cardiovascular disease,"Per 100,000 population",278.5
2010,Annual,National,"Mortality rate attributed to cardiovascular disease, cancer, diabetes or chronic respiratory disease",Jalal-Abad,Non-communicable disease: Cardiovascular disease,"Per 100,000 population",266.2
2011,Annual,National,"Mortality rate attributed to cardiovascular disease, cancer, diabetes or chronic respiratory disease",Jalal-Abad,Non-communicable disease: Cardiovascular disease,"Per 100,000 population",289.8
2012,Annual,National,"Mortality rate attributed to cardiovascular disease, cancer, diabetes or chronic respiratory disease",Jalal-Abad,Non-communicable disease: Cardiovascular disease,"Per 100,000 population",286.2
2013,Annual,National,"Mortality rate attributed to cardiovascular disease, cancer, diabetes or chronic respiratory disease",Jalal-Abad,Non-communicable disease: Cardiovascular disease,"Per 100,000 population",264.6
2014,Annual,National,"Mortality rate attributed to cardiovascular disease, cancer, diabetes or chronic respiratory disease",Jalal-Abad,Non-communicable disease: Cardiovascular disease,"Per 100,000 population",264.6
2015,Annual,National,"Mortality rate attributed to cardiovascular disease, cancer, diabetes or chronic respiratory disease",Jalal-Abad,Non-communicable disease: Cardiovascular disease,"Per 100,000 population",268.3
2016,Annual,National,"Mortality rate attributed to cardiovascular disease, cancer, diabetes or chronic respiratory disease",Jalal-Abad,Non-communicable disease: Cardiovascular disease,"Per 100,000 population",249.0
2017,Annual,National,"Mortality rate attributed to cardiovascular disease, cancer, diabetes or chronic respiratory disease",Jalal-Abad,Non-communicable disease: Cardiovascular disease,"Per 100,000 population",244.0
2018,Annual,National,"Mortality rate attributed to cardiovascular disease, cancer, diabetes or chronic respiratory disease",Jalal-Abad,Non-communicable disease: Cardiovascular disease,"Per 100,000 population",237.8
2007,Annual,National,"Mortality rate attributed to cardiovascular disease, cancer, diabetes or chronic respiratory disease",Issyk-Kul,Non-communicable disease: Cardiovascular disease,"Per 100,000 population",425.5
2008,Annual,National,"Mortality rate attributed to cardiovascular disease, cancer, diabetes or chronic respiratory disease",Issyk-Kul,Non-communicable disease: Cardiovascular disease,"Per 100,000 population",400.8
2009,Annual,National,"Mortality rate attributed to cardiovascular disease, cancer, diabetes or chronic respiratory disease",Issyk-Kul,Non-communicable disease: Cardiovascular disease,"Per 100,000 population",378.8
2010,Annual,National,"Mortality rate attributed to cardiovascular disease, cancer, diabetes or chronic respiratory disease",Issyk-Kul,Non-communicable disease: Cardiovascular disease,"Per 100,000 population",391.1
2011,Annual,National,"Mortality rate attributed to cardiovascular disease, cancer, diabetes or chronic respiratory disease",Issyk-Kul,Non-communicable disease: Cardiovascular disease,"Per 100,000 population",360.5
2012,Annual,National,"Mortality rate attributed to cardiovascular disease, cancer, diabetes or chronic respiratory disease",Issyk-Kul,Non-communicable disease: Cardiovascular disease,"Per 100,000 population",394.9
2013,Annual,National,"Mortality rate attributed to cardiovascular disease, cancer, diabetes or chronic respiratory disease",Issyk-Kul,Non-communicable disease: Cardiovascular disease,"Per 100,000 population",385.8
2014,Annual,National,"Mortality rate attributed to cardiovascular disease, cancer, diabetes or chronic respiratory disease",Issyk-Kul,Non-communicable disease: Cardiovascular disease,"Per 100,000 population",363.0
2015,Annual,National,"Mortality rate attributed to cardiovascular disease, cancer, diabetes or chronic respiratory disease",Issyk-Kul,Non-communicable disease: Cardiovascular disease,"Per 100,000 population",361.0
2016,Annual,National,"Mortality rate attributed to cardiovascular disease, cancer, diabetes or chronic respiratory disease",Issyk-Kul,Non-communicable disease: Cardiovascular disease,"Per 100,000 population",328.7
2017,Annual,National,"Mortality rate attributed to cardiovascular disease, cancer, diabetes or chronic respiratory disease",Issyk-Kul,Non-communicable disease: Cardiovascular disease,"Per 100,000 population",325.9
2018,Annual,National,"Mortality rate attributed to cardiovascular disease, cancer, diabetes or chronic respiratory disease",Issyk-Kul,Non-communicable disease: Cardiovascular disease,"Per 100,000 population",302.0
2007,Annual,National,"Mortality rate attributed to cardiovascular disease, cancer, diabetes or chronic respiratory disease",Naryn,Non-communicable disease: Cardiovascular disease,"Per 100,000 population",338.0
2008,Annual,National,"Mortality rate attributed to cardiovascular disease, cancer, diabetes or chronic respiratory disease",Naryn,Non-communicable disease: Cardiovascular disease,"Per 100,000 population",314.3
2009,Annual,National,"Mortality rate attributed to cardiovascular disease, cancer, diabetes or chronic respiratory disease",Naryn,Non-communicable disease: Cardiovascular disease,"Per 100,000 population",289.6
2010,Annual,National,"Mortality rate attributed to cardiovascular disease, cancer, diabetes or chronic respiratory disease",Naryn,Non-communicable disease: Cardiovascular disease,"Per 100,000 population",301.1
2011,Annual,National,"Mortality rate attributed to cardiovascular disease, cancer, diabetes or chronic respiratory disease",Naryn,Non-communicable disease: Cardiovascular disease,"Per 100,000 population",326.3
2012,Annual,National,"Mortality rate attributed to cardiovascular disease, cancer, diabetes or chronic respiratory disease",Naryn,Non-communicable disease: Cardiovascular disease,"Per 100,000 population",318.2
2013,Annual,National,"Mortality rate attributed to cardiovascular disease, cancer, diabetes or chronic respiratory disease",Naryn,Non-communicable disease: Cardiovascular disease,"Per 100,000 population",327.4
2014,Annual,National,"Mortality rate attributed to cardiovascular disease, cancer, diabetes or chronic respiratory disease",Naryn,Non-communicable disease: Cardiovascular disease,"Per 100,000 population",317.6
2015,Annual,National,"Mortality rate attributed to cardiovascular disease, cancer, diabetes or chronic respiratory disease",Naryn,Non-communicable disease: Cardiovascular disease,"Per 100,000 population",310.0
2016,Annual,National,"Mortality rate attributed to cardiovascular disease, cancer, diabetes or chronic respiratory disease",Naryn,Non-communicable disease: Cardiovascular disease,"Per 100,000 population",312.8
2017,Annual,National,"Mortality rate attributed to cardiovascular disease, cancer, diabetes or chronic respiratory disease",Naryn,Non-communicable disease: Cardiovascular disease,"Per 100,000 population",302.7
2018,Annual,National,"Mortality rate attributed to cardiovascular disease, cancer, diabetes or chronic respiratory disease",Naryn,Non-communicable disease: Cardiovascular disease,"Per 100,000 population",308.0
2007,Annual,National,"Mortality rate attributed to cardiovascular disease, cancer, diabetes or chronic respiratory disease",Osh,Non-communicable disease: Cardiovascular disease,"Per 100,000 population",256.5
2008,Annual,National,"Mortality rate attributed to cardiovascular disease, cancer, diabetes or chronic respiratory disease",Osh,Non-communicable disease: Cardiovascular disease,"Per 100,000 population",263.2
2009,Annual,National,"Mortality rate attributed to cardiovascular disease, cancer, diabetes or chronic respiratory disease",Osh,Non-communicable disease: Cardiovascular disease,"Per 100,000 population",278.7
2010,Annual,National,"Mortality rate attributed to cardiovascular disease, cancer, diabetes or chronic respiratory disease",Osh,Non-communicable disease: Cardiovascular disease,"Per 100,000 population",285.1
2011,Annual,National,"Mortality rate attributed to cardiovascular disease, cancer, diabetes or chronic respiratory disease",Osh,Non-communicable disease: Cardiovascular disease,"Per 100,000 population",275.2
2012,Annual,National,"Mortality rate attributed to cardiovascular disease, cancer, diabetes or chronic respiratory disease",Osh,Non-communicable disease: Cardiovascular disease,"Per 100,000 population",281.6
2013,Annual,National,"Mortality rate attributed to cardiovascular disease, cancer, diabetes or chronic respiratory disease",Osh,Non-communicable disease: Cardiovascular disease,"Per 100,000 population",264.4
2014,Annual,National,"Mortality rate attributed to cardiovascular disease, cancer, diabetes or chronic respiratory disease",Osh,Non-communicable disease: Cardiovascular disease,"Per 100,000 population",273.0
2015,Annual,National,"Mortality rate attributed to cardiovascular disease, cancer, diabetes or chronic respiratory disease",Osh,Non-communicable disease: Cardiovascular disease,"Per 100,000 population",265.7
2016,Annual,National,"Mortality rate attributed to cardiovascular disease, cancer, diabetes or chronic respiratory disease",Osh,Non-communicable disease: Cardiovascular disease,"Per 100,000 population",239.0
2017,Annual,National,"Mortality rate attributed to cardiovascular disease, cancer, diabetes or chronic respiratory disease",Osh,Non-communicable disease: Cardiovascular disease,"Per 100,000 population",240.8
2018,Annual,National,"Mortality rate attributed to cardiovascular disease, cancer, diabetes or chronic respiratory disease",Osh,Non-communicable disease: Cardiovascular disease,"Per 100,000 population",229.3
2007,Annual,National,"Mortality rate attributed to cardiovascular disease, cancer, diabetes or chronic respiratory disease",Talas,Non-communicable disease: Cardiovascular disease,"Per 100,000 population",361.0
2008,Annual,National,"Mortality rate attributed to cardiovascular disease, cancer, diabetes or chronic respiratory disease",Talas,Non-communicable disease: Cardiovascular disease,"Per 100,000 population",353.3
2009,Annual,National,"Mortality rate attributed to cardiovascular disease, cancer, diabetes or chronic respiratory disease",Talas,Non-communicable disease: Cardiovascular disease,"Per 100,000 population",363.8
2010,Annual,National,"Mortality rate attributed to cardiovascular disease, cancer, diabetes or chronic respiratory disease",Talas,Non-communicable disease: Cardiovascular disease,"Per 100,000 population",333.8
2011,Annual,National,"Mortality rate attributed to cardiovascular disease, cancer, diabetes or chronic respiratory disease",Talas,Non-communicable disease: Cardiovascular disease,"Per 100,000 population",345.0
2012,Annual,National,"Mortality rate attributed to cardiovascular disease, cancer, diabetes or chronic respiratory disease",Talas,Non-communicable disease: Cardiovascular disease,"Per 100,000 population",342.5
2013,Annual,National,"Mortality rate attributed to cardiovascular disease, cancer, diabetes or chronic respiratory disease",Talas,Non-communicable disease: Cardiovascular disease,"Per 100,000 population",309.8
2014,Annual,National,"Mortality rate attributed to cardiovascular disease, cancer, diabetes or chronic respiratory disease",Talas,Non-communicable disease: Cardiovascular disease,"Per 100,000 population",332.7
2015,Annual,National,"Mortality rate attributed to cardiovascular disease, cancer, diabetes or chronic respiratory disease",Talas,Non-communicable disease: Cardiovascular disease,"Per 100,000 population",322.5
2016,Annual,National,"Mortality rate attributed to cardiovascular disease, cancer, diabetes or chronic respiratory disease",Talas,Non-communicable disease: Cardiovascular disease,"Per 100,000 population",288.7
2017,Annual,National,"Mortality rate attributed to cardiovascular disease, cancer, diabetes or chronic respiratory disease",Talas,Non-communicable disease: Cardiovascular disease,"Per 100,000 population",301.9
2018,Annual,National,"Mortality rate attributed to cardiovascular disease, cancer, diabetes or chronic respiratory disease",Talas,Non-communicable disease: Cardiovascular disease,"Per 100,000 population",261.5
2007,Annual,National,"Mortality rate attributed to cardiovascular disease, cancer, diabetes or chronic respiratory disease",Chui,Non-communicable disease: Cardiovascular disease,"Per 100,000 population",562.2
2008,Annual,National,"Mortality rate attributed to cardiovascular disease, cancer, diabetes or chronic respiratory disease",Chui,Non-communicable disease: Cardiovascular disease,"Per 100,000 population",553.3
2009,Annual,National,"Mortality rate attributed to cardiovascular disease, cancer, diabetes or chronic respiratory disease",Chui,Non-communicable disease: Cardiovascular disease,"Per 100,000 population",479.6
2010,Annual,National,"Mortality rate attributed to cardiovascular disease, cancer, diabetes or chronic respiratory disease",Chui,Non-communicable disease: Cardiovascular disease,"Per 100,000 population",484.0
2011,Annual,National,"Mortality rate attributed to cardiovascular disease, cancer, diabetes or chronic respiratory disease",Chui,Non-communicable disease: Cardiovascular disease,"Per 100,000 population",467.0
2012,Annual,National,"Mortality rate attributed to cardiovascular disease, cancer, diabetes or chronic respiratory disease",Chui,Non-communicable disease: Cardiovascular disease,"Per 100,000 population",466.9
2013,Annual,National,"Mortality rate attributed to cardiovascular disease, cancer, diabetes or chronic respiratory disease",Chui,Non-communicable disease: Cardiovascular disease,"Per 100,000 population",441.6
2014,Annual,National,"Mortality rate attributed to cardiovascular disease, cancer, diabetes or chronic respiratory disease",Chui,Non-communicable disease: Cardiovascular disease,"Per 100,000 population",430.2
2015,Annual,National,"Mortality rate attributed to cardiovascular disease, cancer, diabetes or chronic respiratory disease",Chui,Non-communicable disease: Cardiovascular disease,"Per 100,000 population",400.8
2016,Annual,National,"Mortality rate attributed to cardiovascular disease, cancer, diabetes or chronic respiratory disease",Chui,Non-communicable disease: Cardiovascular disease,"Per 100,000 population",381.3
2017,Annual,National,"Mortality rate attributed to cardiovascular disease, cancer, diabetes or chronic respiratory disease",Chui,Non-communicable disease: Cardiovascular disease,"Per 100,000 population",377.7
2018,Annual,National,"Mortality rate attributed to cardiovascular disease, cancer, diabetes or chronic respiratory disease",Chui,Non-communicable disease: Cardiovascular disease,"Per 100,000 population",377.1
2007,Annual,National,"Mortality rate attributed to cardiovascular disease, cancer, diabetes or chronic respiratory disease",Bishkek (city),Non-communicable disease: Cardiovascular disease,"Per 100,000 population",368.8
2008,Annual,National,"Mortality rate attributed to cardiovascular disease, cancer, diabetes or chronic respiratory disease",Bishkek (city),Non-communicable disease: Cardiovascular disease,"Per 100,000 population",337.4
2009,Annual,National,"Mortality rate attributed to cardiovascular disease, cancer, diabetes or chronic respiratory disease",Bishkek (city),Non-communicable disease: Cardiovascular disease,"Per 100,000 population",303.9
2010,Annual,National,"Mortality rate attributed to cardiovascular disease, cancer, diabetes or chronic respiratory disease",Bishkek (city),Non-communicable disease: Cardiovascular disease,"Per 100,000 population",298.3
2011,Annual,National,"Mortality rate attributed to cardiovascular disease, cancer, diabetes or chronic respiratory disease",Bishkek (city),Non-communicable disease: Cardiovascular disease,"Per 100,000 population",305.4
2012,Annual,National,"Mortality rate attributed to cardiovascular disease, cancer, diabetes or chronic respiratory disease",Bishkek (city),Non-communicable disease: Cardiovascular disease,"Per 100,000 population",297.0
2013,Annual,National,"Mortality rate attributed to cardiovascular disease, cancer, diabetes or chronic respiratory disease",Bishkek (city),Non-communicable disease: Cardiovascular disease,"Per 100,000 population",269.6
2014,Annual,National,"Mortality rate attributed to cardiovascular disease, cancer, diabetes or chronic respiratory disease",Bishkek (city),Non-communicable disease: Cardiovascular disease,"Per 100,000 population",272.6
2015,Annual,National,"Mortality rate attributed to cardiovascular disease, cancer, diabetes or chronic respiratory disease",Bishkek (city),Non-communicable disease: Cardiovascular disease,"Per 100,000 population",253.2
2016,Annual,National,"Mortality rate attributed to cardiovascular disease, cancer, diabetes or chronic respiratory disease",Bishkek (city),Non-communicable disease: Cardiovascular disease,"Per 100,000 population",242.5
2017,Annual,National,"Mortality rate attributed to cardiovascular disease, cancer, diabetes or chronic respiratory disease",Bishkek (city),Non-communicable disease: Cardiovascular disease,"Per 100,000 population",242.4
2018,Annual,National,"Mortality rate attributed to cardiovascular disease, cancer, diabetes or chronic respiratory disease",Bishkek (city),Non-communicable disease: Cardiovascular disease,"Per 100,000 population",232.8
2007,Annual,National,"Mortality rate attributed to cardiovascular disease, cancer, diabetes or chronic respiratory disease",Osh (city),Non-communicable disease: Cardiovascular disease,"Per 100,000 population",248.9
2008,Annual,National,"Mortality rate attributed to cardiovascular disease, cancer, diabetes or chronic respiratory disease",Osh (city),Non-communicable disease: Cardiovascular disease,"Per 100,000 population",290.1
2009,Annual,National,"Mortality rate attributed to cardiovascular disease, cancer, diabetes or chronic respiratory disease",Osh (city),Non-communicable disease: Cardiovascular disease,"Per 100,000 population",273.8
2010,Annual,National,"Mortality rate attributed to cardiovascular disease, cancer, diabetes or chronic respiratory disease",Osh (city),Non-communicable disease: Cardiovascular disease,"Per 100,000 population",268.0
2011,Annual,National,"Mortality rate attributed to cardiovascular disease, cancer, diabetes or chronic respiratory disease",Osh (city),Non-communicable disease: Cardiovascular disease,"Per 100,000 population",281.9
2012,Annual,National,"Mortality rate attributed to cardiovascular disease, cancer, diabetes or chronic respiratory disease",Osh (city),Non-communicable disease: Cardiovascular disease,"Per 100,000 population",298.7
2013,Annual,National,"Mortality rate attributed to cardiovascular disease, cancer, diabetes or chronic respiratory disease",Osh (city),Non-communicable disease: Cardiovascular disease,"Per 100,000 population",266.8
2014,Annual,National,"Mortality rate attributed to cardiovascular disease, cancer, diabetes or chronic respiratory disease",Osh (city),Non-communicable disease: Cardiovascular disease,"Per 100,000 population",270.1
2015,Annual,National,"Mortality rate attributed to cardiovascular disease, cancer, diabetes or chronic respiratory disease",Osh (city),Non-communicable disease: Cardiovascular disease,"Per 100,000 population",253.5
2016,Annual,National,"Mortality rate attributed to cardiovascular disease, cancer, diabetes or chronic respiratory disease",Osh (city),Non-communicable disease: Cardiovascular disease,"Per 100,000 population",248.9
2017,Annual,National,"Mortality rate attributed to cardiovascular disease, cancer, diabetes or chronic respiratory disease",Osh (city),Non-communicable disease: Cardiovascular disease,"Per 100,000 population",240.4
2018,Annual,National,"Mortality rate attributed to cardiovascular disease, cancer, diabetes or chronic respiratory disease",Osh (city),Non-communicable disease: Cardiovascular disease,"Per 100,000 population",223.4
2007,Annual,National,"Mortality rate attributed to cardiovascular disease, cancer, diabetes or chronic respiratory disease",Kyrgyzstan,Non-communicable disease: Cancer,"Per 100,000 population",57.1
2008,Annual,National,"Mortality rate attributed to cardiovascular disease, cancer, diabetes or chronic respiratory disease",Kyrgyzstan,Non-communicable disease: Cancer,"Per 100,000 population",58.2
2009,Annual,National,"Mortality rate attributed to cardiovascular disease, cancer, diabetes or chronic respiratory disease",Kyrgyzstan,Non-communicable disease: Cancer,"Per 100,000 population",60.7
2010,Annual,National,"Mortality rate attributed to cardiovascular disease, cancer, diabetes or chronic respiratory disease",Kyrgyzstan,Non-communicable disease: Cancer,"Per 100,000 population",59.4
2011,Annual,National,"Mortality rate attributed to cardiovascular disease, cancer, diabetes or chronic respiratory disease",Kyrgyzstan,Non-communicable disease: Cancer,"Per 100,000 population",61.3
2012,Annual,National,"Mortality rate attributed to cardiovascular disease, cancer, diabetes or chronic respiratory disease",Kyrgyzstan,Non-communicable disease: Cancer,"Per 100,000 population",59.4
2013,Annual,National,"Mortality rate attributed to cardiovascular disease, cancer, diabetes or chronic respiratory disease",Kyrgyzstan,Non-communicable disease: Cancer,"Per 100,000 population",61.0
2014,Annual,National,"Mortality rate attributed to cardiovascular disease, cancer, diabetes or chronic respiratory disease",Kyrgyzstan,Non-communicable disease: Cancer,"Per 100,000 population",64.3
2015,Annual,National,"Mortality rate attributed to cardiovascular disease, cancer, diabetes or chronic respiratory disease",Kyrgyzstan,Non-communicable disease: Cancer,"Per 100,000 population",64.5
2016,Annual,National,"Mortality rate attributed to cardiovascular disease, cancer, diabetes or chronic respiratory disease",Kyrgyzstan,Non-communicable disease: Cancer,"Per 100,000 population",64.4
2017,Annual,National,"Mortality rate attributed to cardiovascular disease, cancer, diabetes or chronic respiratory disease",Kyrgyzstan,Non-communicable disease: Cancer,"Per 100,000 population",62.2
2018,Annual,National,"Mortality rate attributed to cardiovascular disease, cancer, diabetes or chronic respiratory disease",Kyrgyzstan,Non-communicable disease: Cancer,"Per 100,000 population",65.6
2007,Annual,National,"Mortality rate attributed to cardiovascular disease, cancer, diabetes or chronic respiratory disease",Batken,Non-communicable disease: Cancer,"Per 100,000 population",32.3
2008,Annual,National,"Mortality rate attributed to cardiovascular disease, cancer, diabetes or chronic respiratory disease",Batken,Non-communicable disease: Cancer,"Per 100,000 population",26.4
2009,Annual,National,"Mortality rate attributed to cardiovascular disease, cancer, diabetes or chronic respiratory disease",Batken,Non-communicable disease: Cancer,"Per 100,000 population",30.2
2010,Annual,National,"Mortality rate attributed to cardiovascular disease, cancer, diabetes or chronic respiratory disease",Batken,Non-communicable disease: Cancer,"Per 100,000 population",33.8
2011,Annual,National,"Mortality rate attributed to cardiovascular disease, cancer, diabetes or chronic respiratory disease",Batken,Non-communicable disease: Cancer,"Per 100,000 population",33.9
2012,Annual,National,"Mortality rate attributed to cardiovascular disease, cancer, diabetes or chronic respiratory disease",Batken,Non-communicable disease: Cancer,"Per 100,000 population",33.0
2013,Annual,National,"Mortality rate attributed to cardiovascular disease, cancer, diabetes or chronic respiratory disease",Batken,Non-communicable disease: Cancer,"Per 100,000 population",32.1
2014,Annual,National,"Mortality rate attributed to cardiovascular disease, cancer, diabetes or chronic respiratory disease",Batken,Non-communicable disease: Cancer,"Per 100,000 population",35.6
2015,Annual,National,"Mortality rate attributed to cardiovascular disease, cancer, diabetes or chronic respiratory disease",Batken,Non-communicable disease: Cancer,"Per 100,000 population",42.3
2016,Annual,National,"Mortality rate attributed to cardiovascular disease, cancer, diabetes or chronic respiratory disease",Batken,Non-communicable disease: Cancer,"Per 100,000 population",38.6
2017,Annual,National,"Mortality rate attributed to cardiovascular disease, cancer, diabetes or chronic respiratory disease",Batken,Non-communicable disease: Cancer,"Per 100,000 population",32.6
2018,Annual,National,"Mortality rate attributed to cardiovascular disease, cancer, diabetes or chronic respiratory disease",Batken,Non-communicable disease: Cancer,"Per 100,000 population",43.3
2007,Annual,National,"Mortality rate attributed to cardiovascular disease, cancer, diabetes or chronic respiratory disease",Jalal-Abad,Non-communicable disease: Cancer,"Per 100,000 population",36.3
2008,Annual,National,"Mortality rate attributed to cardiovascular disease, cancer, diabetes or chronic respiratory disease",Jalal-Abad,Non-communicable disease: Cancer,"Per 100,000 population",42.0
2009,Annual,National,"Mortality rate attributed to cardiovascular disease, cancer, diabetes or chronic respiratory disease",Jalal-Abad,Non-communicable disease: Cancer,"Per 100,000 population",47.8
2010,Annual,National,"Mortality rate attributed to cardiovascular disease, cancer, diabetes or chronic respiratory disease",Jalal-Abad,Non-communicable disease: Cancer,"Per 100,000 population",46.3
2011,Annual,National,"Mortality rate attributed to cardiovascular disease, cancer, diabetes or chronic respiratory disease",Jalal-Abad,Non-communicable disease: Cancer,"Per 100,000 population",51.5
2012,Annual,National,"Mortality rate attributed to cardiovascular disease, cancer, diabetes or chronic respiratory disease",Jalal-Abad,Non-communicable disease: Cancer,"Per 100,000 population",47.3
2013,Annual,National,"Mortality rate attributed to cardiovascular disease, cancer, diabetes or chronic respiratory disease",Jalal-Abad,Non-communicable disease: Cancer,"Per 100,000 population",49.2
2014,Annual,National,"Mortality rate attributed to cardiovascular disease, cancer, diabetes or chronic respiratory disease",Jalal-Abad,Non-communicable disease: Cancer,"Per 100,000 population",51.0
2015,Annual,National,"Mortality rate attributed to cardiovascular disease, cancer, diabetes or chronic respiratory disease",Jalal-Abad,Non-communicable disease: Cancer,"Per 100,000 population",52.9
2016,Annual,National,"Mortality rate attributed to cardiovascular disease, cancer, diabetes or chronic respiratory disease",Jalal-Abad,Non-communicable disease: Cancer,"Per 100,000 population",54.2
2017,Annual,National,"Mortality rate attributed to cardiovascular disease, cancer, diabetes or chronic respiratory disease",Jalal-Abad,Non-communicable disease: Cancer,"Per 100,000 population",50.9
2018,Annual,National,"Mortality rate attributed to cardiovascular disease, cancer, diabetes or chronic respiratory disease",Jalal-Abad,Non-communicable disease: Cancer,"Per 100,000 population",49.5
2007,Annual,National,"Mortality rate attributed to cardiovascular disease, cancer, diabetes or chronic respiratory disease",Issyk-Kul,Non-communicable disease: Cancer,"Per 100,000 population",74.6
2008,Annual,National,"Mortality rate attributed to cardiovascular disease, cancer, diabetes or chronic respiratory disease",Issyk-Kul,Non-communicable disease: Cancer,"Per 100,000 population",72.4
2009,Annual,National,"Mortality rate attributed to cardiovascular disease, cancer, diabetes or chronic respiratory disease",Issyk-Kul,Non-communicable disease: Cancer,"Per 100,000 population",78.7
2010,Annual,National,"Mortality rate attributed to cardiovascular disease, cancer, diabetes or chronic respiratory disease",Issyk-Kul,Non-communicable disease: Cancer,"Per 100,000 population",73.4
2011,Annual,National,"Mortality rate attributed to cardiovascular disease, cancer, diabetes or chronic respiratory disease",Issyk-Kul,Non-communicable disease: Cancer,"Per 100,000 population",74.0
2012,Annual,National,"Mortality rate attributed to cardiovascular disease, cancer, diabetes or chronic respiratory disease",Issyk-Kul,Non-communicable disease: Cancer,"Per 100,000 population",84.8
2013,Annual,National,"Mortality rate attributed to cardiovascular disease, cancer, diabetes or chronic respiratory disease",Issyk-Kul,Non-communicable disease: Cancer,"Per 100,000 population",81.8
2014,Annual,National,"Mortality rate attributed to cardiovascular disease, cancer, diabetes or chronic respiratory disease",Issyk-Kul,Non-communicable disease: Cancer,"Per 100,000 population",85.2
2015,Annual,National,"Mortality rate attributed to cardiovascular disease, cancer, diabetes or chronic respiratory disease",Issyk-Kul,Non-communicable disease: Cancer,"Per 100,000 population",89.1
2016,Annual,National,"Mortality rate attributed to cardiovascular disease, cancer, diabetes or chronic respiratory disease",Issyk-Kul,Non-communicable disease: Cancer,"Per 100,000 population",83.9
2017,Annual,National,"Mortality rate attributed to cardiovascular disease, cancer, diabetes or chronic respiratory disease",Issyk-Kul,Non-communicable disease: Cancer,"Per 100,000 population",80.9
2018,Annual,National,"Mortality rate attributed to cardiovascular disease, cancer, diabetes or chronic respiratory disease",Issyk-Kul,Non-communicable disease: Cancer,"Per 100,000 population",90.5
2007,Annual,National,"Mortality rate attributed to cardiovascular disease, cancer, diabetes or chronic respiratory disease",Naryn,Non-communicable disease: Cancer,"Per 100,000 population",70.8
2008,Annual,National,"Mortality rate attributed to cardiovascular disease, cancer, diabetes or chronic respiratory disease",Naryn,Non-communicable disease: Cancer,"Per 100,000 population",72.0
2009,Annual,National,"Mortality rate attributed to cardiovascular disease, cancer, diabetes or chronic respiratory disease",Naryn,Non-communicable disease: Cancer,"Per 100,000 population",72.0
2010,Annual,National,"Mortality rate attributed to cardiovascular disease, cancer, diabetes or chronic respiratory disease",Naryn,Non-communicable disease: Cancer,"Per 100,000 population",66.7
2011,Annual,National,"Mortality rate attributed to cardiovascular disease, cancer, diabetes or chronic respiratory disease",Naryn,Non-communicable disease: Cancer,"Per 100,000 population",81.9
2012,Annual,National,"Mortality rate attributed to cardiovascular disease, cancer, diabetes or chronic respiratory disease",Naryn,Non-communicable disease: Cancer,"Per 100,000 population",63.8
2013,Annual,National,"Mortality rate attributed to cardiovascular disease, cancer, diabetes or chronic respiratory disease",Naryn,Non-communicable disease: Cancer,"Per 100,000 population",78.2
2014,Annual,National,"Mortality rate attributed to cardiovascular disease, cancer, diabetes or chronic respiratory disease",Naryn,Non-communicable disease: Cancer,"Per 100,000 population",82.4
2015,Annual,National,"Mortality rate attributed to cardiovascular disease, cancer, diabetes or chronic respiratory disease",Naryn,Non-communicable disease: Cancer,"Per 100,000 population",89.5
2016,Annual,National,"Mortality rate attributed to cardiovascular disease, cancer, diabetes or chronic respiratory disease",Naryn,Non-communicable disease: Cancer,"Per 100,000 population",88.1
2017,Annual,National,"Mortality rate attributed to cardiovascular disease, cancer, diabetes or chronic respiratory disease",Naryn,Non-communicable disease: Cancer,"Per 100,000 population",81.8
2018,Annual,National,"Mortality rate attributed to cardiovascular disease, cancer, diabetes or chronic respiratory disease",Naryn,Non-communicable disease: Cancer,"Per 100,000 population",87.9
2007,Annual,National,"Mortality rate attributed to cardiovascular disease, cancer, diabetes or chronic respiratory disease",Osh,Non-communicable disease: Cancer,"Per 100,000 population",38.1
2008,Annual,National,"Mortality rate attributed to cardiovascular disease, cancer, diabetes or chronic respiratory disease",Osh,Non-communicable disease: Cancer,"Per 100,000 population",36.4
2009,Annual,National,"Mortality rate attributed to cardiovascular disease, cancer, diabetes or chronic respiratory disease",Osh,Non-communicable disease: Cancer,"Per 100,000 population",40.7
2010,Annual,National,"Mortality rate attributed to cardiovascular disease, cancer, diabetes or chronic respiratory disease",Osh,Non-communicable disease: Cancer,"Per 100,000 population",40.1
2011,Annual,National,"Mortality rate attributed to cardiovascular disease, cancer, diabetes or chronic respiratory disease",Osh,Non-communicable disease: Cancer,"Per 100,000 population",43.6
2012,Annual,National,"Mortality rate attributed to cardiovascular disease, cancer, diabetes or chronic respiratory disease",Osh,Non-communicable disease: Cancer,"Per 100,000 population",43.0
2013,Annual,National,"Mortality rate attributed to cardiovascular disease, cancer, diabetes or chronic respiratory disease",Osh,Non-communicable disease: Cancer,"Per 100,000 population",43.0
2014,Annual,National,"Mortality rate attributed to cardiovascular disease, cancer, diabetes or chronic respiratory disease",Osh,Non-communicable disease: Cancer,"Per 100,000 population",50.7
2015,Annual,National,"Mortality rate attributed to cardiovascular disease, cancer, diabetes or chronic respiratory disease",Osh,Non-communicable disease: Cancer,"Per 100,000 population",50.6
2016,Annual,National,"Mortality rate attributed to cardiovascular disease, cancer, diabetes or chronic respiratory disease",Osh,Non-communicable disease: Cancer,"Per 100,000 population",49.9
2017,Annual,National,"Mortality rate attributed to cardiovascular disease, cancer, diabetes or chronic respiratory disease",Osh,Non-communicable disease: Cancer,"Per 100,000 population",49.1
2018,Annual,National,"Mortality rate attributed to cardiovascular disease, cancer, diabetes or chronic respiratory disease",Osh,Non-communicable disease: Cancer,"Per 100,000 population",51.0
2007,Annual,National,"Mortality rate attributed to cardiovascular disease, cancer, diabetes or chronic respiratory disease",Talas,Non-communicable disease: Cancer,"Per 100,000 population",47.2
2008,Annual,National,"Mortality rate attributed to cardiovascular disease, cancer, diabetes or chronic respiratory disease",Talas,Non-communicable disease: Cancer,"Per 100,000 population",54.7
2009,Annual,National,"Mortality rate attributed to cardiovascular disease, cancer, diabetes or chronic respiratory disease",Talas,Non-communicable disease: Cancer,"Per 100,000 population",59.7
2010,Annual,National,"Mortality rate attributed to cardiovascular disease, cancer, diabetes or chronic respiratory disease",Talas,Non-communicable disease: Cancer,"Per 100,000 population",66.0
2011,Annual,National,"Mortality rate attributed to cardiovascular disease, cancer, diabetes or chronic respiratory disease",Talas,Non-communicable disease: Cancer,"Per 100,000 population",59.9
2012,Annual,National,"Mortality rate attributed to cardiovascular disease, cancer, diabetes or chronic respiratory disease",Talas,Non-communicable disease: Cancer,"Per 100,000 population",58.5
2013,Annual,National,"Mortality rate attributed to cardiovascular disease, cancer, diabetes or chronic respiratory disease",Talas,Non-communicable disease: Cancer,"Per 100,000 population",68.3
2014,Annual,National,"Mortality rate attributed to cardiovascular disease, cancer, diabetes or chronic respiratory disease",Talas,Non-communicable disease: Cancer,"Per 100,000 population",68.9
2015,Annual,National,"Mortality rate attributed to cardiovascular disease, cancer, diabetes or chronic respiratory disease",Talas,Non-communicable disease: Cancer,"Per 100,000 population",60.6
2016,Annual,National,"Mortality rate attributed to cardiovascular disease, cancer, diabetes or chronic respiratory disease",Talas,Non-communicable disease: Cancer,"Per 100,000 population",70.7
2017,Annual,National,"Mortality rate attributed to cardiovascular disease, cancer, diabetes or chronic respiratory disease",Talas,Non-communicable disease: Cancer,"Per 100,000 population",62.6
2018,Annual,National,"Mortality rate attributed to cardiovascular disease, cancer, diabetes or chronic respiratory disease",Talas,Non-communicable disease: Cancer,"Per 100,000 population",59.7
2007,Annual,National,"Mortality rate attributed to cardiovascular disease, cancer, diabetes or chronic respiratory disease",Chui,Non-communicable disease: Cancer,"Per 100,000 population",88.1
2008,Annual,National,"Mortality rate attributed to cardiovascular disease, cancer, diabetes or chronic respiratory disease",Chui,Non-communicable disease: Cancer,"Per 100,000 population",91.2
2009,Annual,National,"Mortality rate attributed to cardiovascular disease, cancer, diabetes or chronic respiratory disease",Chui,Non-communicable disease: Cancer,"Per 100,000 population",95.3
2010,Annual,National,"Mortality rate attributed to cardiovascular disease, cancer, diabetes or chronic respiratory disease",Chui,Non-communicable disease: Cancer,"Per 100,000 population",89.6
2011,Annual,National,"Mortality rate attributed to cardiovascular disease, cancer, diabetes or chronic respiratory disease",Chui,Non-communicable disease: Cancer,"Per 100,000 population",92.0
2012,Annual,National,"Mortality rate attributed to cardiovascular disease, cancer, diabetes or chronic respiratory disease",Chui,Non-communicable disease: Cancer,"Per 100,000 population",91.5
2013,Annual,National,"Mortality rate attributed to cardiovascular disease, cancer, diabetes or chronic respiratory disease",Chui,Non-communicable disease: Cancer,"Per 100,000 population",88.3
2014,Annual,National,"Mortality rate attributed to cardiovascular disease, cancer, diabetes or chronic respiratory disease",Chui,Non-communicable disease: Cancer,"Per 100,000 population",92.7
2015,Annual,National,"Mortality rate attributed to cardiovascular disease, cancer, diabetes or chronic respiratory disease",Chui,Non-communicable disease: Cancer,"Per 100,000 population",82.6
2016,Annual,National,"Mortality rate attributed to cardiovascular disease, cancer, diabetes or chronic respiratory disease",Chui,Non-communicable disease: Cancer,"Per 100,000 population",94.3
2017,Annual,National,"Mortality rate attributed to cardiovascular disease, cancer, diabetes or chronic respiratory disease",Chui,Non-communicable disease: Cancer,"Per 100,000 population",91.3
2018,Annual,National,"Mortality rate attributed to cardiovascular disease, cancer, diabetes or chronic respiratory disease",Chui,Non-communicable disease: Cancer,"Per 100,000 population",97.5
2007,Annual,National,"Mortality rate attributed to cardiovascular disease, cancer, diabetes or chronic respiratory disease",Bishkek (city),Non-communicable disease: Cancer,"Per 100,000 population",82.3
2008,Annual,National,"Mortality rate attributed to cardiovascular disease, cancer, diabetes or chronic respiratory disease",Bishkek (city),Non-communicable disease: Cancer,"Per 100,000 population",82.6
2009,Annual,National,"Mortality rate attributed to cardiovascular disease, cancer, diabetes or chronic respiratory disease",Bishkek (city),Non-communicable disease: Cancer,"Per 100,000 population",75.8
2010,Annual,National,"Mortality rate attributed to cardiovascular disease, cancer, diabetes or chronic respiratory disease",Bishkek (city),Non-communicable disease: Cancer,"Per 100,000 population",78.1
2011,Annual,National,"Mortality rate attributed to cardiovascular disease, cancer, diabetes or chronic respiratory disease",Bishkek (city),Non-communicable disease: Cancer,"Per 100,000 population",69.8
2012,Annual,National,"Mortality rate attributed to cardiovascular disease, cancer, diabetes or chronic respiratory disease",Bishkek (city),Non-communicable disease: Cancer,"Per 100,000 population",67.4
2013,Annual,National,"Mortality rate attributed to cardiovascular disease, cancer, diabetes or chronic respiratory disease",Bishkek (city),Non-communicable disease: Cancer,"Per 100,000 population",69.3
2014,Annual,National,"Mortality rate attributed to cardiovascular disease, cancer, diabetes or chronic respiratory disease",Bishkek (city),Non-communicable disease: Cancer,"Per 100,000 population",73.1
2015,Annual,National,"Mortality rate attributed to cardiovascular disease, cancer, diabetes or chronic respiratory disease",Bishkek (city),Non-communicable disease: Cancer,"Per 100,000 population",76.6
2016,Annual,National,"Mortality rate attributed to cardiovascular disease, cancer, diabetes or chronic respiratory disease",Bishkek (city),Non-communicable disease: Cancer,"Per 100,000 population",66.5
2017,Annual,National,"Mortality rate attributed to cardiovascular disease, cancer, diabetes or chronic respiratory disease",Bishkek (city),Non-communicable disease: Cancer,"Per 100,000 population",69.1
2018,Annual,National,"Mortality rate attributed to cardiovascular disease, cancer, diabetes or chronic respiratory disease",Bishkek (city),Non-communicable disease: Cancer,"Per 100,000 population",69.3
2007,Annual,National,"Mortality rate attributed to cardiovascular disease, cancer, diabetes or chronic respiratory disease",Osh (city),Non-communicable disease: Cancer,"Per 100,000 population",46.8
2008,Annual,National,"Mortality rate attributed to cardiovascular disease, cancer, diabetes or chronic respiratory disease",Osh (city),Non-communicable disease: Cancer,"Per 100,000 population",50.5
2009,Annual,National,"Mortality rate attributed to cardiovascular disease, cancer, diabetes or chronic respiratory disease",Osh (city),Non-communicable disease: Cancer,"Per 100,000 population",50.3
2010,Annual,National,"Mortality rate attributed to cardiovascular disease, cancer, diabetes or chronic respiratory disease",Osh (city),Non-communicable disease: Cancer,"Per 100,000 population",46.2
2011,Annual,National,"Mortality rate attributed to cardiovascular disease, cancer, diabetes or chronic respiratory disease",Osh (city),Non-communicable disease: Cancer,"Per 100,000 population",58.2
2012,Annual,National,"Mortality rate attributed to cardiovascular disease, cancer, diabetes or chronic respiratory disease",Osh (city),Non-communicable disease: Cancer,"Per 100,000 population",50.4
2013,Annual,National,"Mortality rate attributed to cardiovascular disease, cancer, diabetes or chronic respiratory disease",Osh (city),Non-communicable disease: Cancer,"Per 100,000 population",64.7
2014,Annual,National,"Mortality rate attributed to cardiovascular disease, cancer, diabetes or chronic respiratory disease",Osh (city),Non-communicable disease: Cancer,"Per 100,000 population",52.3
2015,Annual,National,"Mortality rate attributed to cardiovascular disease, cancer, diabetes or chronic respiratory disease",Osh (city),Non-communicable disease: Cancer,"Per 100,000 population",51.3
2016,Annual,National,"Mortality rate attributed to cardiovascular disease, cancer, diabetes or chronic respiratory disease",Osh (city),Non-communicable disease: Cancer,"Per 100,000 population",54.9
2017,Annual,National,"Mortality rate attributed to cardiovascular disease, cancer, diabetes or chronic respiratory disease",Osh (city),Non-communicable disease: Cancer,"Per 100,000 population",53.3
2018,Annual,National,"Mortality rate attributed to cardiovascular disease, cancer, diabetes or chronic respiratory disease",Osh (city),Non-communicable disease: Cancer,"Per 100,000 population",65.3
2007,Annual,National,"Mortality rate attributed to cardiovascular disease, cancer, diabetes or chronic respiratory disease",Kyrgyzstan,Non-communicable disease: Diabetes,"Per 100,000 population",6.9
2008,Annual,National,"Mortality rate attributed to cardiovascular disease, cancer, diabetes or chronic respiratory disease",Kyrgyzstan,Non-communicable disease: Diabetes,"Per 100,000 population",6.8
2009,Annual,National,"Mortality rate attributed to cardiovascular disease, cancer, diabetes or chronic respiratory disease",Kyrgyzstan,Non-communicable disease: Diabetes,"Per 100,000 population",6.2
2010,Annual,National,"Mortality rate attributed to cardiovascular disease, cancer, diabetes or chronic respiratory disease",Kyrgyzstan,Non-communicable disease: Diabetes,"Per 100,000 population",5.7
2011,Annual,National,"Mortality rate attributed to cardiovascular disease, cancer, diabetes or chronic respiratory disease",Kyrgyzstan,Non-communicable disease: Diabetes,"Per 100,000 population",5.8
2012,Annual,National,"Mortality rate attributed to cardiovascular disease, cancer, diabetes or chronic respiratory disease",Kyrgyzstan,Non-communicable disease: Diabetes,"Per 100,000 population",5.3
2013,Annual,National,"Mortality rate attributed to cardiovascular disease, cancer, diabetes or chronic respiratory disease",Kyrgyzstan,Non-communicable disease: Diabetes,"Per 100,000 population",6.9
2014,Annual,National,"Mortality rate attributed to cardiovascular disease, cancer, diabetes or chronic respiratory disease",Kyrgyzstan,Non-communicable disease: Diabetes,"Per 100,000 population",7.2
2015,Annual,National,"Mortality rate attributed to cardiovascular disease, cancer, diabetes or chronic respiratory disease",Kyrgyzstan,Non-communicable disease: Diabetes,"Per 100,000 population",6.0
2016,Annual,National,"Mortality rate attributed to cardiovascular disease, cancer, diabetes or chronic respiratory disease",Kyrgyzstan,Non-communicable disease: Diabetes,"Per 100,000 population",6.7
2017,Annual,National,"Mortality rate attributed to cardiovascular disease, cancer, diabetes or chronic respiratory disease",Kyrgyzstan,Non-communicable disease: Diabetes,"Per 100,000 population",6.8
2018,Annual,National,"Mortality rate attributed to cardiovascular disease, cancer, diabetes or chronic respiratory disease",Kyrgyzstan,Non-communicable disease: Diabetes,"Per 100,000 population",7.3
2007,Annual,National,"Mortality rate attributed to cardiovascular disease, cancer, diabetes or chronic respiratory disease",Batken,Non-communicable disease: Diabetes,"Per 100,000 population",8.1
2008,Annual,National,"Mortality rate attributed to cardiovascular disease, cancer, diabetes or chronic respiratory disease",Batken,Non-communicable disease: Diabetes,"Per 100,000 population",5.7
2009,Annual,National,"Mortality rate attributed to cardiovascular disease, cancer, diabetes or chronic respiratory disease",Batken,Non-communicable disease: Diabetes,"Per 100,000 population",4.6
2010,Annual,National,"Mortality rate attributed to cardiovascular disease, cancer, diabetes or chronic respiratory disease",Batken,Non-communicable disease: Diabetes,"Per 100,000 population",4.1
2011,Annual,National,"Mortality rate attributed to cardiovascular disease, cancer, diabetes or chronic respiratory disease",Batken,Non-communicable disease: Diabetes,"Per 100,000 population",3.1
2012,Annual,National,"Mortality rate attributed to cardiovascular disease, cancer, diabetes or chronic respiratory disease",Batken,Non-communicable disease: Diabetes,"Per 100,000 population",5.5
2013,Annual,National,"Mortality rate attributed to cardiovascular disease, cancer, diabetes or chronic respiratory disease",Batken,Non-communicable disease: Diabetes,"Per 100,000 population",4.5
2014,Annual,National,"Mortality rate attributed to cardiovascular disease, cancer, diabetes or chronic respiratory disease",Batken,Non-communicable disease: Diabetes,"Per 100,000 population",5.9
2015,Annual,National,"Mortality rate attributed to cardiovascular disease, cancer, diabetes or chronic respiratory disease",Batken,Non-communicable disease: Diabetes,"Per 100,000 population",6.2
2016,Annual,National,"Mortality rate attributed to cardiovascular disease, cancer, diabetes or chronic respiratory disease",Batken,Non-communicable disease: Diabetes,"Per 100,000 population",7.0
2017,Annual,National,"Mortality rate attributed to cardiovascular disease, cancer, diabetes or chronic respiratory disease",Batken,Non-communicable disease: Diabetes,"Per 100,000 population",6.1
2018,Annual,National,"Mortality rate attributed to cardiovascular disease, cancer, diabetes or chronic respiratory disease",Batken,Non-communicable disease: Diabetes,"Per 100,000 population",5.4
2007,Annual,National,"Mortality rate attributed to cardiovascular disease, cancer, diabetes or chronic respiratory disease",Jalal-Abad,Non-communicable disease: Diabetes,"Per 100,000 population",6.6
2008,Annual,National,"Mortality rate attributed to cardiovascular disease, cancer, diabetes or chronic respiratory disease",Jalal-Abad,Non-communicable disease: Diabetes,"Per 100,000 population",9.1
2009,Annual,National,"Mortality rate attributed to cardiovascular disease, cancer, diabetes or chronic respiratory disease",Jalal-Abad,Non-communicable disease: Diabetes,"Per 100,000 population",8.4
2010,Annual,National,"Mortality rate attributed to cardiovascular disease, cancer, diabetes or chronic respiratory disease",Jalal-Abad,Non-communicable disease: Diabetes,"Per 100,000 population",7.7
2011,Annual,National,"Mortality rate attributed to cardiovascular disease, cancer, diabetes or chronic respiratory disease",Jalal-Abad,Non-communicable disease: Diabetes,"Per 100,000 population",7.9
2012,Annual,National,"Mortality rate attributed to cardiovascular disease, cancer, diabetes or chronic respiratory disease",Jalal-Abad,Non-communicable disease: Diabetes,"Per 100,000 population",7.6
2013,Annual,National,"Mortality rate attributed to cardiovascular disease, cancer, diabetes or chronic respiratory disease",Jalal-Abad,Non-communicable disease: Diabetes,"Per 100,000 population",9.6
2014,Annual,National,"Mortality rate attributed to cardiovascular disease, cancer, diabetes or chronic respiratory disease",Jalal-Abad,Non-communicable disease: Diabetes,"Per 100,000 population",10.6
2015,Annual,National,"Mortality rate attributed to cardiovascular disease, cancer, diabetes or chronic respiratory disease",Jalal-Abad,Non-communicable disease: Diabetes,"Per 100,000 population",9.0
2016,Annual,National,"Mortality rate attributed to cardiovascular disease, cancer, diabetes or chronic respiratory disease",Jalal-Abad,Non-communicable disease: Diabetes,"Per 100,000 population",8.6
2017,Annual,National,"Mortality rate attributed to cardiovascular disease, cancer, diabetes or chronic respiratory disease",Jalal-Abad,Non-communicable disease: Diabetes,"Per 100,000 population",8.8
2018,Annual,National,"Mortality rate attributed to cardiovascular disease, cancer, diabetes or chronic respiratory disease",Jalal-Abad,Non-communicable disease: Diabetes,"Per 100,000 population",10.4
2007,Annual,National,"Mortality rate attributed to cardiovascular disease, cancer, diabetes or chronic respiratory disease",Issyk-Kul,Non-communicable disease: Diabetes,"Per 100,000 population",10.4
2008,Annual,National,"Mortality rate attributed to cardiovascular disease, cancer, diabetes or chronic respiratory disease",Issyk-Kul,Non-communicable disease: Diabetes,"Per 100,000 population",6.2
2009,Annual,National,"Mortality rate attributed to cardiovascular disease, cancer, diabetes or chronic respiratory disease",Issyk-Kul,Non-communicable disease: Diabetes,"Per 100,000 population",8.2
2010,Annual,National,"Mortality rate attributed to cardiovascular disease, cancer, diabetes or chronic respiratory disease",Issyk-Kul,Non-communicable disease: Diabetes,"Per 100,000 population",8.1
2011,Annual,National,"Mortality rate attributed to cardiovascular disease, cancer, diabetes or chronic respiratory disease",Issyk-Kul,Non-communicable disease: Diabetes,"Per 100,000 population",6.9
2012,Annual,National,"Mortality rate attributed to cardiovascular disease, cancer, diabetes or chronic respiratory disease",Issyk-Kul,Non-communicable disease: Diabetes,"Per 100,000 population",6.4
2013,Annual,National,"Mortality rate attributed to cardiovascular disease, cancer, diabetes or chronic respiratory disease",Issyk-Kul,Non-communicable disease: Diabetes,"Per 100,000 population",9.0
2014,Annual,National,"Mortality rate attributed to cardiovascular disease, cancer, diabetes or chronic respiratory disease",Issyk-Kul,Non-communicable disease: Diabetes,"Per 100,000 population",8.9
2015,Annual,National,"Mortality rate attributed to cardiovascular disease, cancer, diabetes or chronic respiratory disease",Issyk-Kul,Non-communicable disease: Diabetes,"Per 100,000 population",6.2
2016,Annual,National,"Mortality rate attributed to cardiovascular disease, cancer, diabetes or chronic respiratory disease",Issyk-Kul,Non-communicable disease: Diabetes,"Per 100,000 population",7.0
2017,Annual,National,"Mortality rate attributed to cardiovascular disease, cancer, diabetes or chronic respiratory disease",Issyk-Kul,Non-communicable disease: Diabetes,"Per 100,000 population",10.4
2018,Annual,National,"Mortality rate attributed to cardiovascular disease, cancer, diabetes or chronic respiratory disease",Issyk-Kul,Non-communicable disease: Diabetes,"Per 100,000 population",13.2
2007,Annual,National,"Mortality rate attributed to cardiovascular disease, cancer, diabetes or chronic respiratory disease",Naryn,Non-communicable disease: Diabetes,"Per 100,000 population",5.4
2008,Annual,National,"Mortality rate attributed to cardiovascular disease, cancer, diabetes or chronic respiratory disease",Naryn,Non-communicable disease: Diabetes,"Per 100,000 population",3.9
2009,Annual,National,"Mortality rate attributed to cardiovascular disease, cancer, diabetes or chronic respiratory disease",Naryn,Non-communicable disease: Diabetes,"Per 100,000 population",6.6
2010,Annual,National,"Mortality rate attributed to cardiovascular disease, cancer, diabetes or chronic respiratory disease",Naryn,Non-communicable disease: Diabetes,"Per 100,000 population",4.2
2011,Annual,National,"Mortality rate attributed to cardiovascular disease, cancer, diabetes or chronic respiratory disease",Naryn,Non-communicable disease: Diabetes,"Per 100,000 population",6.1
2012,Annual,National,"Mortality rate attributed to cardiovascular disease, cancer, diabetes or chronic respiratory disease",Naryn,Non-communicable disease: Diabetes,"Per 100,000 population",3.8
2013,Annual,National,"Mortality rate attributed to cardiovascular disease, cancer, diabetes or chronic respiratory disease",Naryn,Non-communicable disease: Diabetes,"Per 100,000 population",3.7
2014,Annual,National,"Mortality rate attributed to cardiovascular disease, cancer, diabetes or chronic respiratory disease",Naryn,Non-communicable disease: Diabetes,"Per 100,000 population",7.0
2015,Annual,National,"Mortality rate attributed to cardiovascular disease, cancer, diabetes or chronic respiratory disease",Naryn,Non-communicable disease: Diabetes,"Per 100,000 population",4.7
2016,Annual,National,"Mortality rate attributed to cardiovascular disease, cancer, diabetes or chronic respiratory disease",Naryn,Non-communicable disease: Diabetes,"Per 100,000 population",5.0
2017,Annual,National,"Mortality rate attributed to cardiovascular disease, cancer, diabetes or chronic respiratory disease",Naryn,Non-communicable disease: Diabetes,"Per 100,000 population",3.9
2018,Annual,National,"Mortality rate attributed to cardiovascular disease, cancer, diabetes or chronic respiratory disease",Naryn,Non-communicable disease: Diabetes,"Per 100,000 population",7.4
2007,Annual,National,"Mortality rate attributed to cardiovascular disease, cancer, diabetes or chronic respiratory disease",Osh,Non-communicable disease: Diabetes,"Per 100,000 population",6.5
2008,Annual,National,"Mortality rate attributed to cardiovascular disease, cancer, diabetes or chronic respiratory disease",Osh,Non-communicable disease: Diabetes,"Per 100,000 population",5.4
2009,Annual,National,"Mortality rate attributed to cardiovascular disease, cancer, diabetes or chronic respiratory disease",Osh,Non-communicable disease: Diabetes,"Per 100,000 population",5.6
2010,Annual,National,"Mortality rate attributed to cardiovascular disease, cancer, diabetes or chronic respiratory disease",Osh,Non-communicable disease: Diabetes,"Per 100,000 population",5.2
2011,Annual,National,"Mortality rate attributed to cardiovascular disease, cancer, diabetes or chronic respiratory disease",Osh,Non-communicable disease: Diabetes,"Per 100,000 population",4.7
2012,Annual,National,"Mortality rate attributed to cardiovascular disease, cancer, diabetes or chronic respiratory disease",Osh,Non-communicable disease: Diabetes,"Per 100,000 population",4.7
2013,Annual,National,"Mortality rate attributed to cardiovascular disease, cancer, diabetes or chronic respiratory disease",Osh,Non-communicable disease: Diabetes,"Per 100,000 population",4.8
2014,Annual,National,"Mortality rate attributed to cardiovascular disease, cancer, diabetes or chronic respiratory disease",Osh,Non-communicable disease: Diabetes,"Per 100,000 population",5.1
2015,Annual,National,"Mortality rate attributed to cardiovascular disease, cancer, diabetes or chronic respiratory disease",Osh,Non-communicable disease: Diabetes,"Per 100,000 population",5.7
2016,Annual,National,"Mortality rate attributed to cardiovascular disease, cancer, diabetes or chronic respiratory disease",Osh,Non-communicable disease: Diabetes,"Per 100,000 population",5.5
2017,Annual,National,"Mortality rate attributed to cardiovascular disease, cancer, diabetes or chronic respiratory disease",Osh,Non-communicable disease: Diabetes,"Per 100,000 population",6.1
2018,Annual,National,"Mortality rate attributed to cardiovascular disease, cancer, diabetes or chronic respiratory disease",Osh,Non-communicable disease: Diabetes,"Per 100,000 population",6.6
2007,Annual,National,"Mortality rate attributed to cardiovascular disease, cancer, diabetes or chronic respiratory disease",Talas,Non-communicable disease: Diabetes,"Per 100,000 population",7.6
2008,Annual,National,"Mortality rate attributed to cardiovascular disease, cancer, diabetes or chronic respiratory disease",Talas,Non-communicable disease: Diabetes,"Per 100,000 population",7.6
2009,Annual,National,"Mortality rate attributed to cardiovascular disease, cancer, diabetes or chronic respiratory disease",Talas,Non-communicable disease: Diabetes,"Per 100,000 population",10.1
2010,Annual,National,"Mortality rate attributed to cardiovascular disease, cancer, diabetes or chronic respiratory disease",Talas,Non-communicable disease: Diabetes,"Per 100,000 population",5.2
2011,Annual,National,"Mortality rate attributed to cardiovascular disease, cancer, diabetes or chronic respiratory disease",Talas,Non-communicable disease: Diabetes,"Per 100,000 population",3.0
2012,Annual,National,"Mortality rate attributed to cardiovascular disease, cancer, diabetes or chronic respiratory disease",Talas,Non-communicable disease: Diabetes,"Per 100,000 population",4.2
2013,Annual,National,"Mortality rate attributed to cardiovascular disease, cancer, diabetes or chronic respiratory disease",Talas,Non-communicable disease: Diabetes,"Per 100,000 population",6.2
2014,Annual,National,"Mortality rate attributed to cardiovascular disease, cancer, diabetes or chronic respiratory disease",Talas,Non-communicable disease: Diabetes,"Per 100,000 population",4.9
2015,Annual,National,"Mortality rate attributed to cardiovascular disease, cancer, diabetes or chronic respiratory disease",Talas,Non-communicable disease: Diabetes,"Per 100,000 population",0.8
2016,Annual,National,"Mortality rate attributed to cardiovascular disease, cancer, diabetes or chronic respiratory disease",Talas,Non-communicable disease: Diabetes,"Per 100,000 population",2.8
2017,Annual,National,"Mortality rate attributed to cardiovascular disease, cancer, diabetes or chronic respiratory disease",Talas,Non-communicable disease: Diabetes,"Per 100,000 population",3.5
2018,Annual,National,"Mortality rate attributed to cardiovascular disease, cancer, diabetes or chronic respiratory disease",Talas,Non-communicable disease: Diabetes,"Per 100,000 population",3.1
2007,Annual,National,"Mortality rate attributed to cardiovascular disease, cancer, diabetes or chronic respiratory disease",Chui,Non-communicable disease: Diabetes,"Per 100,000 population",7.7
2008,Annual,National,"Mortality rate attributed to cardiovascular disease, cancer, diabetes or chronic respiratory disease",Chui,Non-communicable disease: Diabetes,"Per 100,000 population",7.9
2009,Annual,National,"Mortality rate attributed to cardiovascular disease, cancer, diabetes or chronic respiratory disease",Chui,Non-communicable disease: Diabetes,"Per 100,000 population",4.7
2010,Annual,National,"Mortality rate attributed to cardiovascular disease, cancer, diabetes or chronic respiratory disease",Chui,Non-communicable disease: Diabetes,"Per 100,000 population",5.7
2011,Annual,National,"Mortality rate attributed to cardiovascular disease, cancer, diabetes or chronic respiratory disease",Chui,Non-communicable disease: Diabetes,"Per 100,000 population",7.2
2012,Annual,National,"Mortality rate attributed to cardiovascular disease, cancer, diabetes or chronic respiratory disease",Chui,Non-communicable disease: Diabetes,"Per 100,000 population",4.8
2013,Annual,National,"Mortality rate attributed to cardiovascular disease, cancer, diabetes or chronic respiratory disease",Chui,Non-communicable disease: Diabetes,"Per 100,000 population",7.9
2014,Annual,National,"Mortality rate attributed to cardiovascular disease, cancer, diabetes or chronic respiratory disease",Chui,Non-communicable disease: Diabetes,"Per 100,000 population",9.5
2015,Annual,National,"Mortality rate attributed to cardiovascular disease, cancer, diabetes or chronic respiratory disease",Chui,Non-communicable disease: Diabetes,"Per 100,000 population",7.4
2016,Annual,National,"Mortality rate attributed to cardiovascular disease, cancer, diabetes or chronic respiratory disease",Chui,Non-communicable disease: Diabetes,"Per 100,000 population",8.6
2017,Annual,National,"Mortality rate attributed to cardiovascular disease, cancer, diabetes or chronic respiratory disease",Chui,Non-communicable disease: Diabetes,"Per 100,000 population",6.6
2018,Annual,National,"Mortality rate attributed to cardiovascular disease, cancer, diabetes or chronic respiratory disease",Chui,Non-communicable disease: Diabetes,"Per 100,000 population",7.2
2007,Annual,National,"Mortality rate attributed to cardiovascular disease, cancer, diabetes or chronic respiratory disease",Bishkek (city),Non-communicable disease: Diabetes,"Per 100,000 population",4.0
2008,Annual,National,"Mortality rate attributed to cardiovascular disease, cancer, diabetes or chronic respiratory disease",Bishkek (city),Non-communicable disease: Diabetes,"Per 100,000 population",5.2
2009,Annual,National,"Mortality rate attributed to cardiovascular disease, cancer, diabetes or chronic respiratory disease",Bishkek (city),Non-communicable disease: Diabetes,"Per 100,000 population",4.6
2010,Annual,National,"Mortality rate attributed to cardiovascular disease, cancer, diabetes or chronic respiratory disease",Bishkek (city),Non-communicable disease: Diabetes,"Per 100,000 population",4.0
2011,Annual,National,"Mortality rate attributed to cardiovascular disease, cancer, diabetes or chronic respiratory disease",Bishkek (city),Non-communicable disease: Diabetes,"Per 100,000 population",4.0
2012,Annual,National,"Mortality rate attributed to cardiovascular disease, cancer, diabetes or chronic respiratory disease",Bishkek (city),Non-communicable disease: Diabetes,"Per 100,000 population",4.0
2013,Annual,National,"Mortality rate attributed to cardiovascular disease, cancer, diabetes or chronic respiratory disease",Bishkek (city),Non-communicable disease: Diabetes,"Per 100,000 population",4.9
2014,Annual,National,"Mortality rate attributed to cardiovascular disease, cancer, diabetes or chronic respiratory disease",Bishkek (city),Non-communicable disease: Diabetes,"Per 100,000 population",3.8
2015,Annual,National,"Mortality rate attributed to cardiovascular disease, cancer, diabetes or chronic respiratory disease",Bishkek (city),Non-communicable disease: Diabetes,"Per 100,000 population",3.2
2016,Annual,National,"Mortality rate attributed to cardiovascular disease, cancer, diabetes or chronic respiratory disease",Bishkek (city),Non-communicable disease: Diabetes,"Per 100,000 population",5.0
2017,Annual,National,"Mortality rate attributed to cardiovascular disease, cancer, diabetes or chronic respiratory disease",Bishkek (city),Non-communicable disease: Diabetes,"Per 100,000 population",4.3
2018,Annual,National,"Mortality rate attributed to cardiovascular disease, cancer, diabetes or chronic respiratory disease",Bishkek (city),Non-communicable disease: Diabetes,"Per 100,000 population",3.4
2007,Annual,National,"Mortality rate attributed to cardiovascular disease, cancer, diabetes or chronic respiratory disease",Osh (city),Non-communicable disease: Diabetes,"Per 100,000 population",9.4
2008,Annual,National,"Mortality rate attributed to cardiovascular disease, cancer, diabetes or chronic respiratory disease",Osh (city),Non-communicable disease: Diabetes,"Per 100,000 population",11.7
2009,Annual,National,"Mortality rate attributed to cardiovascular disease, cancer, diabetes or chronic respiratory disease",Osh (city),Non-communicable disease: Diabetes,"Per 100,000 population",5.8
2010,Annual,National,"Mortality rate attributed to cardiovascular disease, cancer, diabetes or chronic respiratory disease",Osh (city),Non-communicable disease: Diabetes,"Per 100,000 population",6.2
2011,Annual,National,"Mortality rate attributed to cardiovascular disease, cancer, diabetes or chronic respiratory disease",Osh (city),Non-communicable disease: Diabetes,"Per 100,000 population",8.6
2012,Annual,National,"Mortality rate attributed to cardiovascular disease, cancer, diabetes or chronic respiratory disease",Osh (city),Non-communicable disease: Diabetes,"Per 100,000 population",5.4
2013,Annual,National,"Mortality rate attributed to cardiovascular disease, cancer, diabetes or chronic respiratory disease",Osh (city),Non-communicable disease: Diabetes,"Per 100,000 population",13.3
2014,Annual,National,"Mortality rate attributed to cardiovascular disease, cancer, diabetes or chronic respiratory disease",Osh (city),Non-communicable disease: Diabetes,"Per 100,000 population",7.8
2015,Annual,National,"Mortality rate attributed to cardiovascular disease, cancer, diabetes or chronic respiratory disease",Osh (city),Non-communicable disease: Diabetes,"Per 100,000 population",6.2
2016,Annual,National,"Mortality rate attributed to cardiovascular disease, cancer, diabetes or chronic respiratory disease",Osh (city),Non-communicable disease: Diabetes,"Per 100,000 population",9.0
2017,Annual,National,"Mortality rate attributed to cardiovascular disease, cancer, diabetes or chronic respiratory disease",Osh (city),Non-communicable disease: Diabetes,"Per 100,000 population",11.9
2018,Annual,National,"Mortality rate attributed to cardiovascular disease, cancer, diabetes or chronic respiratory disease",Osh (city),Non-communicable disease: Diabetes,"Per 100,000 population",9.5
2007,Annual,National,"Mortality rate attributed to cardiovascular disease, cancer, diabetes or chronic respiratory disease",Kyrgyzstan,Non-communicable disease: Chronic respiratory disease,"Per 100,000 population",39.7
2008,Annual,National,"Mortality rate attributed to cardiovascular disease, cancer, diabetes or chronic respiratory disease",Kyrgyzstan,Non-communicable disease: Chronic respiratory disease,"Per 100,000 population",38.5
2009,Annual,National,"Mortality rate attributed to cardiovascular disease, cancer, diabetes or chronic respiratory disease",Kyrgyzstan,Non-communicable disease: Chronic respiratory disease,"Per 100,000 population",32.7
2010,Annual,National,"Mortality rate attributed to cardiovascular disease, cancer, diabetes or chronic respiratory disease",Kyrgyzstan,Non-communicable disease: Chronic respiratory disease,"Per 100,000 population",30.4
2011,Annual,National,"Mortality rate attributed to cardiovascular disease, cancer, diabetes or chronic respiratory disease",Kyrgyzstan,Non-communicable disease: Chronic respiratory disease,"Per 100,000 population",27.1
2012,Annual,National,"Mortality rate attributed to cardiovascular disease, cancer, diabetes or chronic respiratory disease",Kyrgyzstan,Non-communicable disease: Chronic respiratory disease,"Per 100,000 population",26.1
2013,Annual,National,"Mortality rate attributed to cardiovascular disease, cancer, diabetes or chronic respiratory disease",Kyrgyzstan,Non-communicable disease: Chronic respiratory disease,"Per 100,000 population",21.2
2014,Annual,National,"Mortality rate attributed to cardiovascular disease, cancer, diabetes or chronic respiratory disease",Kyrgyzstan,Non-communicable disease: Chronic respiratory disease,"Per 100,000 population",21.6
2015,Annual,National,"Mortality rate attributed to cardiovascular disease, cancer, diabetes or chronic respiratory disease",Kyrgyzstan,Non-communicable disease: Chronic respiratory disease,"Per 100,000 population",18.9
2016,Annual,National,"Mortality rate attributed to cardiovascular disease, cancer, diabetes or chronic respiratory disease",Kyrgyzstan,Non-communicable disease: Chronic respiratory disease,"Per 100,000 population",19.0
2017,Annual,National,"Mortality rate attributed to cardiovascular disease, cancer, diabetes or chronic respiratory disease",Kyrgyzstan,Non-communicable disease: Chronic respiratory disease,"Per 100,000 population",17.6
2018,Annual,National,"Mortality rate attributed to cardiovascular disease, cancer, diabetes or chronic respiratory disease",Kyrgyzstan,Non-communicable disease: Chronic respiratory disease,"Per 100,000 population",16.3
2007,Annual,National,"Mortality rate attributed to cardiovascular disease, cancer, diabetes or chronic respiratory disease",Batken,Non-communicable disease: Chronic respiratory disease,"Per 100,000 population",43.2
2008,Annual,National,"Mortality rate attributed to cardiovascular disease, cancer, diabetes or chronic respiratory disease",Batken,Non-communicable disease: Chronic respiratory disease,"Per 100,000 population",45.0
2009,Annual,National,"Mortality rate attributed to cardiovascular disease, cancer, diabetes or chronic respiratory disease",Batken,Non-communicable disease: Chronic respiratory disease,"Per 100,000 population",36.7
2010,Annual,National,"Mortality rate attributed to cardiovascular disease, cancer, diabetes or chronic respiratory disease",Batken,Non-communicable disease: Chronic respiratory disease,"Per 100,000 population",31.1
2011,Annual,National,"Mortality rate attributed to cardiovascular disease, cancer, diabetes or chronic respiratory disease",Batken,Non-communicable disease: Chronic respiratory disease,"Per 100,000 population",28.3
2012,Annual,National,"Mortality rate attributed to cardiovascular disease, cancer, diabetes or chronic respiratory disease",Batken,Non-communicable disease: Chronic respiratory disease,"Per 100,000 population",15.0
2013,Annual,National,"Mortality rate attributed to cardiovascular disease, cancer, diabetes or chronic respiratory disease",Batken,Non-communicable disease: Chronic respiratory disease,"Per 100,000 population",16.2
2014,Annual,National,"Mortality rate attributed to cardiovascular disease, cancer, diabetes or chronic respiratory disease",Batken,Non-communicable disease: Chronic respiratory disease,"Per 100,000 population",15.6
2015,Annual,National,"Mortality rate attributed to cardiovascular disease, cancer, diabetes or chronic respiratory disease",Batken,Non-communicable disease: Chronic respiratory disease,"Per 100,000 population",17.3
2016,Annual,National,"Mortality rate attributed to cardiovascular disease, cancer, diabetes or chronic respiratory disease",Batken,Non-communicable disease: Chronic respiratory disease,"Per 100,000 population",16.5
2017,Annual,National,"Mortality rate attributed to cardiovascular disease, cancer, diabetes or chronic respiratory disease",Batken,Non-communicable disease: Chronic respiratory disease,"Per 100,000 population",16.9
2018,Annual,National,"Mortality rate attributed to cardiovascular disease, cancer, diabetes or chronic respiratory disease",Batken,Non-communicable disease: Chronic respiratory disease,"Per 100,000 population",14.2
2007,Annual,National,"Mortality rate attributed to cardiovascular disease, cancer, diabetes or chronic respiratory disease",Jalal-Abad,Non-communicable disease: Chronic respiratory disease,"Per 100,000 population",29.6
2008,Annual,National,"Mortality rate attributed to cardiovascular disease, cancer, diabetes or chronic respiratory disease",Jalal-Abad,Non-communicable disease: Chronic respiratory disease,"Per 100,000 population",31.4
2009,Annual,National,"Mortality rate attributed to cardiovascular disease, cancer, diabetes or chronic respiratory disease",Jalal-Abad,Non-communicable disease: Chronic respiratory disease,"Per 100,000 population",27.4
2010,Annual,National,"Mortality rate attributed to cardiovascular disease, cancer, diabetes or chronic respiratory disease",Jalal-Abad,Non-communicable disease: Chronic respiratory disease,"Per 100,000 population",27.0
2011,Annual,National,"Mortality rate attributed to cardiovascular disease, cancer, diabetes or chronic respiratory disease",Jalal-Abad,Non-communicable disease: Chronic respiratory disease,"Per 100,000 population",20.4
2012,Annual,National,"Mortality rate attributed to cardiovascular disease, cancer, diabetes or chronic respiratory disease",Jalal-Abad,Non-communicable disease: Chronic respiratory disease,"Per 100,000 population",21.0
2013,Annual,National,"Mortality rate attributed to cardiovascular disease, cancer, diabetes or chronic respiratory disease",Jalal-Abad,Non-communicable disease: Chronic respiratory disease,"Per 100,000 population",17.2
2014,Annual,National,"Mortality rate attributed to cardiovascular disease, cancer, diabetes or chronic respiratory disease",Jalal-Abad,Non-communicable disease: Chronic respiratory disease,"Per 100,000 population",22.9
2015,Annual,National,"Mortality rate attributed to cardiovascular disease, cancer, diabetes or chronic respiratory disease",Jalal-Abad,Non-communicable disease: Chronic respiratory disease,"Per 100,000 population",20.4
2016,Annual,National,"Mortality rate attributed to cardiovascular disease, cancer, diabetes or chronic respiratory disease",Jalal-Abad,Non-communicable disease: Chronic respiratory disease,"Per 100,000 population",15.9
2017,Annual,National,"Mortality rate attributed to cardiovascular disease, cancer, diabetes or chronic respiratory disease",Jalal-Abad,Non-communicable disease: Chronic respiratory disease,"Per 100,000 population",16.0
2018,Annual,National,"Mortality rate attributed to cardiovascular disease, cancer, diabetes or chronic respiratory disease",Jalal-Abad,Non-communicable disease: Chronic respiratory disease,"Per 100,000 population",16.2
2007,Annual,National,"Mortality rate attributed to cardiovascular disease, cancer, diabetes or chronic respiratory disease",Issyk-Kul,Non-communicable disease: Chronic respiratory disease,"Per 100,000 population",91.7
2008,Annual,National,"Mortality rate attributed to cardiovascular disease, cancer, diabetes or chronic respiratory disease",Issyk-Kul,Non-communicable disease: Chronic respiratory disease,"Per 100,000 population",91.4
2009,Annual,National,"Mortality rate attributed to cardiovascular disease, cancer, diabetes or chronic respiratory disease",Issyk-Kul,Non-communicable disease: Chronic respiratory disease,"Per 100,000 population",73.3
2010,Annual,National,"Mortality rate attributed to cardiovascular disease, cancer, diabetes or chronic respiratory disease",Issyk-Kul,Non-communicable disease: Chronic respiratory disease,"Per 100,000 population",70.2
2011,Annual,National,"Mortality rate attributed to cardiovascular disease, cancer, diabetes or chronic respiratory disease",Issyk-Kul,Non-communicable disease: Chronic respiratory disease,"Per 100,000 population",63.0
2012,Annual,National,"Mortality rate attributed to cardiovascular disease, cancer, diabetes or chronic respiratory disease",Issyk-Kul,Non-communicable disease: Chronic respiratory disease,"Per 100,000 population",67.7
2013,Annual,National,"Mortality rate attributed to cardiovascular disease, cancer, diabetes or chronic respiratory disease",Issyk-Kul,Non-communicable disease: Chronic respiratory disease,"Per 100,000 population",51.5
2014,Annual,National,"Mortality rate attributed to cardiovascular disease, cancer, diabetes or chronic respiratory disease",Issyk-Kul,Non-communicable disease: Chronic respiratory disease,"Per 100,000 population",46.2
2015,Annual,National,"Mortality rate attributed to cardiovascular disease, cancer, diabetes or chronic respiratory disease",Issyk-Kul,Non-communicable disease: Chronic respiratory disease,"Per 100,000 population",40.9
2016,Annual,National,"Mortality rate attributed to cardiovascular disease, cancer, diabetes or chronic respiratory disease",Issyk-Kul,Non-communicable disease: Chronic respiratory disease,"Per 100,000 population",45.8
2017,Annual,National,"Mortality rate attributed to cardiovascular disease, cancer, diabetes or chronic respiratory disease",Issyk-Kul,Non-communicable disease: Chronic respiratory disease,"Per 100,000 population",43.8
2018,Annual,National,"Mortality rate attributed to cardiovascular disease, cancer, diabetes or chronic respiratory disease",Issyk-Kul,Non-communicable disease: Chronic respiratory disease,"Per 100,000 population",34.5
2007,Annual,National,"Mortality rate attributed to cardiovascular disease, cancer, diabetes or chronic respiratory disease",Naryn,Non-communicable disease: Chronic respiratory disease,"Per 100,000 population",105.8
2008,Annual,National,"Mortality rate attributed to cardiovascular disease, cancer, diabetes or chronic respiratory disease",Naryn,Non-communicable disease: Chronic respiratory disease,"Per 100,000 population",101.9
2009,Annual,National,"Mortality rate attributed to cardiovascular disease, cancer, diabetes or chronic respiratory disease",Naryn,Non-communicable disease: Chronic respiratory disease,"Per 100,000 population",88.7
2010,Annual,National,"Mortality rate attributed to cardiovascular disease, cancer, diabetes or chronic respiratory disease",Naryn,Non-communicable disease: Chronic respiratory disease,"Per 100,000 population",83.6
2011,Annual,National,"Mortality rate attributed to cardiovascular disease, cancer, diabetes or chronic respiratory disease",Naryn,Non-communicable disease: Chronic respiratory disease,"Per 100,000 population",78.5
2012,Annual,National,"Mortality rate attributed to cardiovascular disease, cancer, diabetes or chronic respiratory disease",Naryn,Non-communicable disease: Chronic respiratory disease,"Per 100,000 population",88.9
2013,Annual,National,"Mortality rate attributed to cardiovascular disease, cancer, diabetes or chronic respiratory disease",Naryn,Non-communicable disease: Chronic respiratory disease,"Per 100,000 population",82.3
2014,Annual,National,"Mortality rate attributed to cardiovascular disease, cancer, diabetes or chronic respiratory disease",Naryn,Non-communicable disease: Chronic respiratory disease,"Per 100,000 population",75.5
2015,Annual,National,"Mortality rate attributed to cardiovascular disease, cancer, diabetes or chronic respiratory disease",Naryn,Non-communicable disease: Chronic respiratory disease,"Per 100,000 population",63.4
2016,Annual,National,"Mortality rate attributed to cardiovascular disease, cancer, diabetes or chronic respiratory disease",Naryn,Non-communicable disease: Chronic respiratory disease,"Per 100,000 population",61.9
2017,Annual,National,"Mortality rate attributed to cardiovascular disease, cancer, diabetes or chronic respiratory disease",Naryn,Non-communicable disease: Chronic respiratory disease,"Per 100,000 population",47.4
2018,Annual,National,"Mortality rate attributed to cardiovascular disease, cancer, diabetes or chronic respiratory disease",Naryn,Non-communicable disease: Chronic respiratory disease,"Per 100,000 population",40.3
2007,Annual,National,"Mortality rate attributed to cardiovascular disease, cancer, diabetes or chronic respiratory disease",Osh,Non-communicable disease: Chronic respiratory disease,"Per 100,000 population",39.5
2008,Annual,National,"Mortality rate attributed to cardiovascular disease, cancer, diabetes or chronic respiratory disease",Osh,Non-communicable disease: Chronic respiratory disease,"Per 100,000 population",40.1
2009,Annual,National,"Mortality rate attributed to cardiovascular disease, cancer, diabetes or chronic respiratory disease",Osh,Non-communicable disease: Chronic respiratory disease,"Per 100,000 population",36.4
2010,Annual,National,"Mortality rate attributed to cardiovascular disease, cancer, diabetes or chronic respiratory disease",Osh,Non-communicable disease: Chronic respiratory disease,"Per 100,000 population",35.1
2011,Annual,National,"Mortality rate attributed to cardiovascular disease, cancer, diabetes or chronic respiratory disease",Osh,Non-communicable disease: Chronic respiratory disease,"Per 100,000 population",29.3
2012,Annual,National,"Mortality rate attributed to cardiovascular disease, cancer, diabetes or chronic respiratory disease",Osh,Non-communicable disease: Chronic respiratory disease,"Per 100,000 population",25.7
2013,Annual,National,"Mortality rate attributed to cardiovascular disease, cancer, diabetes or chronic respiratory disease",Osh,Non-communicable disease: Chronic respiratory disease,"Per 100,000 population",20.8
2014,Annual,National,"Mortality rate attributed to cardiovascular disease, cancer, diabetes or chronic respiratory disease",Osh,Non-communicable disease: Chronic respiratory disease,"Per 100,000 population",22.2
2015,Annual,National,"Mortality rate attributed to cardiovascular disease, cancer, diabetes or chronic respiratory disease",Osh,Non-communicable disease: Chronic respiratory disease,"Per 100,000 population",17.9
2016,Annual,National,"Mortality rate attributed to cardiovascular disease, cancer, diabetes or chronic respiratory disease",Osh,Non-communicable disease: Chronic respiratory disease,"Per 100,000 population",20.3
2017,Annual,National,"Mortality rate attributed to cardiovascular disease, cancer, diabetes or chronic respiratory disease",Osh,Non-communicable disease: Chronic respiratory disease,"Per 100,000 population",17.2
2018,Annual,National,"Mortality rate attributed to cardiovascular disease, cancer, diabetes or chronic respiratory disease",Osh,Non-communicable disease: Chronic respiratory disease,"Per 100,000 population",18.6
2007,Annual,National,"Mortality rate attributed to cardiovascular disease, cancer, diabetes or chronic respiratory disease",Talas,Non-communicable disease: Chronic respiratory disease,"Per 100,000 population",26.0
2008,Annual,National,"Mortality rate attributed to cardiovascular disease, cancer, diabetes or chronic respiratory disease",Talas,Non-communicable disease: Chronic respiratory disease,"Per 100,000 population",20.4
2009,Annual,National,"Mortality rate attributed to cardiovascular disease, cancer, diabetes or chronic respiratory disease",Talas,Non-communicable disease: Chronic respiratory disease,"Per 100,000 population",17.1
2010,Annual,National,"Mortality rate attributed to cardiovascular disease, cancer, diabetes or chronic respiratory disease",Talas,Non-communicable disease: Chronic respiratory disease,"Per 100,000 population",15.2
2011,Annual,National,"Mortality rate attributed to cardiovascular disease, cancer, diabetes or chronic respiratory disease",Talas,Non-communicable disease: Chronic respiratory disease,"Per 100,000 population",17.6
2012,Annual,National,"Mortality rate attributed to cardiovascular disease, cancer, diabetes or chronic respiratory disease",Talas,Non-communicable disease: Chronic respiratory disease,"Per 100,000 population",29.1
2013,Annual,National,"Mortality rate attributed to cardiovascular disease, cancer, diabetes or chronic respiratory disease",Talas,Non-communicable disease: Chronic respiratory disease,"Per 100,000 population",14.5
2014,Annual,National,"Mortality rate attributed to cardiovascular disease, cancer, diabetes or chronic respiratory disease",Talas,Non-communicable disease: Chronic respiratory disease,"Per 100,000 population",17.5
2015,Annual,National,"Mortality rate attributed to cardiovascular disease, cancer, diabetes or chronic respiratory disease",Talas,Non-communicable disease: Chronic respiratory disease,"Per 100,000 population",14.4
2016,Annual,National,"Mortality rate attributed to cardiovascular disease, cancer, diabetes or chronic respiratory disease",Talas,Non-communicable disease: Chronic respiratory disease,"Per 100,000 population",13.8
2017,Annual,National,"Mortality rate attributed to cardiovascular disease, cancer, diabetes or chronic respiratory disease",Talas,Non-communicable disease: Chronic respiratory disease,"Per 100,000 population",12.1
2018,Annual,National,"Mortality rate attributed to cardiovascular disease, cancer, diabetes or chronic respiratory disease",Talas,Non-communicable disease: Chronic respiratory disease,"Per 100,000 population",13.0
2007,Annual,National,"Mortality rate attributed to cardiovascular disease, cancer, diabetes or chronic respiratory disease",Chui,Non-communicable disease: Chronic respiratory disease,"Per 100,000 population",38.0
2008,Annual,National,"Mortality rate attributed to cardiovascular disease, cancer, diabetes or chronic respiratory disease",Chui,Non-communicable disease: Chronic respiratory disease,"Per 100,000 population",32.8
2009,Annual,National,"Mortality rate attributed to cardiovascular disease, cancer, diabetes or chronic respiratory disease",Chui,Non-communicable disease: Chronic respiratory disease,"Per 100,000 population",24.7
2010,Annual,National,"Mortality rate attributed to cardiovascular disease, cancer, diabetes or chronic respiratory disease",Chui,Non-communicable disease: Chronic respiratory disease,"Per 100,000 population",21.7
2011,Annual,National,"Mortality rate attributed to cardiovascular disease, cancer, diabetes or chronic respiratory disease",Chui,Non-communicable disease: Chronic respiratory disease,"Per 100,000 population",24.3
2012,Annual,National,"Mortality rate attributed to cardiovascular disease, cancer, diabetes or chronic respiratory disease",Chui,Non-communicable disease: Chronic respiratory disease,"Per 100,000 population",19.1
2013,Annual,National,"Mortality rate attributed to cardiovascular disease, cancer, diabetes or chronic respiratory disease",Chui,Non-communicable disease: Chronic respiratory disease,"Per 100,000 population",16.9
2014,Annual,National,"Mortality rate attributed to cardiovascular disease, cancer, diabetes or chronic respiratory disease",Chui,Non-communicable disease: Chronic respiratory disease,"Per 100,000 population",13.5
2015,Annual,National,"Mortality rate attributed to cardiovascular disease, cancer, diabetes or chronic respiratory disease",Chui,Non-communicable disease: Chronic respiratory disease,"Per 100,000 population",12.7
2016,Annual,National,"Mortality rate attributed to cardiovascular disease, cancer, diabetes or chronic respiratory disease",Chui,Non-communicable disease: Chronic respiratory disease,"Per 100,000 population",14.2
2017,Annual,National,"Mortality rate attributed to cardiovascular disease, cancer, diabetes or chronic respiratory disease",Chui,Non-communicable disease: Chronic respiratory disease,"Per 100,000 population",14.7
2018,Annual,National,"Mortality rate attributed to cardiovascular disease, cancer, diabetes or chronic respiratory disease",Chui,Non-communicable disease: Chronic respiratory disease,"Per 100,000 population",13.6
2007,Annual,National,"Mortality rate attributed to cardiovascular disease, cancer, diabetes or chronic respiratory disease",Bishkek (city),Non-communicable disease: Chronic respiratory disease,"Per 100,000 population",12.0
2008,Annual,National,"Mortality rate attributed to cardiovascular disease, cancer, diabetes or chronic respiratory disease",Bishkek (city),Non-communicable disease: Chronic respiratory disease,"Per 100,000 population",9.2
2009,Annual,National,"Mortality rate attributed to cardiovascular disease, cancer, diabetes or chronic respiratory disease",Bishkek (city),Non-communicable disease: Chronic respiratory disease,"Per 100,000 population",8.7
2010,Annual,National,"Mortality rate attributed to cardiovascular disease, cancer, diabetes or chronic respiratory disease",Bishkek (city),Non-communicable disease: Chronic respiratory disease,"Per 100,000 population",7.6
2011,Annual,National,"Mortality rate attributed to cardiovascular disease, cancer, diabetes or chronic respiratory disease",Bishkek (city),Non-communicable disease: Chronic respiratory disease,"Per 100,000 population",6.8
2012,Annual,National,"Mortality rate attributed to cardiovascular disease, cancer, diabetes or chronic respiratory disease",Bishkek (city),Non-communicable disease: Chronic respiratory disease,"Per 100,000 population",7.0
2013,Annual,National,"Mortality rate attributed to cardiovascular disease, cancer, diabetes or chronic respiratory disease",Bishkek (city),Non-communicable disease: Chronic respiratory disease,"Per 100,000 population",4.9
2014,Annual,National,"Mortality rate attributed to cardiovascular disease, cancer, diabetes or chronic respiratory disease",Bishkek (city),Non-communicable disease: Chronic respiratory disease,"Per 100,000 population",6.5
2015,Annual,National,"Mortality rate attributed to cardiovascular disease, cancer, diabetes or chronic respiratory disease",Bishkek (city),Non-communicable disease: Chronic respiratory disease,"Per 100,000 population",5.2
2016,Annual,National,"Mortality rate attributed to cardiovascular disease, cancer, diabetes or chronic respiratory disease",Bishkek (city),Non-communicable disease: Chronic respiratory disease,"Per 100,000 population",4.8
2017,Annual,National,"Mortality rate attributed to cardiovascular disease, cancer, diabetes or chronic respiratory disease",Bishkek (city),Non-communicable disease: Chronic respiratory disease,"Per 100,000 population",4.3
2018,Annual,National,"Mortality rate attributed to cardiovascular disease, cancer, diabetes or chronic respiratory disease",Bishkek (city),Non-communicable disease: Chronic respiratory disease,"Per 100,000 population",5.0
2007,Annual,National,"Mortality rate attributed to cardiovascular disease, cancer, diabetes or chronic respiratory disease",Osh (city),Non-communicable disease: Chronic respiratory disease,"Per 100,000 population",23.8
2008,Annual,National,"Mortality rate attributed to cardiovascular disease, cancer, diabetes or chronic respiratory disease",Osh (city),Non-communicable disease: Chronic respiratory disease,"Per 100,000 population",23.3
2009,Annual,National,"Mortality rate attributed to cardiovascular disease, cancer, diabetes or chronic respiratory disease",Osh (city),Non-communicable disease: Chronic respiratory disease,"Per 100,000 population",22.0
2010,Annual,National,"Mortality rate attributed to cardiovascular disease, cancer, diabetes or chronic respiratory disease",Osh (city),Non-communicable disease: Chronic respiratory disease,"Per 100,000 population",17.1
2011,Annual,National,"Mortality rate attributed to cardiovascular disease, cancer, diabetes or chronic respiratory disease",Osh (city),Non-communicable disease: Chronic respiratory disease,"Per 100,000 population",12.9
2012,Annual,National,"Mortality rate attributed to cardiovascular disease, cancer, diabetes or chronic respiratory disease",Osh (city),Non-communicable disease: Chronic respiratory disease,"Per 100,000 population",15.1
2013,Annual,National,"Mortality rate attributed to cardiovascular disease, cancer, diabetes or chronic respiratory disease",Osh (city),Non-communicable disease: Chronic respiratory disease,"Per 100,000 population",8.4
2014,Annual,National,"Mortality rate attributed to cardiovascular disease, cancer, diabetes or chronic respiratory disease",Osh (city),Non-communicable disease: Chronic respiratory disease,"Per 100,000 population",10.1
2015,Annual,National,"Mortality rate attributed to cardiovascular disease, cancer, diabetes or chronic respiratory disease",Osh (city),Non-communicable disease: Chronic respiratory disease,"Per 100,000 population",9.9
2016,Annual,National,"Mortality rate attributed to cardiovascular disease, cancer, diabetes or chronic respiratory disease",Osh (city),Non-communicable disease: Chronic respiratory disease,"Per 100,000 population",11.1
2017,Annual,National,"Mortality rate attributed to cardiovascular disease, cancer, diabetes or chronic respiratory disease",Osh (city),Non-communicable disease: Chronic respiratory disease,"Per 100,000 population",13.0
2018,Annual,National,"Mortality rate attributed to cardiovascular disease, cancer, diabetes or chronic respiratory disease",Osh (city),Non-communicable disease: Chronic respiratory disease,"Per 100,000 population",7.1
