Year,concept.FREQ,concept.REPORTING_TYPE,Series,concept.REF_AREA,concept.SEX,concept.AGE,Units,Value
2007,CL_FREQ.A,CL_REPORTING_TYPE.N,CL_SERIES.SP_DYN_ADKL,CL_AREA.KG,CL_SEX.F,CL_AGE.Y15T19,CL_UNIT_MEASURE.PER_1000_POP,29.5
2008,CL_FREQ.A,CL_REPORTING_TYPE.N,CL_SERIES.SP_DYN_ADKL,CL_AREA.KG,CL_SEX.F,CL_AGE.Y15T19,CL_UNIT_MEASURE.PER_1000_POP,30.1
2009,CL_FREQ.A,CL_REPORTING_TYPE.N,CL_SERIES.SP_DYN_ADKL,CL_AREA.KG,CL_SEX.F,CL_AGE.Y15T19,CL_UNIT_MEASURE.PER_1000_POP,31.2
2010,CL_FREQ.A,CL_REPORTING_TYPE.N,CL_SERIES.SP_DYN_ADKL,CL_AREA.KG,CL_SEX.F,CL_AGE.Y15T19,CL_UNIT_MEASURE.PER_1000_POP,34.1
2011,CL_FREQ.A,CL_REPORTING_TYPE.N,CL_SERIES.SP_DYN_ADKL,CL_AREA.KG,CL_SEX.F,CL_AGE.Y15T19,CL_UNIT_MEASURE.PER_1000_POP,41.4
2012,CL_FREQ.A,CL_REPORTING_TYPE.N,CL_SERIES.SP_DYN_ADKL,CL_AREA.KG,CL_SEX.F,CL_AGE.Y15T19,CL_UNIT_MEASURE.PER_1000_POP,42.1
2013,CL_FREQ.A,CL_REPORTING_TYPE.N,CL_SERIES.SP_DYN_ADKL,CL_AREA.KG,CL_SEX.F,CL_AGE.Y15T19,CL_UNIT_MEASURE.PER_1000_POP,41.9
2014,CL_FREQ.A,CL_REPORTING_TYPE.N,CL_SERIES.SP_DYN_ADKL,CL_AREA.KG,CL_SEX.F,CL_AGE.Y15T19,CL_UNIT_MEASURE.PER_1000_POP,43.3
2015,CL_FREQ.A,CL_REPORTING_TYPE.N,CL_SERIES.SP_DYN_ADKL,CL_AREA.KG,CL_SEX.F,CL_AGE.Y15T19,CL_UNIT_MEASURE.PER_1000_POP,39.7
2016,CL_FREQ.A,CL_REPORTING_TYPE.N,CL_SERIES.SP_DYN_ADKL,CL_AREA.KG,CL_SEX.F,CL_AGE.Y15T19,CL_UNIT_MEASURE.PER_1000_POP,38.6
2017,CL_FREQ.A,CL_REPORTING_TYPE.N,CL_SERIES.SP_DYN_ADKL,CL_AREA.KG,CL_SEX.F,CL_AGE.Y15T19,CL_UNIT_MEASURE.PER_1000_POP,33.9
2018,CL_FREQ.A,CL_REPORTING_TYPE.N,CL_SERIES.SP_DYN_ADKL,CL_AREA.KG,CL_SEX.F,CL_AGE.Y15T19,CL_UNIT_MEASURE.PER_1000_POP,35.9
2007,CL_FREQ.A,CL_REPORTING_TYPE.N,CL_SERIES.SP_DYN_ADKL,CL_AREA.KG05,CL_SEX.F,CL_AGE.Y15T19,CL_UNIT_MEASURE.PER_1000_POP,25.4
2008,CL_FREQ.A,CL_REPORTING_TYPE.N,CL_SERIES.SP_DYN_ADKL,CL_AREA.KG05,CL_SEX.F,CL_AGE.Y15T19,CL_UNIT_MEASURE.PER_1000_POP,27.2
2009,CL_FREQ.A,CL_REPORTING_TYPE.N,CL_SERIES.SP_DYN_ADKL,CL_AREA.KG05,CL_SEX.F,CL_AGE.Y15T19,CL_UNIT_MEASURE.PER_1000_POP,30.6
2010,CL_FREQ.A,CL_REPORTING_TYPE.N,CL_SERIES.SP_DYN_ADKL,CL_AREA.KG05,CL_SEX.F,CL_AGE.Y15T19,CL_UNIT_MEASURE.PER_1000_POP,36.1
2011,CL_FREQ.A,CL_REPORTING_TYPE.N,CL_SERIES.SP_DYN_ADKL,CL_AREA.KG05,CL_SEX.F,CL_AGE.Y15T19,CL_UNIT_MEASURE.PER_1000_POP,40.2
2012,CL_FREQ.A,CL_REPORTING_TYPE.N,CL_SERIES.SP_DYN_ADKL,CL_AREA.KG05,CL_SEX.F,CL_AGE.Y15T19,CL_UNIT_MEASURE.PER_1000_POP,44.6
2013,CL_FREQ.A,CL_REPORTING_TYPE.N,CL_SERIES.SP_DYN_ADKL,CL_AREA.KG05,CL_SEX.F,CL_AGE.Y15T19,CL_UNIT_MEASURE.PER_1000_POP,43.2
2014,CL_FREQ.A,CL_REPORTING_TYPE.N,CL_SERIES.SP_DYN_ADKL,CL_AREA.KG05,CL_SEX.F,CL_AGE.Y15T19,CL_UNIT_MEASURE.PER_1000_POP,43.3
2015,CL_FREQ.A,CL_REPORTING_TYPE.N,CL_SERIES.SP_DYN_ADKL,CL_AREA.KG05,CL_SEX.F,CL_AGE.Y15T19,CL_UNIT_MEASURE.PER_1000_POP,38.4
2016,CL_FREQ.A,CL_REPORTING_TYPE.N,CL_SERIES.SP_DYN_ADKL,CL_AREA.KG05,CL_SEX.F,CL_AGE.Y15T19,CL_UNIT_MEASURE.PER_1000_POP,36.5
2017,CL_FREQ.A,CL_REPORTING_TYPE.N,CL_SERIES.SP_DYN_ADKL,CL_AREA.KG05,CL_SEX.F,CL_AGE.Y15T19,CL_UNIT_MEASURE.PER_1000_POP,31.2
2018,CL_FREQ.A,CL_REPORTING_TYPE.N,CL_SERIES.SP_DYN_ADKL,CL_AREA.KG05,CL_SEX.F,CL_AGE.Y15T19,CL_UNIT_MEASURE.PER_1000_POP,30.2
2007,CL_FREQ.A,CL_REPORTING_TYPE.N,CL_SERIES.SP_DYN_ADKL,CL_AREA.KG03,CL_SEX.F,CL_AGE.Y15T19,CL_UNIT_MEASURE.PER_1000_POP,30.1
2008,CL_FREQ.A,CL_REPORTING_TYPE.N,CL_SERIES.SP_DYN_ADKL,CL_AREA.KG03,CL_SEX.F,CL_AGE.Y15T19,CL_UNIT_MEASURE.PER_1000_POP,33.0
2009,CL_FREQ.A,CL_REPORTING_TYPE.N,CL_SERIES.SP_DYN_ADKL,CL_AREA.KG03,CL_SEX.F,CL_AGE.Y15T19,CL_UNIT_MEASURE.PER_1000_POP,36.8
2010,CL_FREQ.A,CL_REPORTING_TYPE.N,CL_SERIES.SP_DYN_ADKL,CL_AREA.KG03,CL_SEX.F,CL_AGE.Y15T19,CL_UNIT_MEASURE.PER_1000_POP,38.8
2011,CL_FREQ.A,CL_REPORTING_TYPE.N,CL_SERIES.SP_DYN_ADKL,CL_AREA.KG03,CL_SEX.F,CL_AGE.Y15T19,CL_UNIT_MEASURE.PER_1000_POP,47.6
2012,CL_FREQ.A,CL_REPORTING_TYPE.N,CL_SERIES.SP_DYN_ADKL,CL_AREA.KG03,CL_SEX.F,CL_AGE.Y15T19,CL_UNIT_MEASURE.PER_1000_POP,45.3
2013,CL_FREQ.A,CL_REPORTING_TYPE.N,CL_SERIES.SP_DYN_ADKL,CL_AREA.KG03,CL_SEX.F,CL_AGE.Y15T19,CL_UNIT_MEASURE.PER_1000_POP,44.8
2014,CL_FREQ.A,CL_REPORTING_TYPE.N,CL_SERIES.SP_DYN_ADKL,CL_AREA.KG03,CL_SEX.F,CL_AGE.Y15T19,CL_UNIT_MEASURE.PER_1000_POP,47.7
2015,CL_FREQ.A,CL_REPORTING_TYPE.N,CL_SERIES.SP_DYN_ADKL,CL_AREA.KG03,CL_SEX.F,CL_AGE.Y15T19,CL_UNIT_MEASURE.PER_1000_POP,53.5
2016,CL_FREQ.A,CL_REPORTING_TYPE.N,CL_SERIES.SP_DYN_ADKL,CL_AREA.KG03,CL_SEX.F,CL_AGE.Y15T19,CL_UNIT_MEASURE.PER_1000_POP,39.3
2017,CL_FREQ.A,CL_REPORTING_TYPE.N,CL_SERIES.SP_DYN_ADKL,CL_AREA.KG03,CL_SEX.F,CL_AGE.Y15T19,CL_UNIT_MEASURE.PER_1000_POP,34.7
2018,CL_FREQ.A,CL_REPORTING_TYPE.N,CL_SERIES.SP_DYN_ADKL,CL_AREA.KG03,CL_SEX.F,CL_AGE.Y15T19,CL_UNIT_MEASURE.PER_1000_POP,36.2
2007,CL_FREQ.A,CL_REPORTING_TYPE.N,CL_SERIES.SP_DYN_ADKL,CL_AREA.KG02,CL_SEX.F,CL_AGE.Y15T19,CL_UNIT_MEASURE.PER_1000_POP,27.5
2008,CL_FREQ.A,CL_REPORTING_TYPE.N,CL_SERIES.SP_DYN_ADKL,CL_AREA.KG02,CL_SEX.F,CL_AGE.Y15T19,CL_UNIT_MEASURE.PER_1000_POP,27.7
2009,CL_FREQ.A,CL_REPORTING_TYPE.N,CL_SERIES.SP_DYN_ADKL,CL_AREA.KG02,CL_SEX.F,CL_AGE.Y15T19,CL_UNIT_MEASURE.PER_1000_POP,30.0
2010,CL_FREQ.A,CL_REPORTING_TYPE.N,CL_SERIES.SP_DYN_ADKL,CL_AREA.KG02,CL_SEX.F,CL_AGE.Y15T19,CL_UNIT_MEASURE.PER_1000_POP,30.2
2011,CL_FREQ.A,CL_REPORTING_TYPE.N,CL_SERIES.SP_DYN_ADKL,CL_AREA.KG02,CL_SEX.F,CL_AGE.Y15T19,CL_UNIT_MEASURE.PER_1000_POP,31.8
2012,CL_FREQ.A,CL_REPORTING_TYPE.N,CL_SERIES.SP_DYN_ADKL,CL_AREA.KG02,CL_SEX.F,CL_AGE.Y15T19,CL_UNIT_MEASURE.PER_1000_POP,31.8
2013,CL_FREQ.A,CL_REPORTING_TYPE.N,CL_SERIES.SP_DYN_ADKL,CL_AREA.KG02,CL_SEX.F,CL_AGE.Y15T19,CL_UNIT_MEASURE.PER_1000_POP,31.0
2014,CL_FREQ.A,CL_REPORTING_TYPE.N,CL_SERIES.SP_DYN_ADKL,CL_AREA.KG02,CL_SEX.F,CL_AGE.Y15T19,CL_UNIT_MEASURE.PER_1000_POP,31.8
2015,CL_FREQ.A,CL_REPORTING_TYPE.N,CL_SERIES.SP_DYN_ADKL,CL_AREA.KG02,CL_SEX.F,CL_AGE.Y15T19,CL_UNIT_MEASURE.PER_1000_POP,45.4
2016,CL_FREQ.A,CL_REPORTING_TYPE.N,CL_SERIES.SP_DYN_ADKL,CL_AREA.KG02,CL_SEX.F,CL_AGE.Y15T19,CL_UNIT_MEASURE.PER_1000_POP,32.8
2017,CL_FREQ.A,CL_REPORTING_TYPE.N,CL_SERIES.SP_DYN_ADKL,CL_AREA.KG02,CL_SEX.F,CL_AGE.Y15T19,CL_UNIT_MEASURE.PER_1000_POP,25.5
2018,CL_FREQ.A,CL_REPORTING_TYPE.N,CL_SERIES.SP_DYN_ADKL,CL_AREA.KG02,CL_SEX.F,CL_AGE.Y15T19,CL_UNIT_MEASURE.PER_1000_POP,28.8
2007,CL_FREQ.A,CL_REPORTING_TYPE.N,CL_SERIES.SP_DYN_ADKL,CL_AREA.KG04,CL_SEX.F,CL_AGE.Y15T19,CL_UNIT_MEASURE.PER_1000_POP,27.1
2008,CL_FREQ.A,CL_REPORTING_TYPE.N,CL_SERIES.SP_DYN_ADKL,CL_AREA.KG04,CL_SEX.F,CL_AGE.Y15T19,CL_UNIT_MEASURE.PER_1000_POP,23.1
2009,CL_FREQ.A,CL_REPORTING_TYPE.N,CL_SERIES.SP_DYN_ADKL,CL_AREA.KG04,CL_SEX.F,CL_AGE.Y15T19,CL_UNIT_MEASURE.PER_1000_POP,30.4
2010,CL_FREQ.A,CL_REPORTING_TYPE.N,CL_SERIES.SP_DYN_ADKL,CL_AREA.KG04,CL_SEX.F,CL_AGE.Y15T19,CL_UNIT_MEASURE.PER_1000_POP,29.7
2011,CL_FREQ.A,CL_REPORTING_TYPE.N,CL_SERIES.SP_DYN_ADKL,CL_AREA.KG04,CL_SEX.F,CL_AGE.Y15T19,CL_UNIT_MEASURE.PER_1000_POP,34.3
2012,CL_FREQ.A,CL_REPORTING_TYPE.N,CL_SERIES.SP_DYN_ADKL,CL_AREA.KG04,CL_SEX.F,CL_AGE.Y15T19,CL_UNIT_MEASURE.PER_1000_POP,33.0
2013,CL_FREQ.A,CL_REPORTING_TYPE.N,CL_SERIES.SP_DYN_ADKL,CL_AREA.KG04,CL_SEX.F,CL_AGE.Y15T19,CL_UNIT_MEASURE.PER_1000_POP,27.7
2014,CL_FREQ.A,CL_REPORTING_TYPE.N,CL_SERIES.SP_DYN_ADKL,CL_AREA.KG04,CL_SEX.F,CL_AGE.Y15T19,CL_UNIT_MEASURE.PER_1000_POP,29.2
2015,CL_FREQ.A,CL_REPORTING_TYPE.N,CL_SERIES.SP_DYN_ADKL,CL_AREA.KG04,CL_SEX.F,CL_AGE.Y15T19,CL_UNIT_MEASURE.PER_1000_POP,30.3
2016,CL_FREQ.A,CL_REPORTING_TYPE.N,CL_SERIES.SP_DYN_ADKL,CL_AREA.KG04,CL_SEX.F,CL_AGE.Y15T19,CL_UNIT_MEASURE.PER_1000_POP,29.1
2017,CL_FREQ.A,CL_REPORTING_TYPE.N,CL_SERIES.SP_DYN_ADKL,CL_AREA.KG04,CL_SEX.F,CL_AGE.Y15T19,CL_UNIT_MEASURE.PER_1000_POP,20.2
2018,CL_FREQ.A,CL_REPORTING_TYPE.N,CL_SERIES.SP_DYN_ADKL,CL_AREA.KG04,CL_SEX.F,CL_AGE.Y15T19,CL_UNIT_MEASURE.PER_1000_POP,22.7
2007,CL_FREQ.A,CL_REPORTING_TYPE.N,CL_SERIES.SP_DYN_ADKL,CL_AREA.KG06,CL_SEX.F,CL_AGE.Y15T19,CL_UNIT_MEASURE.PER_1000_POP,27.1
2008,CL_FREQ.A,CL_REPORTING_TYPE.N,CL_SERIES.SP_DYN_ADKL,CL_AREA.KG06,CL_SEX.F,CL_AGE.Y15T19,CL_UNIT_MEASURE.PER_1000_POP,27.1
2009,CL_FREQ.A,CL_REPORTING_TYPE.N,CL_SERIES.SP_DYN_ADKL,CL_AREA.KG06,CL_SEX.F,CL_AGE.Y15T19,CL_UNIT_MEASURE.PER_1000_POP,30.4
2010,CL_FREQ.A,CL_REPORTING_TYPE.N,CL_SERIES.SP_DYN_ADKL,CL_AREA.KG06,CL_SEX.F,CL_AGE.Y15T19,CL_UNIT_MEASURE.PER_1000_POP,33.0
2011,CL_FREQ.A,CL_REPORTING_TYPE.N,CL_SERIES.SP_DYN_ADKL,CL_AREA.KG06,CL_SEX.F,CL_AGE.Y15T19,CL_UNIT_MEASURE.PER_1000_POP,43.2
2012,CL_FREQ.A,CL_REPORTING_TYPE.N,CL_SERIES.SP_DYN_ADKL,CL_AREA.KG06,CL_SEX.F,CL_AGE.Y15T19,CL_UNIT_MEASURE.PER_1000_POP,44.0
2013,CL_FREQ.A,CL_REPORTING_TYPE.N,CL_SERIES.SP_DYN_ADKL,CL_AREA.KG06,CL_SEX.F,CL_AGE.Y15T19,CL_UNIT_MEASURE.PER_1000_POP,43.4
2014,CL_FREQ.A,CL_REPORTING_TYPE.N,CL_SERIES.SP_DYN_ADKL,CL_AREA.KG06,CL_SEX.F,CL_AGE.Y15T19,CL_UNIT_MEASURE.PER_1000_POP,45.8
2015,CL_FREQ.A,CL_REPORTING_TYPE.N,CL_SERIES.SP_DYN_ADKL,CL_AREA.KG06,CL_SEX.F,CL_AGE.Y15T19,CL_UNIT_MEASURE.PER_1000_POP,72.3
2016,CL_FREQ.A,CL_REPORTING_TYPE.N,CL_SERIES.SP_DYN_ADKL,CL_AREA.KG06,CL_SEX.F,CL_AGE.Y15T19,CL_UNIT_MEASURE.PER_1000_POP,41.6
2017,CL_FREQ.A,CL_REPORTING_TYPE.N,CL_SERIES.SP_DYN_ADKL,CL_AREA.KG06,CL_SEX.F,CL_AGE.Y15T19,CL_UNIT_MEASURE.PER_1000_POP,38.5
2018,CL_FREQ.A,CL_REPORTING_TYPE.N,CL_SERIES.SP_DYN_ADKL,CL_AREA.KG06,CL_SEX.F,CL_AGE.Y15T19,CL_UNIT_MEASURE.PER_1000_POP,35.2
2007,CL_FREQ.A,CL_REPORTING_TYPE.N,CL_SERIES.SP_DYN_ADKL,CL_AREA.KG07,CL_SEX.F,CL_AGE.Y15T19,CL_UNIT_MEASURE.PER_1000_POP,39.9
2008,CL_FREQ.A,CL_REPORTING_TYPE.N,CL_SERIES.SP_DYN_ADKL,CL_AREA.KG07,CL_SEX.F,CL_AGE.Y15T19,CL_UNIT_MEASURE.PER_1000_POP,38.9
2009,CL_FREQ.A,CL_REPORTING_TYPE.N,CL_SERIES.SP_DYN_ADKL,CL_AREA.KG07,CL_SEX.F,CL_AGE.Y15T19,CL_UNIT_MEASURE.PER_1000_POP,46.4
2010,CL_FREQ.A,CL_REPORTING_TYPE.N,CL_SERIES.SP_DYN_ADKL,CL_AREA.KG07,CL_SEX.F,CL_AGE.Y15T19,CL_UNIT_MEASURE.PER_1000_POP,48.5
2011,CL_FREQ.A,CL_REPORTING_TYPE.N,CL_SERIES.SP_DYN_ADKL,CL_AREA.KG07,CL_SEX.F,CL_AGE.Y15T19,CL_UNIT_MEASURE.PER_1000_POP,59.3
2012,CL_FREQ.A,CL_REPORTING_TYPE.N,CL_SERIES.SP_DYN_ADKL,CL_AREA.KG07,CL_SEX.F,CL_AGE.Y15T19,CL_UNIT_MEASURE.PER_1000_POP,58.8
2013,CL_FREQ.A,CL_REPORTING_TYPE.N,CL_SERIES.SP_DYN_ADKL,CL_AREA.KG07,CL_SEX.F,CL_AGE.Y15T19,CL_UNIT_MEASURE.PER_1000_POP,61.0
2014,CL_FREQ.A,CL_REPORTING_TYPE.N,CL_SERIES.SP_DYN_ADKL,CL_AREA.KG07,CL_SEX.F,CL_AGE.Y15T19,CL_UNIT_MEASURE.PER_1000_POP,58.2
2015,CL_FREQ.A,CL_REPORTING_TYPE.N,CL_SERIES.SP_DYN_ADKL,CL_AREA.KG07,CL_SEX.F,CL_AGE.Y15T19,CL_UNIT_MEASURE.PER_1000_POP,36.4
2016,CL_FREQ.A,CL_REPORTING_TYPE.N,CL_SERIES.SP_DYN_ADKL,CL_AREA.KG07,CL_SEX.F,CL_AGE.Y15T19,CL_UNIT_MEASURE.PER_1000_POP,41.9
2017,CL_FREQ.A,CL_REPORTING_TYPE.N,CL_SERIES.SP_DYN_ADKL,CL_AREA.KG07,CL_SEX.F,CL_AGE.Y15T19,CL_UNIT_MEASURE.PER_1000_POP,34.9
2018,CL_FREQ.A,CL_REPORTING_TYPE.N,CL_SERIES.SP_DYN_ADKL,CL_AREA.KG07,CL_SEX.F,CL_AGE.Y15T19,CL_UNIT_MEASURE.PER_1000_POP,37.1
2007,CL_FREQ.A,CL_REPORTING_TYPE.N,CL_SERIES.SP_DYN_ADKL,CL_AREA.KG08,CL_SEX.F,CL_AGE.Y15T19,CL_UNIT_MEASURE.PER_1000_POP,38.4
2008,CL_FREQ.A,CL_REPORTING_TYPE.N,CL_SERIES.SP_DYN_ADKL,CL_AREA.KG08,CL_SEX.F,CL_AGE.Y15T19,CL_UNIT_MEASURE.PER_1000_POP,40.1
2009,CL_FREQ.A,CL_REPORTING_TYPE.N,CL_SERIES.SP_DYN_ADKL,CL_AREA.KG08,CL_SEX.F,CL_AGE.Y15T19,CL_UNIT_MEASURE.PER_1000_POP,39.3
2010,CL_FREQ.A,CL_REPORTING_TYPE.N,CL_SERIES.SP_DYN_ADKL,CL_AREA.KG08,CL_SEX.F,CL_AGE.Y15T19,CL_UNIT_MEASURE.PER_1000_POP,44.0
2011,CL_FREQ.A,CL_REPORTING_TYPE.N,CL_SERIES.SP_DYN_ADKL,CL_AREA.KG08,CL_SEX.F,CL_AGE.Y15T19,CL_UNIT_MEASURE.PER_1000_POP,49.1
2012,CL_FREQ.A,CL_REPORTING_TYPE.N,CL_SERIES.SP_DYN_ADKL,CL_AREA.KG08,CL_SEX.F,CL_AGE.Y15T19,CL_UNIT_MEASURE.PER_1000_POP,50.3
2013,CL_FREQ.A,CL_REPORTING_TYPE.N,CL_SERIES.SP_DYN_ADKL,CL_AREA.KG08,CL_SEX.F,CL_AGE.Y15T19,CL_UNIT_MEASURE.PER_1000_POP,52.0
2014,CL_FREQ.A,CL_REPORTING_TYPE.N,CL_SERIES.SP_DYN_ADKL,CL_AREA.KG08,CL_SEX.F,CL_AGE.Y15T19,CL_UNIT_MEASURE.PER_1000_POP,50.8
2015,CL_FREQ.A,CL_REPORTING_TYPE.N,CL_SERIES.SP_DYN_ADKL,CL_AREA.KG08,CL_SEX.F,CL_AGE.Y15T19,CL_UNIT_MEASURE.PER_1000_POP,59.7
2016,CL_FREQ.A,CL_REPORTING_TYPE.N,CL_SERIES.SP_DYN_ADKL,CL_AREA.KG08,CL_SEX.F,CL_AGE.Y15T19,CL_UNIT_MEASURE.PER_1000_POP,47.8
2017,CL_FREQ.A,CL_REPORTING_TYPE.N,CL_SERIES.SP_DYN_ADKL,CL_AREA.KG08,CL_SEX.F,CL_AGE.Y15T19,CL_UNIT_MEASURE.PER_1000_POP,46.4
2018,CL_FREQ.A,CL_REPORTING_TYPE.N,CL_SERIES.SP_DYN_ADKL,CL_AREA.KG08,CL_SEX.F,CL_AGE.Y15T19,CL_UNIT_MEASURE.PER_1000_POP,52.1
2007,CL_FREQ.A,CL_REPORTING_TYPE.N,CL_SERIES.SP_DYN_ADKL,CL_AREA.KG11,CL_SEX.F,CL_AGE.Y15T19,CL_UNIT_MEASURE.PER_1000_POP,25.9
2008,CL_FREQ.A,CL_REPORTING_TYPE.N,CL_SERIES.SP_DYN_ADKL,CL_AREA.KG11,CL_SEX.F,CL_AGE.Y15T19,CL_UNIT_MEASURE.PER_1000_POP,24.8
2009,CL_FREQ.A,CL_REPORTING_TYPE.N,CL_SERIES.SP_DYN_ADKL,CL_AREA.KG11,CL_SEX.F,CL_AGE.Y15T19,CL_UNIT_MEASURE.PER_1000_POP,17.9
2010,CL_FREQ.A,CL_REPORTING_TYPE.N,CL_SERIES.SP_DYN_ADKL,CL_AREA.KG11,CL_SEX.F,CL_AGE.Y15T19,CL_UNIT_MEASURE.PER_1000_POP,20.4
2011,CL_FREQ.A,CL_REPORTING_TYPE.N,CL_SERIES.SP_DYN_ADKL,CL_AREA.KG11,CL_SEX.F,CL_AGE.Y15T19,CL_UNIT_MEASURE.PER_1000_POP,25.3
2012,CL_FREQ.A,CL_REPORTING_TYPE.N,CL_SERIES.SP_DYN_ADKL,CL_AREA.KG11,CL_SEX.F,CL_AGE.Y15T19,CL_UNIT_MEASURE.PER_1000_POP,26.0
2013,CL_FREQ.A,CL_REPORTING_TYPE.N,CL_SERIES.SP_DYN_ADKL,CL_AREA.KG11,CL_SEX.F,CL_AGE.Y15T19,CL_UNIT_MEASURE.PER_1000_POP,26.6
2014,CL_FREQ.A,CL_REPORTING_TYPE.N,CL_SERIES.SP_DYN_ADKL,CL_AREA.KG11,CL_SEX.F,CL_AGE.Y15T19,CL_UNIT_MEASURE.PER_1000_POP,26.5
2015,CL_FREQ.A,CL_REPORTING_TYPE.N,CL_SERIES.SP_DYN_ADKL,CL_AREA.KG11,CL_SEX.F,CL_AGE.Y15T19,CL_UNIT_MEASURE.PER_1000_POP,22.1
2016,CL_FREQ.A,CL_REPORTING_TYPE.N,CL_SERIES.SP_DYN_ADKL,CL_AREA.KG11,CL_SEX.F,CL_AGE.Y15T19,CL_UNIT_MEASURE.PER_1000_POP,21.4
2017,CL_FREQ.A,CL_REPORTING_TYPE.N,CL_SERIES.SP_DYN_ADKL,CL_AREA.KG11,CL_SEX.F,CL_AGE.Y15T19,CL_UNIT_MEASURE.PER_1000_POP,17.4
2018,CL_FREQ.A,CL_REPORTING_TYPE.N,CL_SERIES.SP_DYN_ADKL,CL_AREA.KG11,CL_SEX.F,CL_AGE.Y15T19,CL_UNIT_MEASURE.PER_1000_POP,24.3
2007,CL_FREQ.A,CL_REPORTING_TYPE.N,CL_SERIES.SP_DYN_ADKL,CL_AREA.KG21,CL_SEX.F,CL_AGE.Y15T19,CL_UNIT_MEASURE.PER_1000_POP,24.2
2008,CL_FREQ.A,CL_REPORTING_TYPE.N,CL_SERIES.SP_DYN_ADKL,CL_AREA.KG21,CL_SEX.F,CL_AGE.Y15T19,CL_UNIT_MEASURE.PER_1000_POP,26.0
2009,CL_FREQ.A,CL_REPORTING_TYPE.N,CL_SERIES.SP_DYN_ADKL,CL_AREA.KG21,CL_SEX.F,CL_AGE.Y15T19,CL_UNIT_MEASURE.PER_1000_POP,23.9
2010,CL_FREQ.A,CL_REPORTING_TYPE.N,CL_SERIES.SP_DYN_ADKL,CL_AREA.KG21,CL_SEX.F,CL_AGE.Y15T19,CL_UNIT_MEASURE.PER_1000_POP,27.0
2011,CL_FREQ.A,CL_REPORTING_TYPE.N,CL_SERIES.SP_DYN_ADKL,CL_AREA.KG21,CL_SEX.F,CL_AGE.Y15T19,CL_UNIT_MEASURE.PER_1000_POP,36.1
2012,CL_FREQ.A,CL_REPORTING_TYPE.N,CL_SERIES.SP_DYN_ADKL,CL_AREA.KG21,CL_SEX.F,CL_AGE.Y15T19,CL_UNIT_MEASURE.PER_1000_POP,43.9
2013,CL_FREQ.A,CL_REPORTING_TYPE.N,CL_SERIES.SP_DYN_ADKL,CL_AREA.KG21,CL_SEX.F,CL_AGE.Y15T19,CL_UNIT_MEASURE.PER_1000_POP,46.7
2014,CL_FREQ.A,CL_REPORTING_TYPE.N,CL_SERIES.SP_DYN_ADKL,CL_AREA.KG21,CL_SEX.F,CL_AGE.Y15T19,CL_UNIT_MEASURE.PER_1000_POP,54.9
2015,CL_FREQ.A,CL_REPORTING_TYPE.N,CL_SERIES.SP_DYN_ADKL,CL_AREA.KG21,CL_SEX.F,CL_AGE.Y15T19,CL_UNIT_MEASURE.PER_1000_POP,52.8
2016,CL_FREQ.A,CL_REPORTING_TYPE.N,CL_SERIES.SP_DYN_ADKL,CL_AREA.KG21,CL_SEX.F,CL_AGE.Y15T19,CL_UNIT_MEASURE.PER_1000_POP,52.6
2017,CL_FREQ.A,CL_REPORTING_TYPE.N,CL_SERIES.SP_DYN_ADKL,CL_AREA.KG21,CL_SEX.F,CL_AGE.Y15T19,CL_UNIT_MEASURE.PER_1000_POP,51.6
2018,CL_FREQ.A,CL_REPORTING_TYPE.N,CL_SERIES.SP_DYN_ADKL,CL_AREA.KG21,CL_SEX.F,CL_AGE.Y15T19,CL_UNIT_MEASURE.PER_1000_POP,65.0
