Year,Frequency of observation,Reporting type,SDG Series,Reference area,Unit of measure,Value
2007,Annual,National,Mortality rate attributed to unintentional poisonings,Kyrgyzstan,"Per 100,000 population",10.5
2008,Annual,National,Mortality rate attributed to unintentional poisonings,Kyrgyzstan,"Per 100,000 population",10.8
2009,Annual,National,Mortality rate attributed to unintentional poisonings,Kyrgyzstan,"Per 100,000 population",9.1
2010,Annual,National,Mortality rate attributed to unintentional poisonings,Kyrgyzstan,"Per 100,000 population",9.0
2011,Annual,National,Mortality rate attributed to unintentional poisonings,Kyrgyzstan,"Per 100,000 population",8.0
2012,Annual,National,Mortality rate attributed to unintentional poisonings,Kyrgyzstan,"Per 100,000 population",7.9
2013,Annual,National,Mortality rate attributed to unintentional poisonings,Kyrgyzstan,"Per 100,000 population",6.4
2014,Annual,National,Mortality rate attributed to unintentional poisonings,Kyrgyzstan,"Per 100,000 population",6.8
2015,Annual,National,Mortality rate attributed to unintentional poisonings,Kyrgyzstan,"Per 100,000 population",7.0
2016,Annual,National,Mortality rate attributed to unintentional poisonings,Kyrgyzstan,"Per 100,000 population",6.0
2017,Annual,National,Mortality rate attributed to unintentional poisonings,Kyrgyzstan,"Per 100,000 population",5.9
2018,Annual,National,Mortality rate attributed to unintentional poisonings,Kyrgyzstan,"Per 100,000 population",6.3
2007,Annual,National,Mortality rate attributed to unintentional poisonings,Batken,"Per 100,000 population",1.4
2008,Annual,National,Mortality rate attributed to unintentional poisonings,Batken,"Per 100,000 population",2.8
2009,Annual,National,Mortality rate attributed to unintentional poisonings,Batken,"Per 100,000 population",3.5
2010,Annual,National,Mortality rate attributed to unintentional poisonings,Batken,"Per 100,000 population",3.0
2011,Annual,National,Mortality rate attributed to unintentional poisonings,Batken,"Per 100,000 population",1.3
2012,Annual,National,Mortality rate attributed to unintentional poisonings,Batken,"Per 100,000 population",3.5
2013,Annual,National,Mortality rate attributed to unintentional poisonings,Batken,"Per 100,000 population",3.9
2014,Annual,National,Mortality rate attributed to unintentional poisonings,Batken,"Per 100,000 population",2.1
2015,Annual,National,Mortality rate attributed to unintentional poisonings,Batken,"Per 100,000 population",1.4
2016,Annual,National,Mortality rate attributed to unintentional poisonings,Batken,"Per 100,000 population",1.2
2017,Annual,National,Mortality rate attributed to unintentional poisonings,Batken,"Per 100,000 population",3.3
2018,Annual,National,Mortality rate attributed to unintentional poisonings,Batken,"Per 100,000 population",1.2
2007,Annual,National,Mortality rate attributed to unintentional poisonings,Jalal-Abad,"Per 100,000 population",2.3
2008,Annual,National,Mortality rate attributed to unintentional poisonings,Jalal-Abad,"Per 100,000 population",1.4
2009,Annual,National,Mortality rate attributed to unintentional poisonings,Jalal-Abad,"Per 100,000 population",1.5
2010,Annual,National,Mortality rate attributed to unintentional poisonings,Jalal-Abad,"Per 100,000 population",2.4
2011,Annual,National,Mortality rate attributed to unintentional poisonings,Jalal-Abad,"Per 100,000 population",2.2
2012,Annual,National,Mortality rate attributed to unintentional poisonings,Jalal-Abad,"Per 100,000 population",2.4
2013,Annual,National,Mortality rate attributed to unintentional poisonings,Jalal-Abad,"Per 100,000 population",2.2
2014,Annual,National,Mortality rate attributed to unintentional poisonings,Jalal-Abad,"Per 100,000 population",2.1
2015,Annual,National,Mortality rate attributed to unintentional poisonings,Jalal-Abad,"Per 100,000 population",2.9
2016,Annual,National,Mortality rate attributed to unintentional poisonings,Jalal-Abad,"Per 100,000 population",1.9
2017,Annual,National,Mortality rate attributed to unintentional poisonings,Jalal-Abad,"Per 100,000 population",2.5
2018,Annual,National,Mortality rate attributed to unintentional poisonings,Jalal-Abad,"Per 100,000 population",2.4
2007,Annual,National,Mortality rate attributed to unintentional poisonings,Issyk-Kul,"Per 100,000 population",34.1
2008,Annual,National,Mortality rate attributed to unintentional poisonings,Issyk-Kul,"Per 100,000 population",35.1
2009,Annual,National,Mortality rate attributed to unintentional poisonings,Issyk-Kul,"Per 100,000 population",26.2
2010,Annual,National,Mortality rate attributed to unintentional poisonings,Issyk-Kul,"Per 100,000 population",33.0
2011,Annual,National,Mortality rate attributed to unintentional poisonings,Issyk-Kul,"Per 100,000 population",31.4
2012,Annual,National,Mortality rate attributed to unintentional poisonings,Issyk-Kul,"Per 100,000 population",26.6
2013,Annual,National,Mortality rate attributed to unintentional poisonings,Issyk-Kul,"Per 100,000 population",24.8
2014,Annual,National,Mortality rate attributed to unintentional poisonings,Issyk-Kul,"Per 100,000 population",30.6
2015,Annual,National,Mortality rate attributed to unintentional poisonings,Issyk-Kul,"Per 100,000 population",31.3
2016,Annual,National,Mortality rate attributed to unintentional poisonings,Issyk-Kul,"Per 100,000 population",19.4
2017,Annual,National,Mortality rate attributed to unintentional poisonings,Issyk-Kul,"Per 100,000 population",23.5
2018,Annual,National,Mortality rate attributed to unintentional poisonings,Issyk-Kul,"Per 100,000 population",26.7
2007,Annual,National,Mortality rate attributed to unintentional poisonings,Naryn,"Per 100,000 population",12.4
2008,Annual,National,Mortality rate attributed to unintentional poisonings,Naryn,"Per 100,000 population",9.3
2009,Annual,National,Mortality rate attributed to unintentional poisonings,Naryn,"Per 100,000 population",9.7
2010,Annual,National,Mortality rate attributed to unintentional poisonings,Naryn,"Per 100,000 population",11.5
2011,Annual,National,Mortality rate attributed to unintentional poisonings,Naryn,"Per 100,000 population",9.9
2012,Annual,National,Mortality rate attributed to unintentional poisonings,Naryn,"Per 100,000 population",8.3
2013,Annual,National,Mortality rate attributed to unintentional poisonings,Naryn,"Per 100,000 population",6.3
2014,Annual,National,Mortality rate attributed to unintentional poisonings,Naryn,"Per 100,000 population",5.5
2015,Annual,National,Mortality rate attributed to unintentional poisonings,Naryn,"Per 100,000 population",7.2
2016,Annual,National,Mortality rate attributed to unintentional poisonings,Naryn,"Per 100,000 population",7.2
2017,Annual,National,Mortality rate attributed to unintentional poisonings,Naryn,"Per 100,000 population",8.1
2018,Annual,National,Mortality rate attributed to unintentional poisonings,Naryn,"Per 100,000 population",10.9
2007,Annual,National,Mortality rate attributed to unintentional poisonings,Osh,"Per 100,000 population",1.0
2008,Annual,National,Mortality rate attributed to unintentional poisonings,Osh,"Per 100,000 population",2.4
2009,Annual,National,Mortality rate attributed to unintentional poisonings,Osh,"Per 100,000 population",2.7
2010,Annual,National,Mortality rate attributed to unintentional poisonings,Osh,"Per 100,000 population",2.5
2011,Annual,National,Mortality rate attributed to unintentional poisonings,Osh,"Per 100,000 population",2.4
2012,Annual,National,Mortality rate attributed to unintentional poisonings,Osh,"Per 100,000 population",3.7
2013,Annual,National,Mortality rate attributed to unintentional poisonings,Osh,"Per 100,000 population",1.6
2014,Annual,National,Mortality rate attributed to unintentional poisonings,Osh,"Per 100,000 population",2.7
2015,Annual,National,Mortality rate attributed to unintentional poisonings,Osh,"Per 100,000 population",4.0
2016,Annual,National,Mortality rate attributed to unintentional poisonings,Osh,"Per 100,000 population",3.4
2017,Annual,National,Mortality rate attributed to unintentional poisonings,Osh,"Per 100,000 population",2.3
2018,Annual,National,Mortality rate attributed to unintentional poisonings,Osh,"Per 100,000 population",3.4
2007,Annual,National,Mortality rate attributed to unintentional poisonings,Talas,"Per 100,000 population",3.6
2008,Annual,National,Mortality rate attributed to unintentional poisonings,Talas,"Per 100,000 population",4.4
2009,Annual,National,Mortality rate attributed to unintentional poisonings,Talas,"Per 100,000 population",4.4
2010,Annual,National,Mortality rate attributed to unintentional poisonings,Talas,"Per 100,000 population",3.5
2011,Annual,National,Mortality rate attributed to unintentional poisonings,Talas,"Per 100,000 population",2.6
2012,Annual,National,Mortality rate attributed to unintentional poisonings,Talas,"Per 100,000 population",5.5
2013,Annual,National,Mortality rate attributed to unintentional poisonings,Talas,"Per 100,000 population",3.7
2014,Annual,National,Mortality rate attributed to unintentional poisonings,Talas,"Per 100,000 population",4.1
2015,Annual,National,Mortality rate attributed to unintentional poisonings,Talas,"Per 100,000 population",6.8
2016,Annual,National,Mortality rate attributed to unintentional poisonings,Talas,"Per 100,000 population",6.3
2017,Annual,National,Mortality rate attributed to unintentional poisonings,Talas,"Per 100,000 population",2.3
2018,Annual,National,Mortality rate attributed to unintentional poisonings,Talas,"Per 100,000 population",5.7
2007,Annual,National,Mortality rate attributed to unintentional poisonings,Chui,"Per 100,000 population",15.8
2008,Annual,National,Mortality rate attributed to unintentional poisonings,Chui,"Per 100,000 population",16.0
2009,Annual,National,Mortality rate attributed to unintentional poisonings,Chui,"Per 100,000 population",11.9
2010,Annual,National,Mortality rate attributed to unintentional poisonings,Chui,"Per 100,000 population",11.1
2011,Annual,National,Mortality rate attributed to unintentional poisonings,Chui,"Per 100,000 population",7.7
2012,Annual,National,Mortality rate attributed to unintentional poisonings,Chui,"Per 100,000 population",9.4
2013,Annual,National,Mortality rate attributed to unintentional poisonings,Chui,"Per 100,000 population",7.4
2014,Annual,National,Mortality rate attributed to unintentional poisonings,Chui,"Per 100,000 population",7.9
2015,Annual,National,Mortality rate attributed to unintentional poisonings,Chui,"Per 100,000 population",6.3
2016,Annual,National,Mortality rate attributed to unintentional poisonings,Chui,"Per 100,000 population",7.9
2017,Annual,National,Mortality rate attributed to unintentional poisonings,Chui,"Per 100,000 population",7.9
2018,Annual,National,Mortality rate attributed to unintentional poisonings,Chui,"Per 100,000 population",7.1
2007,Annual,National,Mortality rate attributed to unintentional poisonings,Bishkek (city),"Per 100,000 population",24.1
2008,Annual,National,Mortality rate attributed to unintentional poisonings,Bishkek (city),"Per 100,000 population",24.3
2009,Annual,National,Mortality rate attributed to unintentional poisonings,Bishkek (city),"Per 100,000 population",21.0
2010,Annual,National,Mortality rate attributed to unintentional poisonings,Bishkek (city),"Per 100,000 population",16.3
2011,Annual,National,Mortality rate attributed to unintentional poisonings,Bishkek (city),"Per 100,000 population",16.0
2012,Annual,National,Mortality rate attributed to unintentional poisonings,Bishkek (city),"Per 100,000 population",12.2
2013,Annual,National,Mortality rate attributed to unintentional poisonings,Bishkek (city),"Per 100,000 population",9.9
2014,Annual,National,Mortality rate attributed to unintentional poisonings,Bishkek (city),"Per 100,000 population",10.0
2015,Annual,National,Mortality rate attributed to unintentional poisonings,Bishkek (city),"Per 100,000 population",8.1
2016,Annual,National,Mortality rate attributed to unintentional poisonings,Bishkek (city),"Per 100,000 population",8.1
2017,Annual,National,Mortality rate attributed to unintentional poisonings,Bishkek (city),"Per 100,000 population",6.6
2018,Annual,National,Mortality rate attributed to unintentional poisonings,Bishkek (city),"Per 100,000 population",6.5
2007,Annual,National,Mortality rate attributed to unintentional poisonings,Osh (city),"Per 100,000 population",1.6
2008,Annual,National,Mortality rate attributed to unintentional poisonings,Osh (city),"Per 100,000 population",3.5
2009,Annual,National,Mortality rate attributed to unintentional poisonings,Osh (city),"Per 100,000 population",3.1
2010,Annual,National,Mortality rate attributed to unintentional poisonings,Osh (city),"Per 100,000 population",3.9
2011,Annual,National,Mortality rate attributed to unintentional poisonings,Osh (city),"Per 100,000 population",3.5
2012,Annual,National,Mortality rate attributed to unintentional poisonings,Osh (city),"Per 100,000 population",5.8
2013,Annual,National,Mortality rate attributed to unintentional poisonings,Osh (city),"Per 100,000 population",4.9
2014,Annual,National,Mortality rate attributed to unintentional poisonings,Osh (city),"Per 100,000 population",1.9
2015,Annual,National,Mortality rate attributed to unintentional poisonings,Osh (city),"Per 100,000 population",4.4
2016,Annual,National,Mortality rate attributed to unintentional poisonings,Osh (city),"Per 100,000 population",6.1
2017,Annual,National,Mortality rate attributed to unintentional poisonings,Osh (city),"Per 100,000 population",3.5
2018,Annual,National,Mortality rate attributed to unintentional poisonings,Osh (city),"Per 100,000 population",2.7
