Year,concept.FREQ,concept.REPORTING_TYPE,Series,concept.REF_AREA,concept.SEX,concept.AGE,concept.COMPOSITE_BREAKDOWN,Units,Value
2005,CL_FREQ.A,CL_REPORTING_TYPE.N,CL_SERIES._L_KG_040101_1A,CL_AREA.KG,CL_SEX.M,CL_AGE.Y7T17,,CL_UNIT_MEASURE.NUMBER,2331
2006,CL_FREQ.A,CL_REPORTING_TYPE.N,CL_SERIES._L_KG_040101_1A,CL_AREA.KG,CL_SEX.M,CL_AGE.Y7T17,,CL_UNIT_MEASURE.NUMBER,2083
2007,CL_FREQ.A,CL_REPORTING_TYPE.N,CL_SERIES._L_KG_040101_1A,CL_AREA.KG,CL_SEX.M,CL_AGE.Y7T17,,CL_UNIT_MEASURE.NUMBER,2050
2008,CL_FREQ.A,CL_REPORTING_TYPE.N,CL_SERIES._L_KG_040101_1A,CL_AREA.KG,CL_SEX.M,CL_AGE.Y7T17,,CL_UNIT_MEASURE.NUMBER,1833
2009,CL_FREQ.A,CL_REPORTING_TYPE.N,CL_SERIES._L_KG_040101_1A,CL_AREA.KG,CL_SEX.M,CL_AGE.Y7T17,,CL_UNIT_MEASURE.NUMBER,1813
2010,CL_FREQ.A,CL_REPORTING_TYPE.N,CL_SERIES._L_KG_040101_1A,CL_AREA.KG,CL_SEX.M,CL_AGE.Y7T17,,CL_UNIT_MEASURE.NUMBER,2178
2011,CL_FREQ.A,CL_REPORTING_TYPE.N,CL_SERIES._L_KG_040101_1A,CL_AREA.KG,CL_SEX.M,CL_AGE.Y7T17,,CL_UNIT_MEASURE.NUMBER,2406
2012,CL_FREQ.A,CL_REPORTING_TYPE.N,CL_SERIES._L_KG_040101_1A,CL_AREA.KG,CL_SEX.M,CL_AGE.Y7T17,,CL_UNIT_MEASURE.NUMBER,1920
2013,CL_FREQ.A,CL_REPORTING_TYPE.N,CL_SERIES._L_KG_040101_1A,CL_AREA.KG,CL_SEX.M,CL_AGE.Y7T17,,CL_UNIT_MEASURE.NUMBER,1708
2014,CL_FREQ.A,CL_REPORTING_TYPE.N,CL_SERIES._L_KG_040101_1A,CL_AREA.KG,CL_SEX.M,CL_AGE.Y7T17,,CL_UNIT_MEASURE.NUMBER,1453
2015,CL_FREQ.A,CL_REPORTING_TYPE.N,CL_SERIES._L_KG_040101_1A,CL_AREA.KG,CL_SEX.M,CL_AGE.Y7T17,,CL_UNIT_MEASURE.NUMBER,1254
2016,CL_FREQ.A,CL_REPORTING_TYPE.N,CL_SERIES._L_KG_040101_1A,CL_AREA.KG,CL_SEX.M,CL_AGE.Y7T17,,CL_UNIT_MEASURE.NUMBER,1469
2017,CL_FREQ.A,CL_REPORTING_TYPE.N,CL_SERIES._L_KG_040101_1A,CL_AREA.KG,CL_SEX.M,CL_AGE.Y7T17,,CL_UNIT_MEASURE.NUMBER,1464
2018,CL_FREQ.A,CL_REPORTING_TYPE.N,CL_SERIES._L_KG_040101_1A,CL_AREA.KG,CL_SEX.M,CL_AGE.Y7T17,,CL_UNIT_MEASURE.NUMBER,1622
2005,CL_FREQ.A,CL_REPORTING_TYPE.N,CL_SERIES._L_KG_040101_1A,CL_AREA.KG,CL_SEX.M,CL_AGE.Y7T17,CL_COMP_BREAKDOWN._L_CSE_MATDIFF,CL_UNIT_MEASURE.NUMBER,295
2006,CL_FREQ.A,CL_REPORTING_TYPE.N,CL_SERIES._L_KG_040101_1A,CL_AREA.KG,CL_SEX.M,CL_AGE.Y7T17,CL_COMP_BREAKDOWN._L_CSE_MATDIFF,CL_UNIT_MEASURE.NUMBER,151
2007,CL_FREQ.A,CL_REPORTING_TYPE.N,CL_SERIES._L_KG_040101_1A,CL_AREA.KG,CL_SEX.M,CL_AGE.Y7T17,CL_COMP_BREAKDOWN._L_CSE_MATDIFF,CL_UNIT_MEASURE.NUMBER,154
2008,CL_FREQ.A,CL_REPORTING_TYPE.N,CL_SERIES._L_KG_040101_1A,CL_AREA.KG,CL_SEX.M,CL_AGE.Y7T17,CL_COMP_BREAKDOWN._L_CSE_MATDIFF,CL_UNIT_MEASURE.NUMBER,168
2009,CL_FREQ.A,CL_REPORTING_TYPE.N,CL_SERIES._L_KG_040101_1A,CL_AREA.KG,CL_SEX.M,CL_AGE.Y7T17,CL_COMP_BREAKDOWN._L_CSE_MATDIFF,CL_UNIT_MEASURE.NUMBER,94
2010,CL_FREQ.A,CL_REPORTING_TYPE.N,CL_SERIES._L_KG_040101_1A,CL_AREA.KG,CL_SEX.M,CL_AGE.Y7T17,CL_COMP_BREAKDOWN._L_CSE_MATDIFF,CL_UNIT_MEASURE.NUMBER,85
2011,CL_FREQ.A,CL_REPORTING_TYPE.N,CL_SERIES._L_KG_040101_1A,CL_AREA.KG,CL_SEX.M,CL_AGE.Y7T17,CL_COMP_BREAKDOWN._L_CSE_MATDIFF,CL_UNIT_MEASURE.NUMBER,226
2012,CL_FREQ.A,CL_REPORTING_TYPE.N,CL_SERIES._L_KG_040101_1A,CL_AREA.KG,CL_SEX.M,CL_AGE.Y7T17,CL_COMP_BREAKDOWN._L_CSE_MATDIFF,CL_UNIT_MEASURE.NUMBER,157
2013,CL_FREQ.A,CL_REPORTING_TYPE.N,CL_SERIES._L_KG_040101_1A,CL_AREA.KG,CL_SEX.M,CL_AGE.Y7T17,CL_COMP_BREAKDOWN._L_CSE_MATDIFF,CL_UNIT_MEASURE.NUMBER,55
2014,CL_FREQ.A,CL_REPORTING_TYPE.N,CL_SERIES._L_KG_040101_1A,CL_AREA.KG,CL_SEX.M,CL_AGE.Y7T17,CL_COMP_BREAKDOWN._L_CSE_MATDIFF,CL_UNIT_MEASURE.NUMBER,80
2015,CL_FREQ.A,CL_REPORTING_TYPE.N,CL_SERIES._L_KG_040101_1A,CL_AREA.KG,CL_SEX.M,CL_AGE.Y7T17,CL_COMP_BREAKDOWN._L_CSE_MATDIFF,CL_UNIT_MEASURE.NUMBER,80
2016,CL_FREQ.A,CL_REPORTING_TYPE.N,CL_SERIES._L_KG_040101_1A,CL_AREA.KG,CL_SEX.M,CL_AGE.Y7T17,CL_COMP_BREAKDOWN._L_CSE_MATDIFF,CL_UNIT_MEASURE.NUMBER,84
2017,CL_FREQ.A,CL_REPORTING_TYPE.N,CL_SERIES._L_KG_040101_1A,CL_AREA.KG,CL_SEX.M,CL_AGE.Y7T17,CL_COMP_BREAKDOWN._L_CSE_MATDIFF,CL_UNIT_MEASURE.NUMBER,99
2018,CL_FREQ.A,CL_REPORTING_TYPE.N,CL_SERIES._L_KG_040101_1A,CL_AREA.KG,CL_SEX.M,CL_AGE.Y7T17,CL_COMP_BREAKDOWN._L_CSE_MATDIFF,CL_UNIT_MEASURE.NUMBER,104
2005,CL_FREQ.A,CL_REPORTING_TYPE.N,CL_SERIES._L_KG_040101_1A,CL_AREA.KG,CL_SEX.M,CL_AGE.Y7T17,CL_COMP_BREAKDOWN._L_CSE_PARENTS,CL_UNIT_MEASURE.NUMBER,86
2006,CL_FREQ.A,CL_REPORTING_TYPE.N,CL_SERIES._L_KG_040101_1A,CL_AREA.KG,CL_SEX.M,CL_AGE.Y7T17,CL_COMP_BREAKDOWN._L_CSE_PARENTS,CL_UNIT_MEASURE.NUMBER,128
2007,CL_FREQ.A,CL_REPORTING_TYPE.N,CL_SERIES._L_KG_040101_1A,CL_AREA.KG,CL_SEX.M,CL_AGE.Y7T17,CL_COMP_BREAKDOWN._L_CSE_PARENTS,CL_UNIT_MEASURE.NUMBER,116
2008,CL_FREQ.A,CL_REPORTING_TYPE.N,CL_SERIES._L_KG_040101_1A,CL_AREA.KG,CL_SEX.M,CL_AGE.Y7T17,CL_COMP_BREAKDOWN._L_CSE_PARENTS,CL_UNIT_MEASURE.NUMBER,74
2009,CL_FREQ.A,CL_REPORTING_TYPE.N,CL_SERIES._L_KG_040101_1A,CL_AREA.KG,CL_SEX.M,CL_AGE.Y7T17,CL_COMP_BREAKDOWN._L_CSE_PARENTS,CL_UNIT_MEASURE.NUMBER,55
2010,CL_FREQ.A,CL_REPORTING_TYPE.N,CL_SERIES._L_KG_040101_1A,CL_AREA.KG,CL_SEX.M,CL_AGE.Y7T17,CL_COMP_BREAKDOWN._L_CSE_PARENTS,CL_UNIT_MEASURE.NUMBER,151
2011,CL_FREQ.A,CL_REPORTING_TYPE.N,CL_SERIES._L_KG_040101_1A,CL_AREA.KG,CL_SEX.M,CL_AGE.Y7T17,CL_COMP_BREAKDOWN._L_CSE_PARENTS,CL_UNIT_MEASURE.NUMBER,72
2012,CL_FREQ.A,CL_REPORTING_TYPE.N,CL_SERIES._L_KG_040101_1A,CL_AREA.KG,CL_SEX.M,CL_AGE.Y7T17,CL_COMP_BREAKDOWN._L_CSE_PARENTS,CL_UNIT_MEASURE.NUMBER,27
2013,CL_FREQ.A,CL_REPORTING_TYPE.N,CL_SERIES._L_KG_040101_1A,CL_AREA.KG,CL_SEX.M,CL_AGE.Y7T17,CL_COMP_BREAKDOWN._L_CSE_PARENTS,CL_UNIT_MEASURE.NUMBER,32
2014,CL_FREQ.A,CL_REPORTING_TYPE.N,CL_SERIES._L_KG_040101_1A,CL_AREA.KG,CL_SEX.M,CL_AGE.Y7T17,CL_COMP_BREAKDOWN._L_CSE_PARENTS,CL_UNIT_MEASURE.NUMBER,3
2015,CL_FREQ.A,CL_REPORTING_TYPE.N,CL_SERIES._L_KG_040101_1A,CL_AREA.KG,CL_SEX.M,CL_AGE.Y7T17,CL_COMP_BREAKDOWN._L_CSE_PARENTS,CL_UNIT_MEASURE.NUMBER,16
2016,CL_FREQ.A,CL_REPORTING_TYPE.N,CL_SERIES._L_KG_040101_1A,CL_AREA.KG,CL_SEX.M,CL_AGE.Y7T17,CL_COMP_BREAKDOWN._L_CSE_PARENTS,CL_UNIT_MEASURE.NUMBER,17
2017,CL_FREQ.A,CL_REPORTING_TYPE.N,CL_SERIES._L_KG_040101_1A,CL_AREA.KG,CL_SEX.M,CL_AGE.Y7T17,CL_COMP_BREAKDOWN._L_CSE_PARENTS,CL_UNIT_MEASURE.NUMBER,24
2018,CL_FREQ.A,CL_REPORTING_TYPE.N,CL_SERIES._L_KG_040101_1A,CL_AREA.KG,CL_SEX.M,CL_AGE.Y7T17,CL_COMP_BREAKDOWN._L_CSE_PARENTS,CL_UNIT_MEASURE.NUMBER,39
2013,CL_FREQ.A,CL_REPORTING_TYPE.N,CL_SERIES._L_KG_040101_1A,CL_AREA.KG,CL_SEX.M,CL_AGE.Y7T17,CL_COMP_BREAKDOWN._L_CSE_NODOC,CL_UNIT_MEASURE.NUMBER,3
2014,CL_FREQ.A,CL_REPORTING_TYPE.N,CL_SERIES._L_KG_040101_1A,CL_AREA.KG,CL_SEX.M,CL_AGE.Y7T17,CL_COMP_BREAKDOWN._L_CSE_NODOC,CL_UNIT_MEASURE.NUMBER,1
2015,CL_FREQ.A,CL_REPORTING_TYPE.N,CL_SERIES._L_KG_040101_1A,CL_AREA.KG,CL_SEX.M,CL_AGE.Y7T17,CL_COMP_BREAKDOWN._L_CSE_NODOC,CL_UNIT_MEASURE.NUMBER,8
2016,CL_FREQ.A,CL_REPORTING_TYPE.N,CL_SERIES._L_KG_040101_1A,CL_AREA.KG,CL_SEX.M,CL_AGE.Y7T17,CL_COMP_BREAKDOWN._L_CSE_NODOC,CL_UNIT_MEASURE.NUMBER,3
2018,CL_FREQ.A,CL_REPORTING_TYPE.N,CL_SERIES._L_KG_040101_1A,CL_AREA.KG,CL_SEX.M,CL_AGE.Y7T17,CL_COMP_BREAKDOWN._L_CSE_NODOC,CL_UNIT_MEASURE.NUMBER,4
2005,CL_FREQ.A,CL_REPORTING_TYPE.N,CL_SERIES._L_KG_040101_1A,CL_AREA.KG,CL_SEX.M,CL_AGE.Y7T17,CL_COMP_BREAKDOWN._L_CSE_DOM,CL_UNIT_MEASURE.NUMBER,208
2006,CL_FREQ.A,CL_REPORTING_TYPE.N,CL_SERIES._L_KG_040101_1A,CL_AREA.KG,CL_SEX.M,CL_AGE.Y7T17,CL_COMP_BREAKDOWN._L_CSE_DOM,CL_UNIT_MEASURE.NUMBER,140
2007,CL_FREQ.A,CL_REPORTING_TYPE.N,CL_SERIES._L_KG_040101_1A,CL_AREA.KG,CL_SEX.M,CL_AGE.Y7T17,CL_COMP_BREAKDOWN._L_CSE_DOM,CL_UNIT_MEASURE.NUMBER,175
2008,CL_FREQ.A,CL_REPORTING_TYPE.N,CL_SERIES._L_KG_040101_1A,CL_AREA.KG,CL_SEX.M,CL_AGE.Y7T17,CL_COMP_BREAKDOWN._L_CSE_DOM,CL_UNIT_MEASURE.NUMBER,540
2009,CL_FREQ.A,CL_REPORTING_TYPE.N,CL_SERIES._L_KG_040101_1A,CL_AREA.KG,CL_SEX.M,CL_AGE.Y7T17,CL_COMP_BREAKDOWN._L_CSE_DOM,CL_UNIT_MEASURE.NUMBER,321
2010,CL_FREQ.A,CL_REPORTING_TYPE.N,CL_SERIES._L_KG_040101_1A,CL_AREA.KG,CL_SEX.M,CL_AGE.Y7T17,CL_COMP_BREAKDOWN._L_CSE_DOM,CL_UNIT_MEASURE.NUMBER,287
2011,CL_FREQ.A,CL_REPORTING_TYPE.N,CL_SERIES._L_KG_040101_1A,CL_AREA.KG,CL_SEX.M,CL_AGE.Y7T17,CL_COMP_BREAKDOWN._L_CSE_DOM,CL_UNIT_MEASURE.NUMBER,466
2012,CL_FREQ.A,CL_REPORTING_TYPE.N,CL_SERIES._L_KG_040101_1A,CL_AREA.KG,CL_SEX.M,CL_AGE.Y7T17,CL_COMP_BREAKDOWN._L_CSE_DOM,CL_UNIT_MEASURE.NUMBER,414
2013,CL_FREQ.A,CL_REPORTING_TYPE.N,CL_SERIES._L_KG_040101_1A,CL_AREA.KG,CL_SEX.M,CL_AGE.Y7T17,CL_COMP_BREAKDOWN._L_CSE_DOM,CL_UNIT_MEASURE.NUMBER,147
2014,CL_FREQ.A,CL_REPORTING_TYPE.N,CL_SERIES._L_KG_040101_1A,CL_AREA.KG,CL_SEX.M,CL_AGE.Y7T17,CL_COMP_BREAKDOWN._L_CSE_DOM,CL_UNIT_MEASURE.NUMBER,359
2015,CL_FREQ.A,CL_REPORTING_TYPE.N,CL_SERIES._L_KG_040101_1A,CL_AREA.KG,CL_SEX.M,CL_AGE.Y7T17,CL_COMP_BREAKDOWN._L_CSE_DOM,CL_UNIT_MEASURE.NUMBER,175
2016,CL_FREQ.A,CL_REPORTING_TYPE.N,CL_SERIES._L_KG_040101_1A,CL_AREA.KG,CL_SEX.M,CL_AGE.Y7T17,CL_COMP_BREAKDOWN._L_CSE_DOM,CL_UNIT_MEASURE.NUMBER,287
2017,CL_FREQ.A,CL_REPORTING_TYPE.N,CL_SERIES._L_KG_040101_1A,CL_AREA.KG,CL_SEX.M,CL_AGE.Y7T17,CL_COMP_BREAKDOWN._L_CSE_DOM,CL_UNIT_MEASURE.NUMBER,320
2018,CL_FREQ.A,CL_REPORTING_TYPE.N,CL_SERIES._L_KG_040101_1A,CL_AREA.KG,CL_SEX.M,CL_AGE.Y7T17,CL_COMP_BREAKDOWN._L_CSE_DOM,CL_UNIT_MEASURE.NUMBER,400
2005,CL_FREQ.A,CL_REPORTING_TYPE.N,CL_SERIES._L_KG_040101_1A,CL_AREA.KG,CL_SEX.M,CL_AGE.Y7T17,CL_COMP_BREAKDOWN._L_CSE_UNWILL,CL_UNIT_MEASURE.NUMBER,222
2006,CL_FREQ.A,CL_REPORTING_TYPE.N,CL_SERIES._L_KG_040101_1A,CL_AREA.KG,CL_SEX.M,CL_AGE.Y7T17,CL_COMP_BREAKDOWN._L_CSE_UNWILL,CL_UNIT_MEASURE.NUMBER,142
2007,CL_FREQ.A,CL_REPORTING_TYPE.N,CL_SERIES._L_KG_040101_1A,CL_AREA.KG,CL_SEX.M,CL_AGE.Y7T17,CL_COMP_BREAKDOWN._L_CSE_UNWILL,CL_UNIT_MEASURE.NUMBER,127
2008,CL_FREQ.A,CL_REPORTING_TYPE.N,CL_SERIES._L_KG_040101_1A,CL_AREA.KG,CL_SEX.M,CL_AGE.Y7T17,CL_COMP_BREAKDOWN._L_CSE_UNWILL,CL_UNIT_MEASURE.NUMBER,123
2009,CL_FREQ.A,CL_REPORTING_TYPE.N,CL_SERIES._L_KG_040101_1A,CL_AREA.KG,CL_SEX.M,CL_AGE.Y7T17,CL_COMP_BREAKDOWN._L_CSE_UNWILL,CL_UNIT_MEASURE.NUMBER,124
2010,CL_FREQ.A,CL_REPORTING_TYPE.N,CL_SERIES._L_KG_040101_1A,CL_AREA.KG,CL_SEX.M,CL_AGE.Y7T17,CL_COMP_BREAKDOWN._L_CSE_UNWILL,CL_UNIT_MEASURE.NUMBER,203
2011,CL_FREQ.A,CL_REPORTING_TYPE.N,CL_SERIES._L_KG_040101_1A,CL_AREA.KG,CL_SEX.M,CL_AGE.Y7T17,CL_COMP_BREAKDOWN._L_CSE_UNWILL,CL_UNIT_MEASURE.NUMBER,131
2012,CL_FREQ.A,CL_REPORTING_TYPE.N,CL_SERIES._L_KG_040101_1A,CL_AREA.KG,CL_SEX.M,CL_AGE.Y7T17,CL_COMP_BREAKDOWN._L_CSE_UNWILL,CL_UNIT_MEASURE.NUMBER,115
2013,CL_FREQ.A,CL_REPORTING_TYPE.N,CL_SERIES._L_KG_040101_1A,CL_AREA.KG,CL_SEX.M,CL_AGE.Y7T17,CL_COMP_BREAKDOWN._L_CSE_UNWILL,CL_UNIT_MEASURE.NUMBER,69
2014,CL_FREQ.A,CL_REPORTING_TYPE.N,CL_SERIES._L_KG_040101_1A,CL_AREA.KG,CL_SEX.M,CL_AGE.Y7T17,CL_COMP_BREAKDOWN._L_CSE_UNWILL,CL_UNIT_MEASURE.NUMBER,61
2015,CL_FREQ.A,CL_REPORTING_TYPE.N,CL_SERIES._L_KG_040101_1A,CL_AREA.KG,CL_SEX.M,CL_AGE.Y7T17,CL_COMP_BREAKDOWN._L_CSE_UNWILL,CL_UNIT_MEASURE.NUMBER,38
2016,CL_FREQ.A,CL_REPORTING_TYPE.N,CL_SERIES._L_KG_040101_1A,CL_AREA.KG,CL_SEX.M,CL_AGE.Y7T17,CL_COMP_BREAKDOWN._L_CSE_UNWILL,CL_UNIT_MEASURE.NUMBER,26
2017,CL_FREQ.A,CL_REPORTING_TYPE.N,CL_SERIES._L_KG_040101_1A,CL_AREA.KG,CL_SEX.M,CL_AGE.Y7T17,CL_COMP_BREAKDOWN._L_CSE_UNWILL,CL_UNIT_MEASURE.NUMBER,29
2018,CL_FREQ.A,CL_REPORTING_TYPE.N,CL_SERIES._L_KG_040101_1A,CL_AREA.KG,CL_SEX.M,CL_AGE.Y7T17,CL_COMP_BREAKDOWN._L_CSE_UNWILL,CL_UNIT_MEASURE.NUMBER,66
2005,CL_FREQ.A,CL_REPORTING_TYPE.N,CL_SERIES._L_KG_040101_1A,CL_AREA.KG,CL_SEX.M,CL_AGE.Y7T17,CL_COMP_BREAKDOWN._L_CSE_FAMILY,CL_UNIT_MEASURE.NUMBER,87
2006,CL_FREQ.A,CL_REPORTING_TYPE.N,CL_SERIES._L_KG_040101_1A,CL_AREA.KG,CL_SEX.M,CL_AGE.Y7T17,CL_COMP_BREAKDOWN._L_CSE_FAMILY,CL_UNIT_MEASURE.NUMBER,65
2007,CL_FREQ.A,CL_REPORTING_TYPE.N,CL_SERIES._L_KG_040101_1A,CL_AREA.KG,CL_SEX.M,CL_AGE.Y7T17,CL_COMP_BREAKDOWN._L_CSE_FAMILY,CL_UNIT_MEASURE.NUMBER,72
2008,CL_FREQ.A,CL_REPORTING_TYPE.N,CL_SERIES._L_KG_040101_1A,CL_AREA.KG,CL_SEX.M,CL_AGE.Y7T17,CL_COMP_BREAKDOWN._L_CSE_FAMILY,CL_UNIT_MEASURE.NUMBER,64
2009,CL_FREQ.A,CL_REPORTING_TYPE.N,CL_SERIES._L_KG_040101_1A,CL_AREA.KG,CL_SEX.M,CL_AGE.Y7T17,CL_COMP_BREAKDOWN._L_CSE_FAMILY,CL_UNIT_MEASURE.NUMBER,15
2010,CL_FREQ.A,CL_REPORTING_TYPE.N,CL_SERIES._L_KG_040101_1A,CL_AREA.KG,CL_SEX.M,CL_AGE.Y7T17,CL_COMP_BREAKDOWN._L_CSE_FAMILY,CL_UNIT_MEASURE.NUMBER,27
2011,CL_FREQ.A,CL_REPORTING_TYPE.N,CL_SERIES._L_KG_040101_1A,CL_AREA.KG,CL_SEX.M,CL_AGE.Y7T17,CL_COMP_BREAKDOWN._L_CSE_FAMILY,CL_UNIT_MEASURE.NUMBER,40
2012,CL_FREQ.A,CL_REPORTING_TYPE.N,CL_SERIES._L_KG_040101_1A,CL_AREA.KG,CL_SEX.M,CL_AGE.Y7T17,CL_COMP_BREAKDOWN._L_CSE_FAMILY,CL_UNIT_MEASURE.NUMBER,23
2013,CL_FREQ.A,CL_REPORTING_TYPE.N,CL_SERIES._L_KG_040101_1A,CL_AREA.KG,CL_SEX.M,CL_AGE.Y7T17,CL_COMP_BREAKDOWN._L_CSE_FAMILY,CL_UNIT_MEASURE.NUMBER,14
2014,CL_FREQ.A,CL_REPORTING_TYPE.N,CL_SERIES._L_KG_040101_1A,CL_AREA.KG,CL_SEX.M,CL_AGE.Y7T17,CL_COMP_BREAKDOWN._L_CSE_FAMILY,CL_UNIT_MEASURE.NUMBER,7
2015,CL_FREQ.A,CL_REPORTING_TYPE.N,CL_SERIES._L_KG_040101_1A,CL_AREA.KG,CL_SEX.M,CL_AGE.Y7T17,CL_COMP_BREAKDOWN._L_CSE_FAMILY,CL_UNIT_MEASURE.NUMBER,8
2016,CL_FREQ.A,CL_REPORTING_TYPE.N,CL_SERIES._L_KG_040101_1A,CL_AREA.KG,CL_SEX.M,CL_AGE.Y7T17,CL_COMP_BREAKDOWN._L_CSE_FAMILY,CL_UNIT_MEASURE.NUMBER,8
2017,CL_FREQ.A,CL_REPORTING_TYPE.N,CL_SERIES._L_KG_040101_1A,CL_AREA.KG,CL_SEX.M,CL_AGE.Y7T17,CL_COMP_BREAKDOWN._L_CSE_FAMILY,CL_UNIT_MEASURE.NUMBER,9
2018,CL_FREQ.A,CL_REPORTING_TYPE.N,CL_SERIES._L_KG_040101_1A,CL_AREA.KG,CL_SEX.M,CL_AGE.Y7T17,CL_COMP_BREAKDOWN._L_CSE_FAMILY,CL_UNIT_MEASURE.NUMBER,12
2005,CL_FREQ.A,CL_REPORTING_TYPE.N,CL_SERIES._L_KG_040101_1A,CL_AREA.KG,CL_SEX.M,CL_AGE.Y7T17,CL_COMP_BREAKDOWN._L_CSE_NOLANG,CL_UNIT_MEASURE.NUMBER,11
2006,CL_FREQ.A,CL_REPORTING_TYPE.N,CL_SERIES._L_KG_040101_1A,CL_AREA.KG,CL_SEX.M,CL_AGE.Y7T17,CL_COMP_BREAKDOWN._L_CSE_NOLANG,CL_UNIT_MEASURE.NUMBER,9
2007,CL_FREQ.A,CL_REPORTING_TYPE.N,CL_SERIES._L_KG_040101_1A,CL_AREA.KG,CL_SEX.M,CL_AGE.Y7T17,CL_COMP_BREAKDOWN._L_CSE_NOLANG,CL_UNIT_MEASURE.NUMBER,1
2008,CL_FREQ.A,CL_REPORTING_TYPE.N,CL_SERIES._L_KG_040101_1A,CL_AREA.KG,CL_SEX.M,CL_AGE.Y7T17,CL_COMP_BREAKDOWN._L_CSE_NOLANG,CL_UNIT_MEASURE.NUMBER,3
2009,CL_FREQ.A,CL_REPORTING_TYPE.N,CL_SERIES._L_KG_040101_1A,CL_AREA.KG,CL_SEX.M,CL_AGE.Y7T17,CL_COMP_BREAKDOWN._L_CSE_NOLANG,CL_UNIT_MEASURE.NUMBER,16
2010,CL_FREQ.A,CL_REPORTING_TYPE.N,CL_SERIES._L_KG_040101_1A,CL_AREA.KG,CL_SEX.M,CL_AGE.Y7T17,CL_COMP_BREAKDOWN._L_CSE_NOLANG,CL_UNIT_MEASURE.NUMBER,9
2011,CL_FREQ.A,CL_REPORTING_TYPE.N,CL_SERIES._L_KG_040101_1A,CL_AREA.KG,CL_SEX.M,CL_AGE.Y7T17,CL_COMP_BREAKDOWN._L_CSE_NOLANG,CL_UNIT_MEASURE.NUMBER,4
2012,CL_FREQ.A,CL_REPORTING_TYPE.N,CL_SERIES._L_KG_040101_1A,CL_AREA.KG,CL_SEX.M,CL_AGE.Y7T17,CL_COMP_BREAKDOWN._L_CSE_NOLANG,CL_UNIT_MEASURE.NUMBER,4
2013,CL_FREQ.A,CL_REPORTING_TYPE.N,CL_SERIES._L_KG_040101_1A,CL_AREA.KG,CL_SEX.M,CL_AGE.Y7T17,CL_COMP_BREAKDOWN._L_CSE_NOLANG,CL_UNIT_MEASURE.NUMBER,6
2018,CL_FREQ.A,CL_REPORTING_TYPE.N,CL_SERIES._L_KG_040101_1A,CL_AREA.KG,CL_SEX.M,CL_AGE.Y7T17,CL_COMP_BREAKDOWN._L_CSE_NOLANG,CL_UNIT_MEASURE.NUMBER,0
2014,CL_FREQ.A,CL_REPORTING_TYPE.N,CL_SERIES._L_KG_040101_1A,CL_AREA.KG,CL_SEX.M,CL_AGE.Y7T17,CL_COMP_BREAKDOWN._L_CSE_MARR,CL_UNIT_MEASURE.NUMBER,3
2005,CL_FREQ.A,CL_REPORTING_TYPE.N,CL_SERIES._L_KG_040101_1A,CL_AREA.KG,CL_SEX.M,CL_AGE.Y7T17,CL_COMP_BREAKDOWN._L_CSE_WORK,CL_UNIT_MEASURE.NUMBER,102
2006,CL_FREQ.A,CL_REPORTING_TYPE.N,CL_SERIES._L_KG_040101_1A,CL_AREA.KG,CL_SEX.M,CL_AGE.Y7T17,CL_COMP_BREAKDOWN._L_CSE_WORK,CL_UNIT_MEASURE.NUMBER,218
2007,CL_FREQ.A,CL_REPORTING_TYPE.N,CL_SERIES._L_KG_040101_1A,CL_AREA.KG,CL_SEX.M,CL_AGE.Y7T17,CL_COMP_BREAKDOWN._L_CSE_WORK,CL_UNIT_MEASURE.NUMBER,204
2008,CL_FREQ.A,CL_REPORTING_TYPE.N,CL_SERIES._L_KG_040101_1A,CL_AREA.KG,CL_SEX.M,CL_AGE.Y7T17,CL_COMP_BREAKDOWN._L_CSE_WORK,CL_UNIT_MEASURE.NUMBER,79
2009,CL_FREQ.A,CL_REPORTING_TYPE.N,CL_SERIES._L_KG_040101_1A,CL_AREA.KG,CL_SEX.M,CL_AGE.Y7T17,CL_COMP_BREAKDOWN._L_CSE_WORK,CL_UNIT_MEASURE.NUMBER,185
2010,CL_FREQ.A,CL_REPORTING_TYPE.N,CL_SERIES._L_KG_040101_1A,CL_AREA.KG,CL_SEX.M,CL_AGE.Y7T17,CL_COMP_BREAKDOWN._L_CSE_WORK,CL_UNIT_MEASURE.NUMBER,183
2011,CL_FREQ.A,CL_REPORTING_TYPE.N,CL_SERIES._L_KG_040101_1A,CL_AREA.KG,CL_SEX.M,CL_AGE.Y7T17,CL_COMP_BREAKDOWN._L_CSE_WORK,CL_UNIT_MEASURE.NUMBER,211
2012,CL_FREQ.A,CL_REPORTING_TYPE.N,CL_SERIES._L_KG_040101_1A,CL_AREA.KG,CL_SEX.M,CL_AGE.Y7T17,CL_COMP_BREAKDOWN._L_CSE_WORK,CL_UNIT_MEASURE.NUMBER,136
2013,CL_FREQ.A,CL_REPORTING_TYPE.N,CL_SERIES._L_KG_040101_1A,CL_AREA.KG,CL_SEX.M,CL_AGE.Y7T17,CL_COMP_BREAKDOWN._L_CSE_WORK,CL_UNIT_MEASURE.NUMBER,641
2014,CL_FREQ.A,CL_REPORTING_TYPE.N,CL_SERIES._L_KG_040101_1A,CL_AREA.KG,CL_SEX.M,CL_AGE.Y7T17,CL_COMP_BREAKDOWN._L_CSE_WORK,CL_UNIT_MEASURE.NUMBER,114
2015,CL_FREQ.A,CL_REPORTING_TYPE.N,CL_SERIES._L_KG_040101_1A,CL_AREA.KG,CL_SEX.M,CL_AGE.Y7T17,CL_COMP_BREAKDOWN._L_CSE_WORK,CL_UNIT_MEASURE.NUMBER,89
2016,CL_FREQ.A,CL_REPORTING_TYPE.N,CL_SERIES._L_KG_040101_1A,CL_AREA.KG,CL_SEX.M,CL_AGE.Y7T17,CL_COMP_BREAKDOWN._L_CSE_WORK,CL_UNIT_MEASURE.NUMBER,241
2017,CL_FREQ.A,CL_REPORTING_TYPE.N,CL_SERIES._L_KG_040101_1A,CL_AREA.KG,CL_SEX.M,CL_AGE.Y7T17,CL_COMP_BREAKDOWN._L_CSE_WORK,CL_UNIT_MEASURE.NUMBER,218
2018,CL_FREQ.A,CL_REPORTING_TYPE.N,CL_SERIES._L_KG_040101_1A,CL_AREA.KG,CL_SEX.M,CL_AGE.Y7T17,CL_COMP_BREAKDOWN._L_CSE_WORK,CL_UNIT_MEASURE.NUMBER,108
2013,CL_FREQ.A,CL_REPORTING_TYPE.N,CL_SERIES._L_KG_040101_1A,CL_AREA.KG,CL_SEX.M,CL_AGE.Y7T17,CL_COMP_BREAKDOWN._L_CSE_TRANSPORT,CL_UNIT_MEASURE.NUMBER,2
2014,CL_FREQ.A,CL_REPORTING_TYPE.N,CL_SERIES._L_KG_040101_1A,CL_AREA.KG,CL_SEX.M,CL_AGE.Y7T17,CL_COMP_BREAKDOWN._L_CSE_TRANSPORT,CL_UNIT_MEASURE.NUMBER,3
2016,CL_FREQ.A,CL_REPORTING_TYPE.N,CL_SERIES._L_KG_040101_1A,CL_AREA.KG,CL_SEX.M,CL_AGE.Y7T17,CL_COMP_BREAKDOWN._L_CSE_TRANSPORT,CL_UNIT_MEASURE.NUMBER,2
2018,CL_FREQ.A,CL_REPORTING_TYPE.N,CL_SERIES._L_KG_040101_1A,CL_AREA.KG,CL_SEX.M,CL_AGE.Y7T17,CL_COMP_BREAKDOWN._L_CSE_TRANSPORT,CL_UNIT_MEASURE.NUMBER,3
2013,CL_FREQ.A,CL_REPORTING_TYPE.N,CL_SERIES._L_KG_040101_1A,CL_AREA.KG,CL_SEX.M,CL_AGE.Y7T17,CL_COMP_BREAKDOWN._L_CSE_SEASWORK,CL_UNIT_MEASURE.NUMBER,19
2014,CL_FREQ.A,CL_REPORTING_TYPE.N,CL_SERIES._L_KG_040101_1A,CL_AREA.KG,CL_SEX.M,CL_AGE.Y7T17,CL_COMP_BREAKDOWN._L_CSE_SEASWORK,CL_UNIT_MEASURE.NUMBER,26
2015,CL_FREQ.A,CL_REPORTING_TYPE.N,CL_SERIES._L_KG_040101_1A,CL_AREA.KG,CL_SEX.M,CL_AGE.Y7T17,CL_COMP_BREAKDOWN._L_CSE_SEASWORK,CL_UNIT_MEASURE.NUMBER,98
2016,CL_FREQ.A,CL_REPORTING_TYPE.N,CL_SERIES._L_KG_040101_1A,CL_AREA.KG,CL_SEX.M,CL_AGE.Y7T17,CL_COMP_BREAKDOWN._L_CSE_SEASWORK,CL_UNIT_MEASURE.NUMBER,6
2017,CL_FREQ.A,CL_REPORTING_TYPE.N,CL_SERIES._L_KG_040101_1A,CL_AREA.KG,CL_SEX.M,CL_AGE.Y7T17,CL_COMP_BREAKDOWN._L_CSE_SEASWORK,CL_UNIT_MEASURE.NUMBER,2
2018,CL_FREQ.A,CL_REPORTING_TYPE.N,CL_SERIES._L_KG_040101_1A,CL_AREA.KG,CL_SEX.M,CL_AGE.Y7T17,CL_COMP_BREAKDOWN._L_CSE_SEASWORK,CL_UNIT_MEASURE.NUMBER,11
2013,CL_FREQ.A,CL_REPORTING_TYPE.N,CL_SERIES._L_KG_040101_1A,CL_AREA.KG,CL_SEX.M,CL_AGE.Y7T17,CL_COMP_BREAKDOWN._L_CSE_AGE,CL_UNIT_MEASURE.NUMBER,2
2014,CL_FREQ.A,CL_REPORTING_TYPE.N,CL_SERIES._L_KG_040101_1A,CL_AREA.KG,CL_SEX.M,CL_AGE.Y7T17,CL_COMP_BREAKDOWN._L_CSE_AGE,CL_UNIT_MEASURE.NUMBER,5
2015,CL_FREQ.A,CL_REPORTING_TYPE.N,CL_SERIES._L_KG_040101_1A,CL_AREA.KG,CL_SEX.M,CL_AGE.Y7T17,CL_COMP_BREAKDOWN._L_CSE_AGE,CL_UNIT_MEASURE.NUMBER,0
2016,CL_FREQ.A,CL_REPORTING_TYPE.N,CL_SERIES._L_KG_040101_1A,CL_AREA.KG,CL_SEX.M,CL_AGE.Y7T17,CL_COMP_BREAKDOWN._L_CSE_AGE,CL_UNIT_MEASURE.NUMBER,1
2018,CL_FREQ.A,CL_REPORTING_TYPE.N,CL_SERIES._L_KG_040101_1A,CL_AREA.KG,CL_SEX.M,CL_AGE.Y7T17,CL_COMP_BREAKDOWN._L_CSE_AGE,CL_UNIT_MEASURE.NUMBER,20
2005,CL_FREQ.A,CL_REPORTING_TYPE.N,CL_SERIES._L_KG_040101_1A,CL_AREA.KG,CL_SEX.M,CL_AGE.Y7T17,CL_COMP_BREAKDOWN._L_CSE_SICK,CL_UNIT_MEASURE.NUMBER,310
2006,CL_FREQ.A,CL_REPORTING_TYPE.N,CL_SERIES._L_KG_040101_1A,CL_AREA.KG,CL_SEX.M,CL_AGE.Y7T17,CL_COMP_BREAKDOWN._L_CSE_SICK,CL_UNIT_MEASURE.NUMBER,271
2007,CL_FREQ.A,CL_REPORTING_TYPE.N,CL_SERIES._L_KG_040101_1A,CL_AREA.KG,CL_SEX.M,CL_AGE.Y7T17,CL_COMP_BREAKDOWN._L_CSE_SICK,CL_UNIT_MEASURE.NUMBER,301
2008,CL_FREQ.A,CL_REPORTING_TYPE.N,CL_SERIES._L_KG_040101_1A,CL_AREA.KG,CL_SEX.M,CL_AGE.Y7T17,CL_COMP_BREAKDOWN._L_CSE_SICK,CL_UNIT_MEASURE.NUMBER,153
2009,CL_FREQ.A,CL_REPORTING_TYPE.N,CL_SERIES._L_KG_040101_1A,CL_AREA.KG,CL_SEX.M,CL_AGE.Y7T17,CL_COMP_BREAKDOWN._L_CSE_SICK,CL_UNIT_MEASURE.NUMBER,230
2010,CL_FREQ.A,CL_REPORTING_TYPE.N,CL_SERIES._L_KG_040101_1A,CL_AREA.KG,CL_SEX.M,CL_AGE.Y7T17,CL_COMP_BREAKDOWN._L_CSE_SICK,CL_UNIT_MEASURE.NUMBER,381
2011,CL_FREQ.A,CL_REPORTING_TYPE.N,CL_SERIES._L_KG_040101_1A,CL_AREA.KG,CL_SEX.M,CL_AGE.Y7T17,CL_COMP_BREAKDOWN._L_CSE_SICK,CL_UNIT_MEASURE.NUMBER,297
2012,CL_FREQ.A,CL_REPORTING_TYPE.N,CL_SERIES._L_KG_040101_1A,CL_AREA.KG,CL_SEX.M,CL_AGE.Y7T17,CL_COMP_BREAKDOWN._L_CSE_SICK,CL_UNIT_MEASURE.NUMBER,271
2013,CL_FREQ.A,CL_REPORTING_TYPE.N,CL_SERIES._L_KG_040101_1A,CL_AREA.KG,CL_SEX.M,CL_AGE.Y7T17,CL_COMP_BREAKDOWN._L_CSE_SICK,CL_UNIT_MEASURE.NUMBER,44
2014,CL_FREQ.A,CL_REPORTING_TYPE.N,CL_SERIES._L_KG_040101_1A,CL_AREA.KG,CL_SEX.M,CL_AGE.Y7T17,CL_COMP_BREAKDOWN._L_CSE_SICK,CL_UNIT_MEASURE.NUMBER,55
2015,CL_FREQ.A,CL_REPORTING_TYPE.N,CL_SERIES._L_KG_040101_1A,CL_AREA.KG,CL_SEX.M,CL_AGE.Y7T17,CL_COMP_BREAKDOWN._L_CSE_SICK,CL_UNIT_MEASURE.NUMBER,24
2016,CL_FREQ.A,CL_REPORTING_TYPE.N,CL_SERIES._L_KG_040101_1A,CL_AREA.KG,CL_SEX.M,CL_AGE.Y7T17,CL_COMP_BREAKDOWN._L_CSE_SICK,CL_UNIT_MEASURE.NUMBER,39
2017,CL_FREQ.A,CL_REPORTING_TYPE.N,CL_SERIES._L_KG_040101_1A,CL_AREA.KG,CL_SEX.M,CL_AGE.Y7T17,CL_COMP_BREAKDOWN._L_CSE_SICK,CL_UNIT_MEASURE.NUMBER,27
2018,CL_FREQ.A,CL_REPORTING_TYPE.N,CL_SERIES._L_KG_040101_1A,CL_AREA.KG,CL_SEX.M,CL_AGE.Y7T17,CL_COMP_BREAKDOWN._L_CSE_SICK,CL_UNIT_MEASURE.NUMBER,44
2005,CL_FREQ.A,CL_REPORTING_TYPE.N,CL_SERIES._L_KG_040101_1A,CL_AREA.KG,CL_SEX.M,CL_AGE.Y7T17,CL_COMP_BREAKDOWN._L_CSE_DISAB,CL_UNIT_MEASURE.NUMBER,908
2006,CL_FREQ.A,CL_REPORTING_TYPE.N,CL_SERIES._L_KG_040101_1A,CL_AREA.KG,CL_SEX.M,CL_AGE.Y7T17,CL_COMP_BREAKDOWN._L_CSE_DISAB,CL_UNIT_MEASURE.NUMBER,812
2007,CL_FREQ.A,CL_REPORTING_TYPE.N,CL_SERIES._L_KG_040101_1A,CL_AREA.KG,CL_SEX.M,CL_AGE.Y7T17,CL_COMP_BREAKDOWN._L_CSE_DISAB,CL_UNIT_MEASURE.NUMBER,756
2008,CL_FREQ.A,CL_REPORTING_TYPE.N,CL_SERIES._L_KG_040101_1A,CL_AREA.KG,CL_SEX.M,CL_AGE.Y7T17,CL_COMP_BREAKDOWN._L_CSE_DISAB,CL_UNIT_MEASURE.NUMBER,541
2009,CL_FREQ.A,CL_REPORTING_TYPE.N,CL_SERIES._L_KG_040101_1A,CL_AREA.KG,CL_SEX.M,CL_AGE.Y7T17,CL_COMP_BREAKDOWN._L_CSE_DISAB,CL_UNIT_MEASURE.NUMBER,644
2010,CL_FREQ.A,CL_REPORTING_TYPE.N,CL_SERIES._L_KG_040101_1A,CL_AREA.KG,CL_SEX.M,CL_AGE.Y7T17,CL_COMP_BREAKDOWN._L_CSE_DISAB,CL_UNIT_MEASURE.NUMBER,611
2011,CL_FREQ.A,CL_REPORTING_TYPE.N,CL_SERIES._L_KG_040101_1A,CL_AREA.KG,CL_SEX.M,CL_AGE.Y7T17,CL_COMP_BREAKDOWN._L_CSE_DISAB,CL_UNIT_MEASURE.NUMBER,759
2012,CL_FREQ.A,CL_REPORTING_TYPE.N,CL_SERIES._L_KG_040101_1A,CL_AREA.KG,CL_SEX.M,CL_AGE.Y7T17,CL_COMP_BREAKDOWN._L_CSE_DISAB,CL_UNIT_MEASURE.NUMBER,599
2013,CL_FREQ.A,CL_REPORTING_TYPE.N,CL_SERIES._L_KG_040101_1A,CL_AREA.KG,CL_SEX.M,CL_AGE.Y7T17,CL_COMP_BREAKDOWN._L_CSE_DISAB,CL_UNIT_MEASURE.NUMBER,674
2014,CL_FREQ.A,CL_REPORTING_TYPE.N,CL_SERIES._L_KG_040101_1A,CL_AREA.KG,CL_SEX.M,CL_AGE.Y7T17,CL_COMP_BREAKDOWN._L_CSE_DISAB,CL_UNIT_MEASURE.NUMBER,736
2015,CL_FREQ.A,CL_REPORTING_TYPE.N,CL_SERIES._L_KG_040101_1A,CL_AREA.KG,CL_SEX.M,CL_AGE.Y7T17,CL_COMP_BREAKDOWN._L_CSE_DISAB,CL_UNIT_MEASURE.NUMBER,716
2016,CL_FREQ.A,CL_REPORTING_TYPE.N,CL_SERIES._L_KG_040101_1A,CL_AREA.KG,CL_SEX.M,CL_AGE.Y7T17,CL_COMP_BREAKDOWN._L_CSE_DISAB,CL_UNIT_MEASURE.NUMBER,755
2017,CL_FREQ.A,CL_REPORTING_TYPE.N,CL_SERIES._L_KG_040101_1A,CL_AREA.KG,CL_SEX.M,CL_AGE.Y7T17,CL_COMP_BREAKDOWN._L_CSE_DISAB,CL_UNIT_MEASURE.NUMBER,736
2018,CL_FREQ.A,CL_REPORTING_TYPE.N,CL_SERIES._L_KG_040101_1A,CL_AREA.KG,CL_SEX.M,CL_AGE.Y7T17,CL_COMP_BREAKDOWN._L_CSE_DISAB,CL_UNIT_MEASURE.NUMBER,811
2005,CL_FREQ.A,CL_REPORTING_TYPE.N,CL_SERIES._L_KG_040101_1A,CL_AREA.KG,CL_SEX.M,CL_AGE.Y7T17,CL_COMP_BREAKDOWN._L_CSE_OTHER,CL_UNIT_MEASURE.NUMBER,102
2006,CL_FREQ.A,CL_REPORTING_TYPE.N,CL_SERIES._L_KG_040101_1A,CL_AREA.KG,CL_SEX.M,CL_AGE.Y7T17,CL_COMP_BREAKDOWN._L_CSE_OTHER,CL_UNIT_MEASURE.NUMBER,147
2007,CL_FREQ.A,CL_REPORTING_TYPE.N,CL_SERIES._L_KG_040101_1A,CL_AREA.KG,CL_SEX.M,CL_AGE.Y7T17,CL_COMP_BREAKDOWN._L_CSE_OTHER,CL_UNIT_MEASURE.NUMBER,144
2008,CL_FREQ.A,CL_REPORTING_TYPE.N,CL_SERIES._L_KG_040101_1A,CL_AREA.KG,CL_SEX.M,CL_AGE.Y7T17,CL_COMP_BREAKDOWN._L_CSE_OTHER,CL_UNIT_MEASURE.NUMBER,88
2009,CL_FREQ.A,CL_REPORTING_TYPE.N,CL_SERIES._L_KG_040101_1A,CL_AREA.KG,CL_SEX.M,CL_AGE.Y7T17,CL_COMP_BREAKDOWN._L_CSE_OTHER,CL_UNIT_MEASURE.NUMBER,129
2010,CL_FREQ.A,CL_REPORTING_TYPE.N,CL_SERIES._L_KG_040101_1A,CL_AREA.KG,CL_SEX.M,CL_AGE.Y7T17,CL_COMP_BREAKDOWN._L_CSE_OTHER,CL_UNIT_MEASURE.NUMBER,241
2011,CL_FREQ.A,CL_REPORTING_TYPE.N,CL_SERIES._L_KG_040101_1A,CL_AREA.KG,CL_SEX.M,CL_AGE.Y7T17,CL_COMP_BREAKDOWN._L_CSE_OTHER,CL_UNIT_MEASURE.NUMBER,200
2012,CL_FREQ.A,CL_REPORTING_TYPE.N,CL_SERIES._L_KG_040101_1A,CL_AREA.KG,CL_SEX.M,CL_AGE.Y7T17,CL_COMP_BREAKDOWN._L_CSE_OTHER,CL_UNIT_MEASURE.NUMBER,174
2005,CL_FREQ.A,CL_REPORTING_TYPE.N,CL_SERIES._L_KG_040101_1A,CL_AREA.KG,CL_SEX.F,CL_AGE.Y7T17,,CL_UNIT_MEASURE.NUMBER,1360
2006,CL_FREQ.A,CL_REPORTING_TYPE.N,CL_SERIES._L_KG_040101_1A,CL_AREA.KG,CL_SEX.F,CL_AGE.Y7T17,,CL_UNIT_MEASURE.NUMBER,1448
2007,CL_FREQ.A,CL_REPORTING_TYPE.N,CL_SERIES._L_KG_040101_1A,CL_AREA.KG,CL_SEX.F,CL_AGE.Y7T17,,CL_UNIT_MEASURE.NUMBER,1303
2008,CL_FREQ.A,CL_REPORTING_TYPE.N,CL_SERIES._L_KG_040101_1A,CL_AREA.KG,CL_SEX.F,CL_AGE.Y7T17,,CL_UNIT_MEASURE.NUMBER,1122
2009,CL_FREQ.A,CL_REPORTING_TYPE.N,CL_SERIES._L_KG_040101_1A,CL_AREA.KG,CL_SEX.F,CL_AGE.Y7T17,,CL_UNIT_MEASURE.NUMBER,1207
2010,CL_FREQ.A,CL_REPORTING_TYPE.N,CL_SERIES._L_KG_040101_1A,CL_AREA.KG,CL_SEX.F,CL_AGE.Y7T17,,CL_UNIT_MEASURE.NUMBER,1454
2011,CL_FREQ.A,CL_REPORTING_TYPE.N,CL_SERIES._L_KG_040101_1A,CL_AREA.KG,CL_SEX.F,CL_AGE.Y7T17,,CL_UNIT_MEASURE.NUMBER,1575
2012,CL_FREQ.A,CL_REPORTING_TYPE.N,CL_SERIES._L_KG_040101_1A,CL_AREA.KG,CL_SEX.F,CL_AGE.Y7T17,,CL_UNIT_MEASURE.NUMBER,1265
2013,CL_FREQ.A,CL_REPORTING_TYPE.N,CL_SERIES._L_KG_040101_1A,CL_AREA.KG,CL_SEX.F,CL_AGE.Y7T17,,CL_UNIT_MEASURE.NUMBER,1193
2014,CL_FREQ.A,CL_REPORTING_TYPE.N,CL_SERIES._L_KG_040101_1A,CL_AREA.KG,CL_SEX.F,CL_AGE.Y7T17,,CL_UNIT_MEASURE.NUMBER,1170
2015,CL_FREQ.A,CL_REPORTING_TYPE.N,CL_SERIES._L_KG_040101_1A,CL_AREA.KG,CL_SEX.F,CL_AGE.Y7T17,,CL_UNIT_MEASURE.NUMBER,972
2016,CL_FREQ.A,CL_REPORTING_TYPE.N,CL_SERIES._L_KG_040101_1A,CL_AREA.KG,CL_SEX.F,CL_AGE.Y7T17,,CL_UNIT_MEASURE.NUMBER,1107
2017,CL_FREQ.A,CL_REPORTING_TYPE.N,CL_SERIES._L_KG_040101_1A,CL_AREA.KG,CL_SEX.F,CL_AGE.Y7T17,,CL_UNIT_MEASURE.NUMBER,1149
2018,CL_FREQ.A,CL_REPORTING_TYPE.N,CL_SERIES._L_KG_040101_1A,CL_AREA.KG,CL_SEX.F,CL_AGE.Y7T17,,CL_UNIT_MEASURE.NUMBER,1204
2005,CL_FREQ.A,CL_REPORTING_TYPE.N,CL_SERIES._L_KG_040101_1A,CL_AREA.KG,CL_SEX.F,CL_AGE.Y7T17,CL_COMP_BREAKDOWN._L_CSE_MATDIFF,CL_UNIT_MEASURE.NUMBER,137
2006,CL_FREQ.A,CL_REPORTING_TYPE.N,CL_SERIES._L_KG_040101_1A,CL_AREA.KG,CL_SEX.F,CL_AGE.Y7T17,CL_COMP_BREAKDOWN._L_CSE_MATDIFF,CL_UNIT_MEASURE.NUMBER,120
2007,CL_FREQ.A,CL_REPORTING_TYPE.N,CL_SERIES._L_KG_040101_1A,CL_AREA.KG,CL_SEX.F,CL_AGE.Y7T17,CL_COMP_BREAKDOWN._L_CSE_MATDIFF,CL_UNIT_MEASURE.NUMBER,101
2008,CL_FREQ.A,CL_REPORTING_TYPE.N,CL_SERIES._L_KG_040101_1A,CL_AREA.KG,CL_SEX.F,CL_AGE.Y7T17,CL_COMP_BREAKDOWN._L_CSE_MATDIFF,CL_UNIT_MEASURE.NUMBER,91
2009,CL_FREQ.A,CL_REPORTING_TYPE.N,CL_SERIES._L_KG_040101_1A,CL_AREA.KG,CL_SEX.F,CL_AGE.Y7T17,CL_COMP_BREAKDOWN._L_CSE_MATDIFF,CL_UNIT_MEASURE.NUMBER,78
2010,CL_FREQ.A,CL_REPORTING_TYPE.N,CL_SERIES._L_KG_040101_1A,CL_AREA.KG,CL_SEX.F,CL_AGE.Y7T17,CL_COMP_BREAKDOWN._L_CSE_MATDIFF,CL_UNIT_MEASURE.NUMBER,61
2011,CL_FREQ.A,CL_REPORTING_TYPE.N,CL_SERIES._L_KG_040101_1A,CL_AREA.KG,CL_SEX.F,CL_AGE.Y7T17,CL_COMP_BREAKDOWN._L_CSE_MATDIFF,CL_UNIT_MEASURE.NUMBER,133
2012,CL_FREQ.A,CL_REPORTING_TYPE.N,CL_SERIES._L_KG_040101_1A,CL_AREA.KG,CL_SEX.F,CL_AGE.Y7T17,CL_COMP_BREAKDOWN._L_CSE_MATDIFF,CL_UNIT_MEASURE.NUMBER,97
2013,CL_FREQ.A,CL_REPORTING_TYPE.N,CL_SERIES._L_KG_040101_1A,CL_AREA.KG,CL_SEX.F,CL_AGE.Y7T17,CL_COMP_BREAKDOWN._L_CSE_MATDIFF,CL_UNIT_MEASURE.NUMBER,44
2014,CL_FREQ.A,CL_REPORTING_TYPE.N,CL_SERIES._L_KG_040101_1A,CL_AREA.KG,CL_SEX.F,CL_AGE.Y7T17,CL_COMP_BREAKDOWN._L_CSE_MATDIFF,CL_UNIT_MEASURE.NUMBER,106
2015,CL_FREQ.A,CL_REPORTING_TYPE.N,CL_SERIES._L_KG_040101_1A,CL_AREA.KG,CL_SEX.F,CL_AGE.Y7T17,CL_COMP_BREAKDOWN._L_CSE_MATDIFF,CL_UNIT_MEASURE.NUMBER,49
2016,CL_FREQ.A,CL_REPORTING_TYPE.N,CL_SERIES._L_KG_040101_1A,CL_AREA.KG,CL_SEX.F,CL_AGE.Y7T17,CL_COMP_BREAKDOWN._L_CSE_MATDIFF,CL_UNIT_MEASURE.NUMBER,90
2017,CL_FREQ.A,CL_REPORTING_TYPE.N,CL_SERIES._L_KG_040101_1A,CL_AREA.KG,CL_SEX.F,CL_AGE.Y7T17,CL_COMP_BREAKDOWN._L_CSE_MATDIFF,CL_UNIT_MEASURE.NUMBER,147
2018,CL_FREQ.A,CL_REPORTING_TYPE.N,CL_SERIES._L_KG_040101_1A,CL_AREA.KG,CL_SEX.F,CL_AGE.Y7T17,CL_COMP_BREAKDOWN._L_CSE_MATDIFF,CL_UNIT_MEASURE.NUMBER,118
2005,CL_FREQ.A,CL_REPORTING_TYPE.N,CL_SERIES._L_KG_040101_1A,CL_AREA.KG,CL_SEX.F,CL_AGE.Y7T17,CL_COMP_BREAKDOWN._L_CSE_PARENTS,CL_UNIT_MEASURE.NUMBER,41
2006,CL_FREQ.A,CL_REPORTING_TYPE.N,CL_SERIES._L_KG_040101_1A,CL_AREA.KG,CL_SEX.F,CL_AGE.Y7T17,CL_COMP_BREAKDOWN._L_CSE_PARENTS,CL_UNIT_MEASURE.NUMBER,86
2007,CL_FREQ.A,CL_REPORTING_TYPE.N,CL_SERIES._L_KG_040101_1A,CL_AREA.KG,CL_SEX.F,CL_AGE.Y7T17,CL_COMP_BREAKDOWN._L_CSE_PARENTS,CL_UNIT_MEASURE.NUMBER,64
2008,CL_FREQ.A,CL_REPORTING_TYPE.N,CL_SERIES._L_KG_040101_1A,CL_AREA.KG,CL_SEX.F,CL_AGE.Y7T17,CL_COMP_BREAKDOWN._L_CSE_PARENTS,CL_UNIT_MEASURE.NUMBER,65
2009,CL_FREQ.A,CL_REPORTING_TYPE.N,CL_SERIES._L_KG_040101_1A,CL_AREA.KG,CL_SEX.F,CL_AGE.Y7T17,CL_COMP_BREAKDOWN._L_CSE_PARENTS,CL_UNIT_MEASURE.NUMBER,46
2010,CL_FREQ.A,CL_REPORTING_TYPE.N,CL_SERIES._L_KG_040101_1A,CL_AREA.KG,CL_SEX.F,CL_AGE.Y7T17,CL_COMP_BREAKDOWN._L_CSE_PARENTS,CL_UNIT_MEASURE.NUMBER,114
2011,CL_FREQ.A,CL_REPORTING_TYPE.N,CL_SERIES._L_KG_040101_1A,CL_AREA.KG,CL_SEX.F,CL_AGE.Y7T17,CL_COMP_BREAKDOWN._L_CSE_PARENTS,CL_UNIT_MEASURE.NUMBER,77
2012,CL_FREQ.A,CL_REPORTING_TYPE.N,CL_SERIES._L_KG_040101_1A,CL_AREA.KG,CL_SEX.F,CL_AGE.Y7T17,CL_COMP_BREAKDOWN._L_CSE_PARENTS,CL_UNIT_MEASURE.NUMBER,24
2013,CL_FREQ.A,CL_REPORTING_TYPE.N,CL_SERIES._L_KG_040101_1A,CL_AREA.KG,CL_SEX.F,CL_AGE.Y7T17,CL_COMP_BREAKDOWN._L_CSE_PARENTS,CL_UNIT_MEASURE.NUMBER,32
2014,CL_FREQ.A,CL_REPORTING_TYPE.N,CL_SERIES._L_KG_040101_1A,CL_AREA.KG,CL_SEX.F,CL_AGE.Y7T17,CL_COMP_BREAKDOWN._L_CSE_PARENTS,CL_UNIT_MEASURE.NUMBER,7
2015,CL_FREQ.A,CL_REPORTING_TYPE.N,CL_SERIES._L_KG_040101_1A,CL_AREA.KG,CL_SEX.F,CL_AGE.Y7T17,CL_COMP_BREAKDOWN._L_CSE_PARENTS,CL_UNIT_MEASURE.NUMBER,19
2016,CL_FREQ.A,CL_REPORTING_TYPE.N,CL_SERIES._L_KG_040101_1A,CL_AREA.KG,CL_SEX.F,CL_AGE.Y7T17,CL_COMP_BREAKDOWN._L_CSE_PARENTS,CL_UNIT_MEASURE.NUMBER,18
2017,CL_FREQ.A,CL_REPORTING_TYPE.N,CL_SERIES._L_KG_040101_1A,CL_AREA.KG,CL_SEX.F,CL_AGE.Y7T17,CL_COMP_BREAKDOWN._L_CSE_PARENTS,CL_UNIT_MEASURE.NUMBER,22
2018,CL_FREQ.A,CL_REPORTING_TYPE.N,CL_SERIES._L_KG_040101_1A,CL_AREA.KG,CL_SEX.F,CL_AGE.Y7T17,CL_COMP_BREAKDOWN._L_CSE_PARENTS,CL_UNIT_MEASURE.NUMBER,30
2013,CL_FREQ.A,CL_REPORTING_TYPE.N,CL_SERIES._L_KG_040101_1A,CL_AREA.KG,CL_SEX.F,CL_AGE.Y7T17,CL_COMP_BREAKDOWN._L_CSE_NODOC,CL_UNIT_MEASURE.NUMBER,5
2015,CL_FREQ.A,CL_REPORTING_TYPE.N,CL_SERIES._L_KG_040101_1A,CL_AREA.KG,CL_SEX.F,CL_AGE.Y7T17,CL_COMP_BREAKDOWN._L_CSE_NODOC,CL_UNIT_MEASURE.NUMBER,3
2016,CL_FREQ.A,CL_REPORTING_TYPE.N,CL_SERIES._L_KG_040101_1A,CL_AREA.KG,CL_SEX.F,CL_AGE.Y7T17,CL_COMP_BREAKDOWN._L_CSE_NODOC,CL_UNIT_MEASURE.NUMBER,6
2005,CL_FREQ.A,CL_REPORTING_TYPE.N,CL_SERIES._L_KG_040101_1A,CL_AREA.KG,CL_SEX.F,CL_AGE.Y7T17,CL_COMP_BREAKDOWN._L_CSE_DOM,CL_UNIT_MEASURE.NUMBER,116
2006,CL_FREQ.A,CL_REPORTING_TYPE.N,CL_SERIES._L_KG_040101_1A,CL_AREA.KG,CL_SEX.F,CL_AGE.Y7T17,CL_COMP_BREAKDOWN._L_CSE_DOM,CL_UNIT_MEASURE.NUMBER,94
2007,CL_FREQ.A,CL_REPORTING_TYPE.N,CL_SERIES._L_KG_040101_1A,CL_AREA.KG,CL_SEX.F,CL_AGE.Y7T17,CL_COMP_BREAKDOWN._L_CSE_DOM,CL_UNIT_MEASURE.NUMBER,83
2008,CL_FREQ.A,CL_REPORTING_TYPE.N,CL_SERIES._L_KG_040101_1A,CL_AREA.KG,CL_SEX.F,CL_AGE.Y7T17,CL_COMP_BREAKDOWN._L_CSE_DOM,CL_UNIT_MEASURE.NUMBER,317
2009,CL_FREQ.A,CL_REPORTING_TYPE.N,CL_SERIES._L_KG_040101_1A,CL_AREA.KG,CL_SEX.F,CL_AGE.Y7T17,CL_COMP_BREAKDOWN._L_CSE_DOM,CL_UNIT_MEASURE.NUMBER,215
2010,CL_FREQ.A,CL_REPORTING_TYPE.N,CL_SERIES._L_KG_040101_1A,CL_AREA.KG,CL_SEX.F,CL_AGE.Y7T17,CL_COMP_BREAKDOWN._L_CSE_DOM,CL_UNIT_MEASURE.NUMBER,237
2011,CL_FREQ.A,CL_REPORTING_TYPE.N,CL_SERIES._L_KG_040101_1A,CL_AREA.KG,CL_SEX.F,CL_AGE.Y7T17,CL_COMP_BREAKDOWN._L_CSE_DOM,CL_UNIT_MEASURE.NUMBER,286
2012,CL_FREQ.A,CL_REPORTING_TYPE.N,CL_SERIES._L_KG_040101_1A,CL_AREA.KG,CL_SEX.F,CL_AGE.Y7T17,CL_COMP_BREAKDOWN._L_CSE_DOM,CL_UNIT_MEASURE.NUMBER,230
2013,CL_FREQ.A,CL_REPORTING_TYPE.N,CL_SERIES._L_KG_040101_1A,CL_AREA.KG,CL_SEX.F,CL_AGE.Y7T17,CL_COMP_BREAKDOWN._L_CSE_DOM,CL_UNIT_MEASURE.NUMBER,89
2014,CL_FREQ.A,CL_REPORTING_TYPE.N,CL_SERIES._L_KG_040101_1A,CL_AREA.KG,CL_SEX.F,CL_AGE.Y7T17,CL_COMP_BREAKDOWN._L_CSE_DOM,CL_UNIT_MEASURE.NUMBER,299
2015,CL_FREQ.A,CL_REPORTING_TYPE.N,CL_SERIES._L_KG_040101_1A,CL_AREA.KG,CL_SEX.F,CL_AGE.Y7T17,CL_COMP_BREAKDOWN._L_CSE_DOM,CL_UNIT_MEASURE.NUMBER,132
2016,CL_FREQ.A,CL_REPORTING_TYPE.N,CL_SERIES._L_KG_040101_1A,CL_AREA.KG,CL_SEX.F,CL_AGE.Y7T17,CL_COMP_BREAKDOWN._L_CSE_DOM,CL_UNIT_MEASURE.NUMBER,194
2017,CL_FREQ.A,CL_REPORTING_TYPE.N,CL_SERIES._L_KG_040101_1A,CL_AREA.KG,CL_SEX.F,CL_AGE.Y7T17,CL_COMP_BREAKDOWN._L_CSE_DOM,CL_UNIT_MEASURE.NUMBER,220
2018,CL_FREQ.A,CL_REPORTING_TYPE.N,CL_SERIES._L_KG_040101_1A,CL_AREA.KG,CL_SEX.F,CL_AGE.Y7T17,CL_COMP_BREAKDOWN._L_CSE_DOM,CL_UNIT_MEASURE.NUMBER,272
2005,CL_FREQ.A,CL_REPORTING_TYPE.N,CL_SERIES._L_KG_040101_1A,CL_AREA.KG,CL_SEX.F,CL_AGE.Y7T17,CL_COMP_BREAKDOWN._L_CSE_UNWILL,CL_UNIT_MEASURE.NUMBER,64
2006,CL_FREQ.A,CL_REPORTING_TYPE.N,CL_SERIES._L_KG_040101_1A,CL_AREA.KG,CL_SEX.F,CL_AGE.Y7T17,CL_COMP_BREAKDOWN._L_CSE_UNWILL,CL_UNIT_MEASURE.NUMBER,75
2007,CL_FREQ.A,CL_REPORTING_TYPE.N,CL_SERIES._L_KG_040101_1A,CL_AREA.KG,CL_SEX.F,CL_AGE.Y7T17,CL_COMP_BREAKDOWN._L_CSE_UNWILL,CL_UNIT_MEASURE.NUMBER,55
2008,CL_FREQ.A,CL_REPORTING_TYPE.N,CL_SERIES._L_KG_040101_1A,CL_AREA.KG,CL_SEX.F,CL_AGE.Y7T17,CL_COMP_BREAKDOWN._L_CSE_UNWILL,CL_UNIT_MEASURE.NUMBER,64
2009,CL_FREQ.A,CL_REPORTING_TYPE.N,CL_SERIES._L_KG_040101_1A,CL_AREA.KG,CL_SEX.F,CL_AGE.Y7T17,CL_COMP_BREAKDOWN._L_CSE_UNWILL,CL_UNIT_MEASURE.NUMBER,78
2010,CL_FREQ.A,CL_REPORTING_TYPE.N,CL_SERIES._L_KG_040101_1A,CL_AREA.KG,CL_SEX.F,CL_AGE.Y7T17,CL_COMP_BREAKDOWN._L_CSE_UNWILL,CL_UNIT_MEASURE.NUMBER,127
2011,CL_FREQ.A,CL_REPORTING_TYPE.N,CL_SERIES._L_KG_040101_1A,CL_AREA.KG,CL_SEX.F,CL_AGE.Y7T17,CL_COMP_BREAKDOWN._L_CSE_UNWILL,CL_UNIT_MEASURE.NUMBER,46
2012,CL_FREQ.A,CL_REPORTING_TYPE.N,CL_SERIES._L_KG_040101_1A,CL_AREA.KG,CL_SEX.F,CL_AGE.Y7T17,CL_COMP_BREAKDOWN._L_CSE_UNWILL,CL_UNIT_MEASURE.NUMBER,31
2013,CL_FREQ.A,CL_REPORTING_TYPE.N,CL_SERIES._L_KG_040101_1A,CL_AREA.KG,CL_SEX.F,CL_AGE.Y7T17,CL_COMP_BREAKDOWN._L_CSE_UNWILL,CL_UNIT_MEASURE.NUMBER,46
2014,CL_FREQ.A,CL_REPORTING_TYPE.N,CL_SERIES._L_KG_040101_1A,CL_AREA.KG,CL_SEX.F,CL_AGE.Y7T17,CL_COMP_BREAKDOWN._L_CSE_UNWILL,CL_UNIT_MEASURE.NUMBER,49
2015,CL_FREQ.A,CL_REPORTING_TYPE.N,CL_SERIES._L_KG_040101_1A,CL_AREA.KG,CL_SEX.F,CL_AGE.Y7T17,CL_COMP_BREAKDOWN._L_CSE_UNWILL,CL_UNIT_MEASURE.NUMBER,41
2016,CL_FREQ.A,CL_REPORTING_TYPE.N,CL_SERIES._L_KG_040101_1A,CL_AREA.KG,CL_SEX.F,CL_AGE.Y7T17,CL_COMP_BREAKDOWN._L_CSE_UNWILL,CL_UNIT_MEASURE.NUMBER,12
2017,CL_FREQ.A,CL_REPORTING_TYPE.N,CL_SERIES._L_KG_040101_1A,CL_AREA.KG,CL_SEX.F,CL_AGE.Y7T17,CL_COMP_BREAKDOWN._L_CSE_UNWILL,CL_UNIT_MEASURE.NUMBER,10
2018,CL_FREQ.A,CL_REPORTING_TYPE.N,CL_SERIES._L_KG_040101_1A,CL_AREA.KG,CL_SEX.F,CL_AGE.Y7T17,CL_COMP_BREAKDOWN._L_CSE_UNWILL,CL_UNIT_MEASURE.NUMBER,73
2005,CL_FREQ.A,CL_REPORTING_TYPE.N,CL_SERIES._L_KG_040101_1A,CL_AREA.KG,CL_SEX.F,CL_AGE.Y7T17,CL_COMP_BREAKDOWN._L_CSE_FAMILY,CL_UNIT_MEASURE.NUMBER,31
2006,CL_FREQ.A,CL_REPORTING_TYPE.N,CL_SERIES._L_KG_040101_1A,CL_AREA.KG,CL_SEX.F,CL_AGE.Y7T17,CL_COMP_BREAKDOWN._L_CSE_FAMILY,CL_UNIT_MEASURE.NUMBER,22
2007,CL_FREQ.A,CL_REPORTING_TYPE.N,CL_SERIES._L_KG_040101_1A,CL_AREA.KG,CL_SEX.F,CL_AGE.Y7T17,CL_COMP_BREAKDOWN._L_CSE_FAMILY,CL_UNIT_MEASURE.NUMBER,39
2008,CL_FREQ.A,CL_REPORTING_TYPE.N,CL_SERIES._L_KG_040101_1A,CL_AREA.KG,CL_SEX.F,CL_AGE.Y7T17,CL_COMP_BREAKDOWN._L_CSE_FAMILY,CL_UNIT_MEASURE.NUMBER,24
2009,CL_FREQ.A,CL_REPORTING_TYPE.N,CL_SERIES._L_KG_040101_1A,CL_AREA.KG,CL_SEX.F,CL_AGE.Y7T17,CL_COMP_BREAKDOWN._L_CSE_FAMILY,CL_UNIT_MEASURE.NUMBER,7
2010,CL_FREQ.A,CL_REPORTING_TYPE.N,CL_SERIES._L_KG_040101_1A,CL_AREA.KG,CL_SEX.F,CL_AGE.Y7T17,CL_COMP_BREAKDOWN._L_CSE_FAMILY,CL_UNIT_MEASURE.NUMBER,13
2011,CL_FREQ.A,CL_REPORTING_TYPE.N,CL_SERIES._L_KG_040101_1A,CL_AREA.KG,CL_SEX.F,CL_AGE.Y7T17,CL_COMP_BREAKDOWN._L_CSE_FAMILY,CL_UNIT_MEASURE.NUMBER,36
2012,CL_FREQ.A,CL_REPORTING_TYPE.N,CL_SERIES._L_KG_040101_1A,CL_AREA.KG,CL_SEX.F,CL_AGE.Y7T17,CL_COMP_BREAKDOWN._L_CSE_FAMILY,CL_UNIT_MEASURE.NUMBER,13
2013,CL_FREQ.A,CL_REPORTING_TYPE.N,CL_SERIES._L_KG_040101_1A,CL_AREA.KG,CL_SEX.F,CL_AGE.Y7T17,CL_COMP_BREAKDOWN._L_CSE_FAMILY,CL_UNIT_MEASURE.NUMBER,10
2014,CL_FREQ.A,CL_REPORTING_TYPE.N,CL_SERIES._L_KG_040101_1A,CL_AREA.KG,CL_SEX.F,CL_AGE.Y7T17,CL_COMP_BREAKDOWN._L_CSE_FAMILY,CL_UNIT_MEASURE.NUMBER,5
2015,CL_FREQ.A,CL_REPORTING_TYPE.N,CL_SERIES._L_KG_040101_1A,CL_AREA.KG,CL_SEX.F,CL_AGE.Y7T17,CL_COMP_BREAKDOWN._L_CSE_FAMILY,CL_UNIT_MEASURE.NUMBER,9
2016,CL_FREQ.A,CL_REPORTING_TYPE.N,CL_SERIES._L_KG_040101_1A,CL_AREA.KG,CL_SEX.F,CL_AGE.Y7T17,CL_COMP_BREAKDOWN._L_CSE_FAMILY,CL_UNIT_MEASURE.NUMBER,5
2017,CL_FREQ.A,CL_REPORTING_TYPE.N,CL_SERIES._L_KG_040101_1A,CL_AREA.KG,CL_SEX.F,CL_AGE.Y7T17,CL_COMP_BREAKDOWN._L_CSE_FAMILY,CL_UNIT_MEASURE.NUMBER,11
2018,CL_FREQ.A,CL_REPORTING_TYPE.N,CL_SERIES._L_KG_040101_1A,CL_AREA.KG,CL_SEX.F,CL_AGE.Y7T17,CL_COMP_BREAKDOWN._L_CSE_FAMILY,CL_UNIT_MEASURE.NUMBER,10
2005,CL_FREQ.A,CL_REPORTING_TYPE.N,CL_SERIES._L_KG_040101_1A,CL_AREA.KG,CL_SEX.F,CL_AGE.Y7T17,CL_COMP_BREAKDOWN._L_CSE_NOLANG,CL_UNIT_MEASURE.NUMBER,14
2006,CL_FREQ.A,CL_REPORTING_TYPE.N,CL_SERIES._L_KG_040101_1A,CL_AREA.KG,CL_SEX.F,CL_AGE.Y7T17,CL_COMP_BREAKDOWN._L_CSE_NOLANG,CL_UNIT_MEASURE.NUMBER,1
2007,CL_FREQ.A,CL_REPORTING_TYPE.N,CL_SERIES._L_KG_040101_1A,CL_AREA.KG,CL_SEX.F,CL_AGE.Y7T17,CL_COMP_BREAKDOWN._L_CSE_NOLANG,CL_UNIT_MEASURE.NUMBER,2
2008,CL_FREQ.A,CL_REPORTING_TYPE.N,CL_SERIES._L_KG_040101_1A,CL_AREA.KG,CL_SEX.F,CL_AGE.Y7T17,CL_COMP_BREAKDOWN._L_CSE_NOLANG,CL_UNIT_MEASURE.NUMBER,6
2009,CL_FREQ.A,CL_REPORTING_TYPE.N,CL_SERIES._L_KG_040101_1A,CL_AREA.KG,CL_SEX.F,CL_AGE.Y7T17,CL_COMP_BREAKDOWN._L_CSE_NOLANG,CL_UNIT_MEASURE.NUMBER,20
2010,CL_FREQ.A,CL_REPORTING_TYPE.N,CL_SERIES._L_KG_040101_1A,CL_AREA.KG,CL_SEX.F,CL_AGE.Y7T17,CL_COMP_BREAKDOWN._L_CSE_NOLANG,CL_UNIT_MEASURE.NUMBER,21
2011,CL_FREQ.A,CL_REPORTING_TYPE.N,CL_SERIES._L_KG_040101_1A,CL_AREA.KG,CL_SEX.F,CL_AGE.Y7T17,CL_COMP_BREAKDOWN._L_CSE_NOLANG,CL_UNIT_MEASURE.NUMBER,1
2012,CL_FREQ.A,CL_REPORTING_TYPE.N,CL_SERIES._L_KG_040101_1A,CL_AREA.KG,CL_SEX.F,CL_AGE.Y7T17,CL_COMP_BREAKDOWN._L_CSE_NOLANG,CL_UNIT_MEASURE.NUMBER,1
2013,CL_FREQ.A,CL_REPORTING_TYPE.N,CL_SERIES._L_KG_040101_1A,CL_AREA.KG,CL_SEX.F,CL_AGE.Y7T17,CL_COMP_BREAKDOWN._L_CSE_NOLANG,CL_UNIT_MEASURE.NUMBER,3
2014,CL_FREQ.A,CL_REPORTING_TYPE.N,CL_SERIES._L_KG_040101_1A,CL_AREA.KG,CL_SEX.F,CL_AGE.Y7T17,CL_COMP_BREAKDOWN._L_CSE_NOLANG,CL_UNIT_MEASURE.NUMBER,1
2017,CL_FREQ.A,CL_REPORTING_TYPE.N,CL_SERIES._L_KG_040101_1A,CL_AREA.KG,CL_SEX.F,CL_AGE.Y7T17,CL_COMP_BREAKDOWN._L_CSE_NOLANG,CL_UNIT_MEASURE.NUMBER,1
2018,CL_FREQ.A,CL_REPORTING_TYPE.N,CL_SERIES._L_KG_040101_1A,CL_AREA.KG,CL_SEX.F,CL_AGE.Y7T17,CL_COMP_BREAKDOWN._L_CSE_NOLANG,CL_UNIT_MEASURE.NUMBER,0
2013,CL_FREQ.A,CL_REPORTING_TYPE.N,CL_SERIES._L_KG_040101_1A,CL_AREA.KG,CL_SEX.F,CL_AGE.Y7T17,CL_COMP_BREAKDOWN._L_CSE_MARR,CL_UNIT_MEASURE.NUMBER,4
2014,CL_FREQ.A,CL_REPORTING_TYPE.N,CL_SERIES._L_KG_040101_1A,CL_AREA.KG,CL_SEX.F,CL_AGE.Y7T17,CL_COMP_BREAKDOWN._L_CSE_MARR,CL_UNIT_MEASURE.NUMBER,3
2018,CL_FREQ.A,CL_REPORTING_TYPE.N,CL_SERIES._L_KG_040101_1A,CL_AREA.KG,CL_SEX.F,CL_AGE.Y7T17,CL_COMP_BREAKDOWN._L_CSE_MARR,CL_UNIT_MEASURE.NUMBER,0
2005,CL_FREQ.A,CL_REPORTING_TYPE.N,CL_SERIES._L_KG_040101_1A,CL_AREA.KG,CL_SEX.F,CL_AGE.Y7T17,CL_COMP_BREAKDOWN._L_CSE_WORK,CL_UNIT_MEASURE.NUMBER,39
2006,CL_FREQ.A,CL_REPORTING_TYPE.N,CL_SERIES._L_KG_040101_1A,CL_AREA.KG,CL_SEX.F,CL_AGE.Y7T17,CL_COMP_BREAKDOWN._L_CSE_WORK,CL_UNIT_MEASURE.NUMBER,144
2007,CL_FREQ.A,CL_REPORTING_TYPE.N,CL_SERIES._L_KG_040101_1A,CL_AREA.KG,CL_SEX.F,CL_AGE.Y7T17,CL_COMP_BREAKDOWN._L_CSE_WORK,CL_UNIT_MEASURE.NUMBER,94
2008,CL_FREQ.A,CL_REPORTING_TYPE.N,CL_SERIES._L_KG_040101_1A,CL_AREA.KG,CL_SEX.F,CL_AGE.Y7T17,CL_COMP_BREAKDOWN._L_CSE_WORK,CL_UNIT_MEASURE.NUMBER,40
2009,CL_FREQ.A,CL_REPORTING_TYPE.N,CL_SERIES._L_KG_040101_1A,CL_AREA.KG,CL_SEX.F,CL_AGE.Y7T17,CL_COMP_BREAKDOWN._L_CSE_WORK,CL_UNIT_MEASURE.NUMBER,66
2010,CL_FREQ.A,CL_REPORTING_TYPE.N,CL_SERIES._L_KG_040101_1A,CL_AREA.KG,CL_SEX.F,CL_AGE.Y7T17,CL_COMP_BREAKDOWN._L_CSE_WORK,CL_UNIT_MEASURE.NUMBER,74
2011,CL_FREQ.A,CL_REPORTING_TYPE.N,CL_SERIES._L_KG_040101_1A,CL_AREA.KG,CL_SEX.F,CL_AGE.Y7T17,CL_COMP_BREAKDOWN._L_CSE_WORK,CL_UNIT_MEASURE.NUMBER,115
2012,CL_FREQ.A,CL_REPORTING_TYPE.N,CL_SERIES._L_KG_040101_1A,CL_AREA.KG,CL_SEX.F,CL_AGE.Y7T17,CL_COMP_BREAKDOWN._L_CSE_WORK,CL_UNIT_MEASURE.NUMBER,88
2013,CL_FREQ.A,CL_REPORTING_TYPE.N,CL_SERIES._L_KG_040101_1A,CL_AREA.KG,CL_SEX.F,CL_AGE.Y7T17,CL_COMP_BREAKDOWN._L_CSE_WORK,CL_UNIT_MEASURE.NUMBER,380
2014,CL_FREQ.A,CL_REPORTING_TYPE.N,CL_SERIES._L_KG_040101_1A,CL_AREA.KG,CL_SEX.F,CL_AGE.Y7T17,CL_COMP_BREAKDOWN._L_CSE_WORK,CL_UNIT_MEASURE.NUMBER,75
2015,CL_FREQ.A,CL_REPORTING_TYPE.N,CL_SERIES._L_KG_040101_1A,CL_AREA.KG,CL_SEX.F,CL_AGE.Y7T17,CL_COMP_BREAKDOWN._L_CSE_WORK,CL_UNIT_MEASURE.NUMBER,60
2016,CL_FREQ.A,CL_REPORTING_TYPE.N,CL_SERIES._L_KG_040101_1A,CL_AREA.KG,CL_SEX.F,CL_AGE.Y7T17,CL_COMP_BREAKDOWN._L_CSE_WORK,CL_UNIT_MEASURE.NUMBER,204
2017,CL_FREQ.A,CL_REPORTING_TYPE.N,CL_SERIES._L_KG_040101_1A,CL_AREA.KG,CL_SEX.F,CL_AGE.Y7T17,CL_COMP_BREAKDOWN._L_CSE_WORK,CL_UNIT_MEASURE.NUMBER,199
2018,CL_FREQ.A,CL_REPORTING_TYPE.N,CL_SERIES._L_KG_040101_1A,CL_AREA.KG,CL_SEX.F,CL_AGE.Y7T17,CL_COMP_BREAKDOWN._L_CSE_WORK,CL_UNIT_MEASURE.NUMBER,121
2018,CL_FREQ.A,CL_REPORTING_TYPE.N,CL_SERIES._L_KG_040101_1A,CL_AREA.KG,CL_SEX.F,CL_AGE.Y7T17,CL_COMP_BREAKDOWN._L_CSE_TRANSPORT,CL_UNIT_MEASURE.NUMBER,2
2013,CL_FREQ.A,CL_REPORTING_TYPE.N,CL_SERIES._L_KG_040101_1A,CL_AREA.KG,CL_SEX.F,CL_AGE.Y7T17,CL_COMP_BREAKDOWN._L_CSE_SEASWORK,CL_UNIT_MEASURE.NUMBER,4
2014,CL_FREQ.A,CL_REPORTING_TYPE.N,CL_SERIES._L_KG_040101_1A,CL_AREA.KG,CL_SEX.F,CL_AGE.Y7T17,CL_COMP_BREAKDOWN._L_CSE_SEASWORK,CL_UNIT_MEASURE.NUMBER,7
2015,CL_FREQ.A,CL_REPORTING_TYPE.N,CL_SERIES._L_KG_040101_1A,CL_AREA.KG,CL_SEX.F,CL_AGE.Y7T17,CL_COMP_BREAKDOWN._L_CSE_SEASWORK,CL_UNIT_MEASURE.NUMBER,79
2017,CL_FREQ.A,CL_REPORTING_TYPE.N,CL_SERIES._L_KG_040101_1A,CL_AREA.KG,CL_SEX.F,CL_AGE.Y7T17,CL_COMP_BREAKDOWN._L_CSE_SEASWORK,CL_UNIT_MEASURE.NUMBER,1
2018,CL_FREQ.A,CL_REPORTING_TYPE.N,CL_SERIES._L_KG_040101_1A,CL_AREA.KG,CL_SEX.F,CL_AGE.Y7T17,CL_COMP_BREAKDOWN._L_CSE_SEASWORK,CL_UNIT_MEASURE.NUMBER,4
2014,CL_FREQ.A,CL_REPORTING_TYPE.N,CL_SERIES._L_KG_040101_1A,CL_AREA.KG,CL_SEX.F,CL_AGE.Y7T17,CL_COMP_BREAKDOWN._L_CSE_AGE,CL_UNIT_MEASURE.NUMBER,4
2015,CL_FREQ.A,CL_REPORTING_TYPE.N,CL_SERIES._L_KG_040101_1A,CL_AREA.KG,CL_SEX.F,CL_AGE.Y7T17,CL_COMP_BREAKDOWN._L_CSE_AGE,CL_UNIT_MEASURE.NUMBER,2
2017,CL_FREQ.A,CL_REPORTING_TYPE.N,CL_SERIES._L_KG_040101_1A,CL_AREA.KG,CL_SEX.F,CL_AGE.Y7T17,CL_COMP_BREAKDOWN._L_CSE_AGE,CL_UNIT_MEASURE.NUMBER,1
2018,CL_FREQ.A,CL_REPORTING_TYPE.N,CL_SERIES._L_KG_040101_1A,CL_AREA.KG,CL_SEX.F,CL_AGE.Y7T17,CL_COMP_BREAKDOWN._L_CSE_AGE,CL_UNIT_MEASURE.NUMBER,18
2005,CL_FREQ.A,CL_REPORTING_TYPE.N,CL_SERIES._L_KG_040101_1A,CL_AREA.KG,CL_SEX.F,CL_AGE.Y7T17,CL_COMP_BREAKDOWN._L_CSE_SICK,CL_UNIT_MEASURE.NUMBER,196
2006,CL_FREQ.A,CL_REPORTING_TYPE.N,CL_SERIES._L_KG_040101_1A,CL_AREA.KG,CL_SEX.F,CL_AGE.Y7T17,CL_COMP_BREAKDOWN._L_CSE_SICK,CL_UNIT_MEASURE.NUMBER,213
2007,CL_FREQ.A,CL_REPORTING_TYPE.N,CL_SERIES._L_KG_040101_1A,CL_AREA.KG,CL_SEX.F,CL_AGE.Y7T17,CL_COMP_BREAKDOWN._L_CSE_SICK,CL_UNIT_MEASURE.NUMBER,219
2008,CL_FREQ.A,CL_REPORTING_TYPE.N,CL_SERIES._L_KG_040101_1A,CL_AREA.KG,CL_SEX.F,CL_AGE.Y7T17,CL_COMP_BREAKDOWN._L_CSE_SICK,CL_UNIT_MEASURE.NUMBER,99
2009,CL_FREQ.A,CL_REPORTING_TYPE.N,CL_SERIES._L_KG_040101_1A,CL_AREA.KG,CL_SEX.F,CL_AGE.Y7T17,CL_COMP_BREAKDOWN._L_CSE_SICK,CL_UNIT_MEASURE.NUMBER,195
2010,CL_FREQ.A,CL_REPORTING_TYPE.N,CL_SERIES._L_KG_040101_1A,CL_AREA.KG,CL_SEX.F,CL_AGE.Y7T17,CL_COMP_BREAKDOWN._L_CSE_SICK,CL_UNIT_MEASURE.NUMBER,260
2011,CL_FREQ.A,CL_REPORTING_TYPE.N,CL_SERIES._L_KG_040101_1A,CL_AREA.KG,CL_SEX.F,CL_AGE.Y7T17,CL_COMP_BREAKDOWN._L_CSE_SICK,CL_UNIT_MEASURE.NUMBER,233
2012,CL_FREQ.A,CL_REPORTING_TYPE.N,CL_SERIES._L_KG_040101_1A,CL_AREA.KG,CL_SEX.F,CL_AGE.Y7T17,CL_COMP_BREAKDOWN._L_CSE_SICK,CL_UNIT_MEASURE.NUMBER,213
2013,CL_FREQ.A,CL_REPORTING_TYPE.N,CL_SERIES._L_KG_040101_1A,CL_AREA.KG,CL_SEX.F,CL_AGE.Y7T17,CL_COMP_BREAKDOWN._L_CSE_SICK,CL_UNIT_MEASURE.NUMBER,45
2014,CL_FREQ.A,CL_REPORTING_TYPE.N,CL_SERIES._L_KG_040101_1A,CL_AREA.KG,CL_SEX.F,CL_AGE.Y7T17,CL_COMP_BREAKDOWN._L_CSE_SICK,CL_UNIT_MEASURE.NUMBER,60
2015,CL_FREQ.A,CL_REPORTING_TYPE.N,CL_SERIES._L_KG_040101_1A,CL_AREA.KG,CL_SEX.F,CL_AGE.Y7T17,CL_COMP_BREAKDOWN._L_CSE_SICK,CL_UNIT_MEASURE.NUMBER,14
2016,CL_FREQ.A,CL_REPORTING_TYPE.N,CL_SERIES._L_KG_040101_1A,CL_AREA.KG,CL_SEX.F,CL_AGE.Y7T17,CL_COMP_BREAKDOWN._L_CSE_SICK,CL_UNIT_MEASURE.NUMBER,36
2017,CL_FREQ.A,CL_REPORTING_TYPE.N,CL_SERIES._L_KG_040101_1A,CL_AREA.KG,CL_SEX.F,CL_AGE.Y7T17,CL_COMP_BREAKDOWN._L_CSE_SICK,CL_UNIT_MEASURE.NUMBER,20
2018,CL_FREQ.A,CL_REPORTING_TYPE.N,CL_SERIES._L_KG_040101_1A,CL_AREA.KG,CL_SEX.F,CL_AGE.Y7T17,CL_COMP_BREAKDOWN._L_CSE_SICK,CL_UNIT_MEASURE.NUMBER,31
2005,CL_FREQ.A,CL_REPORTING_TYPE.N,CL_SERIES._L_KG_040101_1A,CL_AREA.KG,CL_SEX.F,CL_AGE.Y7T17,CL_COMP_BREAKDOWN._L_CSE_DISAB,CL_UNIT_MEASURE.NUMBER,658
2006,CL_FREQ.A,CL_REPORTING_TYPE.N,CL_SERIES._L_KG_040101_1A,CL_AREA.KG,CL_SEX.F,CL_AGE.Y7T17,CL_COMP_BREAKDOWN._L_CSE_DISAB,CL_UNIT_MEASURE.NUMBER,585
2007,CL_FREQ.A,CL_REPORTING_TYPE.N,CL_SERIES._L_KG_040101_1A,CL_AREA.KG,CL_SEX.F,CL_AGE.Y7T17,CL_COMP_BREAKDOWN._L_CSE_DISAB,CL_UNIT_MEASURE.NUMBER,535
2008,CL_FREQ.A,CL_REPORTING_TYPE.N,CL_SERIES._L_KG_040101_1A,CL_AREA.KG,CL_SEX.F,CL_AGE.Y7T17,CL_COMP_BREAKDOWN._L_CSE_DISAB,CL_UNIT_MEASURE.NUMBER,349
2009,CL_FREQ.A,CL_REPORTING_TYPE.N,CL_SERIES._L_KG_040101_1A,CL_AREA.KG,CL_SEX.F,CL_AGE.Y7T17,CL_COMP_BREAKDOWN._L_CSE_DISAB,CL_UNIT_MEASURE.NUMBER,391
2010,CL_FREQ.A,CL_REPORTING_TYPE.N,CL_SERIES._L_KG_040101_1A,CL_AREA.KG,CL_SEX.F,CL_AGE.Y7T17,CL_COMP_BREAKDOWN._L_CSE_DISAB,CL_UNIT_MEASURE.NUMBER,393
2011,CL_FREQ.A,CL_REPORTING_TYPE.N,CL_SERIES._L_KG_040101_1A,CL_AREA.KG,CL_SEX.F,CL_AGE.Y7T17,CL_COMP_BREAKDOWN._L_CSE_DISAB,CL_UNIT_MEASURE.NUMBER,515
2012,CL_FREQ.A,CL_REPORTING_TYPE.N,CL_SERIES._L_KG_040101_1A,CL_AREA.KG,CL_SEX.F,CL_AGE.Y7T17,CL_COMP_BREAKDOWN._L_CSE_DISAB,CL_UNIT_MEASURE.NUMBER,410
2013,CL_FREQ.A,CL_REPORTING_TYPE.N,CL_SERIES._L_KG_040101_1A,CL_AREA.KG,CL_SEX.F,CL_AGE.Y7T17,CL_COMP_BREAKDOWN._L_CSE_DISAB,CL_UNIT_MEASURE.NUMBER,531
2014,CL_FREQ.A,CL_REPORTING_TYPE.N,CL_SERIES._L_KG_040101_1A,CL_AREA.KG,CL_SEX.F,CL_AGE.Y7T17,CL_COMP_BREAKDOWN._L_CSE_DISAB,CL_UNIT_MEASURE.NUMBER,554
2015,CL_FREQ.A,CL_REPORTING_TYPE.N,CL_SERIES._L_KG_040101_1A,CL_AREA.KG,CL_SEX.F,CL_AGE.Y7T17,CL_COMP_BREAKDOWN._L_CSE_DISAB,CL_UNIT_MEASURE.NUMBER,564
2016,CL_FREQ.A,CL_REPORTING_TYPE.N,CL_SERIES._L_KG_040101_1A,CL_AREA.KG,CL_SEX.F,CL_AGE.Y7T17,CL_COMP_BREAKDOWN._L_CSE_DISAB,CL_UNIT_MEASURE.NUMBER,542
2017,CL_FREQ.A,CL_REPORTING_TYPE.N,CL_SERIES._L_KG_040101_1A,CL_AREA.KG,CL_SEX.F,CL_AGE.Y7T17,CL_COMP_BREAKDOWN._L_CSE_DISAB,CL_UNIT_MEASURE.NUMBER,517
2018,CL_FREQ.A,CL_REPORTING_TYPE.N,CL_SERIES._L_KG_040101_1A,CL_AREA.KG,CL_SEX.F,CL_AGE.Y7T17,CL_COMP_BREAKDOWN._L_CSE_DISAB,CL_UNIT_MEASURE.NUMBER,525
2005,CL_FREQ.A,CL_REPORTING_TYPE.N,CL_SERIES._L_KG_040101_1A,CL_AREA.KG,CL_SEX.F,CL_AGE.Y7T17,CL_COMP_BREAKDOWN._L_CSE_OTHER,CL_UNIT_MEASURE.NUMBER,64
2006,CL_FREQ.A,CL_REPORTING_TYPE.N,CL_SERIES._L_KG_040101_1A,CL_AREA.KG,CL_SEX.F,CL_AGE.Y7T17,CL_COMP_BREAKDOWN._L_CSE_OTHER,CL_UNIT_MEASURE.NUMBER,108
2007,CL_FREQ.A,CL_REPORTING_TYPE.N,CL_SERIES._L_KG_040101_1A,CL_AREA.KG,CL_SEX.F,CL_AGE.Y7T17,CL_COMP_BREAKDOWN._L_CSE_OTHER,CL_UNIT_MEASURE.NUMBER,111
2008,CL_FREQ.A,CL_REPORTING_TYPE.N,CL_SERIES._L_KG_040101_1A,CL_AREA.KG,CL_SEX.F,CL_AGE.Y7T17,CL_COMP_BREAKDOWN._L_CSE_OTHER,CL_UNIT_MEASURE.NUMBER,67
2009,CL_FREQ.A,CL_REPORTING_TYPE.N,CL_SERIES._L_KG_040101_1A,CL_AREA.KG,CL_SEX.F,CL_AGE.Y7T17,CL_COMP_BREAKDOWN._L_CSE_OTHER,CL_UNIT_MEASURE.NUMBER,111
2010,CL_FREQ.A,CL_REPORTING_TYPE.N,CL_SERIES._L_KG_040101_1A,CL_AREA.KG,CL_SEX.F,CL_AGE.Y7T17,CL_COMP_BREAKDOWN._L_CSE_OTHER,CL_UNIT_MEASURE.NUMBER,154
2011,CL_FREQ.A,CL_REPORTING_TYPE.N,CL_SERIES._L_KG_040101_1A,CL_AREA.KG,CL_SEX.F,CL_AGE.Y7T17,CL_COMP_BREAKDOWN._L_CSE_OTHER,CL_UNIT_MEASURE.NUMBER,133
2012,CL_FREQ.A,CL_REPORTING_TYPE.N,CL_SERIES._L_KG_040101_1A,CL_AREA.KG,CL_SEX.F,CL_AGE.Y7T17,CL_COMP_BREAKDOWN._L_CSE_OTHER,CL_UNIT_MEASURE.NUMBER,158
