Year,Frequency of observation,Reporting type,Series,Reference area,Composite breakdown,Units,Value
2014,Annual,National,Number of fellowships provided to Kyrgyzstan for the training of personnel abroad at the expense of the host country within the framework of official intergovernmental and interstate treaties and agreements,Kyrgyzstan,Country: Russian Federation,Number,465
2015,Annual,National,Number of fellowships provided to Kyrgyzstan for the training of personnel abroad at the expense of the host country within the framework of official intergovernmental and interstate treaties and agreements,Kyrgyzstan,Country: Russian Federation,Number,445
2016,Annual,National,Number of fellowships provided to Kyrgyzstan for the training of personnel abroad at the expense of the host country within the framework of official intergovernmental and interstate treaties and agreements,Kyrgyzstan,Country: Russian Federation,Number,360
2017,Annual,National,Number of fellowships provided to Kyrgyzstan for the training of personnel abroad at the expense of the host country within the framework of official intergovernmental and interstate treaties and agreements,Kyrgyzstan,Country: Russian Federation,Number,364
2018,Annual,National,Number of fellowships provided to Kyrgyzstan for the training of personnel abroad at the expense of the host country within the framework of official intergovernmental and interstate treaties and agreements,Kyrgyzstan,Country: Russian Federation,Number,347
2019,Annual,National,Number of fellowships provided to Kyrgyzstan for the training of personnel abroad at the expense of the host country within the framework of official intergovernmental and interstate treaties and agreements,Kyrgyzstan,Country: Russian Federation,Number,330
2014,Annual,National,Number of fellowships provided to Kyrgyzstan for the training of personnel abroad at the expense of the host country within the framework of official intergovernmental and interstate treaties and agreements,Kyrgyzstan,Country: Republic of Belarus,Number,3
2015,Annual,National,Number of fellowships provided to Kyrgyzstan for the training of personnel abroad at the expense of the host country within the framework of official intergovernmental and interstate treaties and agreements,Kyrgyzstan,Country: Republic of Belarus,Number,5
2016,Annual,National,Number of fellowships provided to Kyrgyzstan for the training of personnel abroad at the expense of the host country within the framework of official intergovernmental and interstate treaties and agreements,Kyrgyzstan,Country: Republic of Belarus,Number,2
2017,Annual,National,Number of fellowships provided to Kyrgyzstan for the training of personnel abroad at the expense of the host country within the framework of official intergovernmental and interstate treaties and agreements,Kyrgyzstan,Country: Republic of Belarus,Number,5
2018,Annual,National,Number of fellowships provided to Kyrgyzstan for the training of personnel abroad at the expense of the host country within the framework of official intergovernmental and interstate treaties and agreements,Kyrgyzstan,Country: Republic of Belarus,Number,2
2014,Annual,National,Number of fellowships provided to Kyrgyzstan for the training of personnel abroad at the expense of the host country within the framework of official intergovernmental and interstate treaties and agreements,Kyrgyzstan,Country: Republic of Kazakhstan,Number,1
2015,Annual,National,Number of fellowships provided to Kyrgyzstan for the training of personnel abroad at the expense of the host country within the framework of official intergovernmental and interstate treaties and agreements,Kyrgyzstan,Country: Republic of Kazakhstan,Number,5
2016,Annual,National,Number of fellowships provided to Kyrgyzstan for the training of personnel abroad at the expense of the host country within the framework of official intergovernmental and interstate treaties and agreements,Kyrgyzstan,Country: Republic of Kazakhstan,Number,5
2017,Annual,National,Number of fellowships provided to Kyrgyzstan for the training of personnel abroad at the expense of the host country within the framework of official intergovernmental and interstate treaties and agreements,Kyrgyzstan,Country: Republic of Kazakhstan,Number,5
2018,Annual,National,Number of fellowships provided to Kyrgyzstan for the training of personnel abroad at the expense of the host country within the framework of official intergovernmental and interstate treaties and agreements,Kyrgyzstan,Country: Republic of Kazakhstan,Number,5
2019,Annual,National,Number of fellowships provided to Kyrgyzstan for the training of personnel abroad at the expense of the host country within the framework of official intergovernmental and interstate treaties and agreements,Kyrgyzstan,Country: Republic of Kazakhstan,Number,3
2014,Annual,National,Number of fellowships provided to Kyrgyzstan for the training of personnel abroad at the expense of the host country within the framework of official intergovernmental and interstate treaties and agreements,Kyrgyzstan,Country: Republic of Tajikistan,Number,50
2015,Annual,National,Number of fellowships provided to Kyrgyzstan for the training of personnel abroad at the expense of the host country within the framework of official intergovernmental and interstate treaties and agreements,Kyrgyzstan,Country: Republic of Tajikistan,Number,47
2016,Annual,National,Number of fellowships provided to Kyrgyzstan for the training of personnel abroad at the expense of the host country within the framework of official intergovernmental and interstate treaties and agreements,Kyrgyzstan,Country: Republic of Tajikistan,Number,44
2017,Annual,National,Number of fellowships provided to Kyrgyzstan for the training of personnel abroad at the expense of the host country within the framework of official intergovernmental and interstate treaties and agreements,Kyrgyzstan,Country: Republic of Tajikistan,Number,21
2018,Annual,National,Number of fellowships provided to Kyrgyzstan for the training of personnel abroad at the expense of the host country within the framework of official intergovernmental and interstate treaties and agreements,Kyrgyzstan,Country: Republic of Tajikistan,Number,33
2014,Annual,National,Number of fellowships provided to Kyrgyzstan for the training of personnel abroad at the expense of the host country within the framework of official intergovernmental and interstate treaties and agreements,Kyrgyzstan,Country: People's Republic of China,Number,0
2015,Annual,National,Number of fellowships provided to Kyrgyzstan for the training of personnel abroad at the expense of the host country within the framework of official intergovernmental and interstate treaties and agreements,Kyrgyzstan,Country: People's Republic of China,Number,0
2016,Annual,National,Number of fellowships provided to Kyrgyzstan for the training of personnel abroad at the expense of the host country within the framework of official intergovernmental and interstate treaties and agreements,Kyrgyzstan,Country: People's Republic of China,Number,0
2017,Annual,National,Number of fellowships provided to Kyrgyzstan for the training of personnel abroad at the expense of the host country within the framework of official intergovernmental and interstate treaties and agreements,Kyrgyzstan,Country: People's Republic of China,Number,25
2018,Annual,National,Number of fellowships provided to Kyrgyzstan for the training of personnel abroad at the expense of the host country within the framework of official intergovernmental and interstate treaties and agreements,Kyrgyzstan,Country: People's Republic of China,Number,15
2019,Annual,National,Number of fellowships provided to Kyrgyzstan for the training of personnel abroad at the expense of the host country within the framework of official intergovernmental and interstate treaties and agreements,Kyrgyzstan,Country: People's Republic of China,Number,27
2014,Annual,National,Number of fellowships provided to Kyrgyzstan for the training of personnel abroad at the expense of the host country within the framework of official intergovernmental and interstate treaties and agreements,Kyrgyzstan,Country: Hungary,Number,0
2015,Annual,National,Number of fellowships provided to Kyrgyzstan for the training of personnel abroad at the expense of the host country within the framework of official intergovernmental and interstate treaties and agreements,Kyrgyzstan,Country: Hungary,Number,0
2016,Annual,National,Number of fellowships provided to Kyrgyzstan for the training of personnel abroad at the expense of the host country within the framework of official intergovernmental and interstate treaties and agreements,Kyrgyzstan,Country: Hungary,Number,0
2017,Annual,National,Number of fellowships provided to Kyrgyzstan for the training of personnel abroad at the expense of the host country within the framework of official intergovernmental and interstate treaties and agreements,Kyrgyzstan,Country: Hungary,Number,23
2018,Annual,National,Number of fellowships provided to Kyrgyzstan for the training of personnel abroad at the expense of the host country within the framework of official intergovernmental and interstate treaties and agreements,Kyrgyzstan,Country: Hungary,Number,27
2019,Annual,National,Number of fellowships provided to Kyrgyzstan for the training of personnel abroad at the expense of the host country within the framework of official intergovernmental and interstate treaties and agreements,Kyrgyzstan,Country: Hungary,Number,67
