Year,Frequency of observation,Reporting type,Series,Reference area,Education level,Units,Value
2010,Annual,National,Share of graduated teachers with pedagogical education,Kyrgyzstan,Early childhood education,Percent,87.9
2013,Annual,National,Share of graduated teachers with pedagogical education,Kyrgyzstan,Early childhood education,Percent,88.8
2014,Annual,National,Share of graduated teachers with pedagogical education,Kyrgyzstan,Early childhood education,Percent,89.8
2015,Annual,National,Share of graduated teachers with pedagogical education,Kyrgyzstan,Early childhood education,Percent,94.7
2016,Annual,National,Share of graduated teachers with pedagogical education,Kyrgyzstan,Early childhood education,Percent,91.6
2017,Annual,National,Share of graduated teachers with pedagogical education,Kyrgyzstan,Early childhood education,Percent,93.4
2018,Annual,National,Share of graduated teachers with pedagogical education,Kyrgyzstan,Early childhood education,Percent,93.5
2010,Annual,National,Share of graduated teachers with pedagogical education,Kyrgyzstan,Primary education,Percent,93.6
2013,Annual,National,Share of graduated teachers with pedagogical education,Kyrgyzstan,Primary education,Percent,94.3
2014,Annual,National,Share of graduated teachers with pedagogical education,Kyrgyzstan,Primary education,Percent,94.4
2015,Annual,National,Share of graduated teachers with pedagogical education,Kyrgyzstan,Primary education,Percent,95.0
2016,Annual,National,Share of graduated teachers with pedagogical education,Kyrgyzstan,Primary education,Percent,95.4
2017,Annual,National,Share of graduated teachers with pedagogical education,Kyrgyzstan,Primary education,Percent,96.0
2018,Annual,National,Share of graduated teachers with pedagogical education,Kyrgyzstan,Primary education,Percent,96.4
2010,Annual,National,Share of graduated teachers with pedagogical education,Kyrgyzstan,Secondary education (lower and upper secondary education),Percent,92.9
2013,Annual,National,Share of graduated teachers with pedagogical education,Kyrgyzstan,Secondary education (lower and upper secondary education),Percent,94.8
2014,Annual,National,Share of graduated teachers with pedagogical education,Kyrgyzstan,Secondary education (lower and upper secondary education),Percent,95.3
2015,Annual,National,Share of graduated teachers with pedagogical education,Kyrgyzstan,Secondary education (lower and upper secondary education),Percent,95.9
2016,Annual,National,Share of graduated teachers with pedagogical education,Kyrgyzstan,Secondary education (lower and upper secondary education),Percent,96.9
2017,Annual,National,Share of graduated teachers with pedagogical education,Kyrgyzstan,Secondary education (lower and upper secondary education),Percent,97.9
2018,Annual,National,Share of graduated teachers with pedagogical education,Kyrgyzstan,Secondary education (lower and upper secondary education),Percent,98.0
