Year,SERIES,REF_AREA,INCOME_WEALTH_QUANTILE,EDUCATION_LEV,DISABILITY_STATUS,Value
2018,SP_DYN_MRBF15,KG,,,,0.3
2018,SP_DYN_MRBF15,KG05,,,,0.0
2018,SP_DYN_MRBF15,KG03,,,,0.0
2018,SP_DYN_MRBF15,KG02,,,,0.0
2018,SP_DYN_MRBF15,KG04,,,,0.0
2018,SP_DYN_MRBF15,KG06,,,,0.0
2018,SP_DYN_MRBF15,KG07,,,,2.8
2018,SP_DYN_MRBF15,KG08,,,,0.0
2018,SP_DYN_MRBF15,KG11,,,,1.0
2018,SP_DYN_MRBF15,KG21,,,,0.0
2018,SP_DYN_MRBF15,KG,,ISCED11_2,,0.6
2018,SP_DYN_MRBF15,KG,,ISCED11_3,,0.8
2018,SP_DYN_MRBF15,KG,,ISCED11_4,,0.0
2018,SP_DYN_MRBF15,KG,,ISCED11_5,,0.0
2018,SP_DYN_MRBF15,KG,,,PWD,0.3
2018,SP_DYN_MRBF15,KG,Q1,,,0.0
2018,SP_DYN_MRBF15,KG,Q2,,,0.4
2018,SP_DYN_MRBF15,KG,Q3,,,0.0
2018,SP_DYN_MRBF15,KG,Q4,,,0.0
2018,SP_DYN_MRBF15,KG,Q5,,,1.1
2018,SP_DYN_MRBF18,KG,,,,12.9
2018,SP_DYN_MRBF18,KG05,,,,14.4
2018,SP_DYN_MRBF18,KG03,,,,13.6
2018,SP_DYN_MRBF18,KG02,,,,11.5
2018,SP_DYN_MRBF18,KG04,,,,18.4
2018,SP_DYN_MRBF18,KG06,,,,18.3
2018,SP_DYN_MRBF18,KG07,,,,16.5
2018,SP_DYN_MRBF18,KG08,,,,11.6
2018,SP_DYN_MRBF18,KG11,,,,5.3
2018,SP_DYN_MRBF18,KG21,,,,13.2
2018,SP_DYN_MRBF18,KG,,ISCED11_2,,30.3
2018,SP_DYN_MRBF18,KG,,ISCED11_3,,21.3
2018,SP_DYN_MRBF18,KG,,ISCED11_4,,6.0
2018,SP_DYN_MRBF18,KG,,ISCED11_5,,2.6
2018,SP_DYN_MRBF18,KG,,,PWD,12.7
2018,SP_DYN_MRBF18,KG,Q1,,,11.8
2018,SP_DYN_MRBF18,KG,Q2,,,19.7
2018,SP_DYN_MRBF18,KG,Q3,,,14.4
2018,SP_DYN_MRBF18,KG,Q4,,,12.5
2018,SP_DYN_MRBF18,KG,Q5,,,6.4
