Year,concept.FREQ,concept.REPORTING_TYPE,Series,concept.REF_AREA,Units,Value
2010,CL_FREQ.A,CL_REPORTING_TYPE.N,CL_SERIES.EN_WWT_WWDS,CL_AREA.KG,CL_UNIT_MEASURE.PT,89.9
2011,CL_FREQ.A,CL_REPORTING_TYPE.N,CL_SERIES.EN_WWT_WWDS,CL_AREA.KG,CL_UNIT_MEASURE.PT,94.5
2012,CL_FREQ.A,CL_REPORTING_TYPE.N,CL_SERIES.EN_WWT_WWDS,CL_AREA.KG,CL_UNIT_MEASURE.PT,94.4
2013,CL_FREQ.A,CL_REPORTING_TYPE.N,CL_SERIES.EN_WWT_WWDS,CL_AREA.KG,CL_UNIT_MEASURE.PT,91.0
2014,CL_FREQ.A,CL_REPORTING_TYPE.N,CL_SERIES.EN_WWT_WWDS,CL_AREA.KG,CL_UNIT_MEASURE.PT,94.8
2015,CL_FREQ.A,CL_REPORTING_TYPE.N,CL_SERIES.EN_WWT_WWDS,CL_AREA.KG,CL_UNIT_MEASURE.PT,94.6
2016,CL_FREQ.A,CL_REPORTING_TYPE.N,CL_SERIES.EN_WWT_WWDS,CL_AREA.KG,CL_UNIT_MEASURE.PT,93.5
2017,CL_FREQ.A,CL_REPORTING_TYPE.N,CL_SERIES.EN_WWT_WWDS,CL_AREA.KG,CL_UNIT_MEASURE.PT,93.9
2018,CL_FREQ.A,CL_REPORTING_TYPE.N,CL_SERIES.EN_WWT_WWDS,CL_AREA.KG,CL_UNIT_MEASURE.PT,95.1
