Year,Frequency of observation,Reporting type,Series,Reference area,Composite breakdown,Units,Value
2010,Annual,National,Freshwater withdrawal,Kyrgyzstan,,Million of cubic metres per annum,7562.0
2011,Annual,National,Freshwater withdrawal,Kyrgyzstan,,Million of cubic metres per annum,8634.0
2012,Annual,National,Freshwater withdrawal,Kyrgyzstan,,Million of cubic metres per annum,9544.4
2013,Annual,National,Freshwater withdrawal,Kyrgyzstan,,Million of cubic metres per annum,8326.8
2014,Annual,National,Freshwater withdrawal,Kyrgyzstan,,Million of cubic metres per annum,7658.0
2015,Annual,National,Freshwater withdrawal,Kyrgyzstan,,Million of cubic metres per annum,7569.0
2016,Annual,National,Freshwater withdrawal,Kyrgyzstan,,Million of cubic metres per annum,7333.7
2017,Annual,National,Freshwater withdrawal,Kyrgyzstan,,Million of cubic metres per annum,7657.8
2018,Annual,National,Freshwater withdrawal,Kyrgyzstan,,Million of cubic metres per annum,7758.0
2012,Annual,National,Freshwater withdrawal,Kyrgyzstan,Water source: Natural,Million of cubic metres per annum,9319.3
2013,Annual,National,Freshwater withdrawal,Kyrgyzstan,Water source: Natural,Million of cubic metres per annum,8218.9
2014,Annual,National,Freshwater withdrawal,Kyrgyzstan,Water source: Natural,Million of cubic metres per annum,7432.4
2015,Annual,National,Freshwater withdrawal,Kyrgyzstan,Water source: Natural,Million of cubic metres per annum,7225.2
2016,Annual,National,Freshwater withdrawal,Kyrgyzstan,Water source: Natural,Million of cubic metres per annum,7125.0
2017,Annual,National,Freshwater withdrawal,Kyrgyzstan,Water source: Natural,Million of cubic metres per annum,7433.2
2018,Annual,National,Freshwater withdrawal,Kyrgyzstan,Water source: Natural,Million of cubic metres per annum,7513.0
2010,Annual,National,Freshwater withdrawal,Kyrgyzstan,Water source: Aquifers,Million of cubic metres per annum,324.1
2011,Annual,National,Freshwater withdrawal,Kyrgyzstan,Water source: Aquifers,Million of cubic metres per annum,201.3
2012,Annual,National,Freshwater withdrawal,Kyrgyzstan,Water source: Aquifers,Million of cubic metres per annum,224.9
2013,Annual,National,Freshwater withdrawal,Kyrgyzstan,Water source: Aquifers,Million of cubic metres per annum,107.9
2014,Annual,National,Freshwater withdrawal,Kyrgyzstan,Water source: Aquifers,Million of cubic metres per annum,225.6
2015,Annual,National,Freshwater withdrawal,Kyrgyzstan,Water source: Aquifers,Million of cubic metres per annum,343.8
2016,Annual,National,Freshwater withdrawal,Kyrgyzstan,Water source: Aquifers,Million of cubic metres per annum,208.7
2017,Annual,National,Freshwater withdrawal,Kyrgyzstan,Water source: Aquifers,Million of cubic metres per annum,224.6
2018,Annual,National,Freshwater withdrawal,Kyrgyzstan,Water source: Aquifers,Million of cubic metres per annum,245.0
2010,Annual,National,Freshwater withdrawal,Batken,,Million of cubic metres per annum,577.7
2011,Annual,National,Freshwater withdrawal,Batken,,Million of cubic metres per annum,586.7
2012,Annual,National,Freshwater withdrawal,Batken,,Million of cubic metres per annum,570.2
2013,Annual,National,Freshwater withdrawal,Batken,,Million of cubic metres per annum,967.7
2014,Annual,National,Freshwater withdrawal,Batken,,Million of cubic metres per annum,615.1
2015,Annual,National,Freshwater withdrawal,Batken,,Million of cubic metres per annum,643.1
2016,Annual,National,Freshwater withdrawal,Batken,,Million of cubic metres per annum,645.2
2017,Annual,National,Freshwater withdrawal,Batken,,Million of cubic metres per annum,632.8
2018,Annual,National,Freshwater withdrawal,Batken,,Million of cubic metres per annum,647.7
2010,Annual,National,Freshwater withdrawal,Jalal-Abad,,Million of cubic metres per annum,695.2
2011,Annual,National,Freshwater withdrawal,Jalal-Abad,,Million of cubic metres per annum,1197.2
2012,Annual,National,Freshwater withdrawal,Jalal-Abad,,Million of cubic metres per annum,716.6
2013,Annual,National,Freshwater withdrawal,Jalal-Abad,,Million of cubic metres per annum,716.6
2014,Annual,National,Freshwater withdrawal,Jalal-Abad,,Million of cubic metres per annum,781.4
2015,Annual,National,Freshwater withdrawal,Jalal-Abad,,Million of cubic metres per annum,985.7
2016,Annual,National,Freshwater withdrawal,Jalal-Abad,,Million of cubic metres per annum,948.9
2017,Annual,National,Freshwater withdrawal,Jalal-Abad,,Million of cubic metres per annum,936.2
2018,Annual,National,Freshwater withdrawal,Jalal-Abad,,Million of cubic metres per annum,926.6
2010,Annual,National,Freshwater withdrawal,Issyk-Kul,,Million of cubic metres per annum,555.3
2011,Annual,National,Freshwater withdrawal,Issyk-Kul,,Million of cubic metres per annum,905.6
2012,Annual,National,Freshwater withdrawal,Issyk-Kul,,Million of cubic metres per annum,966.4
2013,Annual,National,Freshwater withdrawal,Issyk-Kul,,Million of cubic metres per annum,628.3
2014,Annual,National,Freshwater withdrawal,Issyk-Kul,,Million of cubic metres per annum,628.5
2015,Annual,National,Freshwater withdrawal,Issyk-Kul,,Million of cubic metres per annum,578.9
2016,Annual,National,Freshwater withdrawal,Issyk-Kul,,Million of cubic metres per annum,524.6
2017,Annual,National,Freshwater withdrawal,Issyk-Kul,,Million of cubic metres per annum,623.7
2018,Annual,National,Freshwater withdrawal,Issyk-Kul,,Million of cubic metres per annum,621.1
2010,Annual,National,Freshwater withdrawal,Naryn,,Million of cubic metres per annum,592.3
2011,Annual,National,Freshwater withdrawal,Naryn,,Million of cubic metres per annum,590.7
2012,Annual,National,Freshwater withdrawal,Naryn,,Million of cubic metres per annum,636.4
2013,Annual,National,Freshwater withdrawal,Naryn,,Million of cubic metres per annum,644.2
2014,Annual,National,Freshwater withdrawal,Naryn,,Million of cubic metres per annum,607.7
2015,Annual,National,Freshwater withdrawal,Naryn,,Million of cubic metres per annum,620.5
2016,Annual,National,Freshwater withdrawal,Naryn,,Million of cubic metres per annum,607.7
2017,Annual,National,Freshwater withdrawal,Naryn,,Million of cubic metres per annum,614.8
2018,Annual,National,Freshwater withdrawal,Naryn,,Million of cubic metres per annum,642.3
2010,Annual,National,Freshwater withdrawal,Osh,,Million of cubic metres per annum,1290.3
2011,Annual,National,Freshwater withdrawal,Osh,,Million of cubic metres per annum,1160.5
2012,Annual,National,Freshwater withdrawal,Osh,,Million of cubic metres per annum,1439.2
2013,Annual,National,Freshwater withdrawal,Osh,,Million of cubic metres per annum,1392.6
2014,Annual,National,Freshwater withdrawal,Osh,,Million of cubic metres per annum,1133.0
2015,Annual,National,Freshwater withdrawal,Osh,,Million of cubic metres per annum,1190.1
2016,Annual,National,Freshwater withdrawal,Osh,,Million of cubic metres per annum,1125.2
2017,Annual,National,Freshwater withdrawal,Osh,,Million of cubic metres per annum,1183.5
2018,Annual,National,Freshwater withdrawal,Osh,,Million of cubic metres per annum,1144.2
2010,Annual,National,Freshwater withdrawal,Talas,,Million of cubic metres per annum,828.8
2011,Annual,National,Freshwater withdrawal,Talas,,Million of cubic metres per annum,884.7
2012,Annual,National,Freshwater withdrawal,Talas,,Million of cubic metres per annum,904.0
2013,Annual,National,Freshwater withdrawal,Talas,,Million of cubic metres per annum,938.2
2014,Annual,National,Freshwater withdrawal,Talas,,Million of cubic metres per annum,882.9
2015,Annual,National,Freshwater withdrawal,Talas,,Million of cubic metres per annum,1011.8
2016,Annual,National,Freshwater withdrawal,Talas,,Million of cubic metres per annum,944.0
2017,Annual,National,Freshwater withdrawal,Talas,,Million of cubic metres per annum,991.6
2018,Annual,National,Freshwater withdrawal,Talas,,Million of cubic metres per annum,963.3
2010,Annual,National,Freshwater withdrawal,Chui,,Million of cubic metres per annum,2803.6
2011,Annual,National,Freshwater withdrawal,Chui,,Million of cubic metres per annum,3138.1
2012,Annual,National,Freshwater withdrawal,Chui,,Million of cubic metres per annum,4140.0
2013,Annual,National,Freshwater withdrawal,Chui,,Million of cubic metres per annum,3039.3
2014,Annual,National,Freshwater withdrawal,Chui,,Million of cubic metres per annum,2833.6
2015,Annual,National,Freshwater withdrawal,Chui,,Million of cubic metres per annum,2368.2
2016,Annual,National,Freshwater withdrawal,Chui,,Million of cubic metres per annum,2367.9
2017,Annual,National,Freshwater withdrawal,Chui,,Million of cubic metres per annum,2500.5
2018,Annual,National,Freshwater withdrawal,Chui,,Million of cubic metres per annum,2634.0
2010,Annual,National,Freshwater withdrawal,Bishkek (city),,Million of cubic metres per annum,135.9
2011,Annual,National,Freshwater withdrawal,Bishkek (city),,Million of cubic metres per annum,113.4
2012,Annual,National,Freshwater withdrawal,Bishkek (city),,Million of cubic metres per annum,114.5
2013,Annual,National,Freshwater withdrawal,Bishkek (city),,Million of cubic metres per annum,115.7
2014,Annual,National,Freshwater withdrawal,Bishkek (city),,Million of cubic metres per annum,118.8
2015,Annual,National,Freshwater withdrawal,Bishkek (city),,Million of cubic metres per annum,113.7
2016,Annual,National,Freshwater withdrawal,Bishkek (city),,Million of cubic metres per annum,113.2
2017,Annual,National,Freshwater withdrawal,Bishkek (city),,Million of cubic metres per annum,117.7
2018,Annual,National,Freshwater withdrawal,Bishkek (city),,Million of cubic metres per annum,121.8
2010,Annual,National,Freshwater withdrawal,Osh (city),,Million of cubic metres per annum,82.9
2011,Annual,National,Freshwater withdrawal,Osh (city),,Million of cubic metres per annum,57.1
2012,Annual,National,Freshwater withdrawal,Osh (city),,Million of cubic metres per annum,57.1
2013,Annual,National,Freshwater withdrawal,Osh (city),,Million of cubic metres per annum,57.1
2014,Annual,National,Freshwater withdrawal,Osh (city),,Million of cubic metres per annum,57.1
2015,Annual,National,Freshwater withdrawal,Osh (city),,Million of cubic metres per annum,57.1
2016,Annual,National,Freshwater withdrawal,Osh (city),,Million of cubic metres per annum,57.0
2017,Annual,National,Freshwater withdrawal,Osh (city),,Million of cubic metres per annum,57.0
2018,Annual,National,Freshwater withdrawal,Osh (city),,Million of cubic metres per annum,57.0
