Year,Frequency of observation,Reporting type,SDG Series,Reference area,Unit of measure,Value
2010,Annual,National,Annual growth rate of real GDP per capita,Kyrgyzstan,Percent,-1.8
2011,Annual,National,Annual growth rate of real GDP per capita,Kyrgyzstan,Percent,4.7
2012,Annual,National,Annual growth rate of real GDP per capita,Kyrgyzstan,Percent,-1.8
2013,Annual,National,Annual growth rate of real GDP per capita,Kyrgyzstan,Percent,8.6
2014,Annual,National,Annual growth rate of real GDP per capita,Kyrgyzstan,Percent,1.8
2015,Annual,National,Annual growth rate of real GDP per capita,Kyrgyzstan,Percent,1.7
2016,Annual,National,Annual growth rate of real GDP per capita,Kyrgyzstan,Percent,2.1
2017,Annual,National,Annual growth rate of real GDP per capita,Kyrgyzstan,Percent,2.6
2018,Annual,National,Annual growth rate of real GDP per capita,Kyrgyzstan,Percent,1.7
