Year,concept.FREQ,concept.REPORTING_TYPE,Series,concept.REF_AREA,Units,Value
2010,CL_FREQ.A,CL_REPORTING_TYPE.N,CL_SERIES.NY_GDP_PCAP,CL_AREA.KG,CL_UNIT_MEASURE.PT,-1.8
2011,CL_FREQ.A,CL_REPORTING_TYPE.N,CL_SERIES.NY_GDP_PCAP,CL_AREA.KG,CL_UNIT_MEASURE.PT,4.7
2012,CL_FREQ.A,CL_REPORTING_TYPE.N,CL_SERIES.NY_GDP_PCAP,CL_AREA.KG,CL_UNIT_MEASURE.PT,-1.8
2013,CL_FREQ.A,CL_REPORTING_TYPE.N,CL_SERIES.NY_GDP_PCAP,CL_AREA.KG,CL_UNIT_MEASURE.PT,8.6
2014,CL_FREQ.A,CL_REPORTING_TYPE.N,CL_SERIES.NY_GDP_PCAP,CL_AREA.KG,CL_UNIT_MEASURE.PT,1.8
2015,CL_FREQ.A,CL_REPORTING_TYPE.N,CL_SERIES.NY_GDP_PCAP,CL_AREA.KG,CL_UNIT_MEASURE.PT,1.7
2016,CL_FREQ.A,CL_REPORTING_TYPE.N,CL_SERIES.NY_GDP_PCAP,CL_AREA.KG,CL_UNIT_MEASURE.PT,2.1
2017,CL_FREQ.A,CL_REPORTING_TYPE.N,CL_SERIES.NY_GDP_PCAP,CL_AREA.KG,CL_UNIT_MEASURE.PT,2.6
2018,CL_FREQ.A,CL_REPORTING_TYPE.N,CL_SERIES.NY_GDP_PCAP,CL_AREA.KG,CL_UNIT_MEASURE.PT,1.7
