Year,concept.FREQ,concept.REPORTING_TYPE,Series,concept.REF_AREA,concept.SEX,concept.ACTIVITY,Units,Value
2011,CL_FREQ.A,CL_REPORTING_TYPE.N,CL_SERIES._L_KG_080501_1,CL_AREA.KG,CL_SEX.F,,CL_UNIT_MEASURE.CUR_LCU,8365.6
2011,CL_FREQ.A,CL_REPORTING_TYPE.N,CL_SERIES._L_KG_080501_1,CL_AREA.KG,CL_SEX.M,,CL_UNIT_MEASURE.CUR_LCU,10675.2
2012,CL_FREQ.A,CL_REPORTING_TYPE.N,CL_SERIES._L_KG_080501_1,CL_AREA.KG,CL_SEX.F,,CL_UNIT_MEASURE.CUR_LCU,8700.3
2012,CL_FREQ.A,CL_REPORTING_TYPE.N,CL_SERIES._L_KG_080501_1,CL_AREA.KG,CL_SEX.M,,CL_UNIT_MEASURE.CUR_LCU,11716.3
2013,CL_FREQ.A,CL_REPORTING_TYPE.N,CL_SERIES._L_KG_080501_1,CL_AREA.KG,CL_SEX.F,,CL_UNIT_MEASURE.CUR_LCU,9113.1
2013,CL_FREQ.A,CL_REPORTING_TYPE.N,CL_SERIES._L_KG_080501_1,CL_AREA.KG,CL_SEX.M,,CL_UNIT_MEASURE.CUR_LCU,12439.5
2014,CL_FREQ.A,CL_REPORTING_TYPE.N,CL_SERIES._L_KG_080501_1,CL_AREA.KG,CL_SEX.F,,CL_UNIT_MEASURE.CUR_LCU,9732.4
2014,CL_FREQ.A,CL_REPORTING_TYPE.N,CL_SERIES._L_KG_080501_1,CL_AREA.KG,CL_SEX.M,,CL_UNIT_MEASURE.CUR_LCU,13694.6
2015,CL_FREQ.A,CL_REPORTING_TYPE.N,CL_SERIES._L_KG_080501_1,CL_AREA.KG,CL_SEX.F,,CL_UNIT_MEASURE.CUR_LCU,11125.3
2015,CL_FREQ.A,CL_REPORTING_TYPE.N,CL_SERIES._L_KG_080501_1,CL_AREA.KG,CL_SEX.M,,CL_UNIT_MEASURE.CUR_LCU,14742.8
2016,CL_FREQ.A,CL_REPORTING_TYPE.N,CL_SERIES._L_KG_080501_1,CL_AREA.KG,CL_SEX.F,,CL_UNIT_MEASURE.CUR_LCU,11742.9
2016,CL_FREQ.A,CL_REPORTING_TYPE.N,CL_SERIES._L_KG_080501_1,CL_AREA.KG,CL_SEX.M,,CL_UNIT_MEASURE.CUR_LCU,15591.5
2017,CL_FREQ.A,CL_REPORTING_TYPE.N,CL_SERIES._L_KG_080501_1,CL_AREA.KG,CL_SEX.F,,CL_UNIT_MEASURE.CUR_LCU,12182.8
2017,CL_FREQ.A,CL_REPORTING_TYPE.N,CL_SERIES._L_KG_080501_1,CL_AREA.KG,CL_SEX.M,,CL_UNIT_MEASURE.CUR_LCU,16802.1
2018,CL_FREQ.A,CL_REPORTING_TYPE.N,CL_SERIES._L_KG_080501_1,CL_AREA.KG,CL_SEX.F,,CL_UNIT_MEASURE.CUR_LCU,12573.5
2018,CL_FREQ.A,CL_REPORTING_TYPE.N,CL_SERIES._L_KG_080501_1,CL_AREA.KG,CL_SEX.M,,CL_UNIT_MEASURE.CUR_LCU,17556.4
2011,CL_FREQ.A,CL_REPORTING_TYPE.N,CL_SERIES._L_KG_080501_1,CL_AREA.KG,CL_SEX.F,CL_ACTIVITY.ISIC4_A,CL_UNIT_MEASURE.CUR_LCU,4548.5
2011,CL_FREQ.A,CL_REPORTING_TYPE.N,CL_SERIES._L_KG_080501_1,CL_AREA.KG,CL_SEX.M,CL_ACTIVITY.ISIC4_A,CL_UNIT_MEASURE.CUR_LCU,4561.6
2012,CL_FREQ.A,CL_REPORTING_TYPE.N,CL_SERIES._L_KG_080501_1,CL_AREA.KG,CL_SEX.F,CL_ACTIVITY.ISIC4_A,CL_UNIT_MEASURE.CUR_LCU,4726.7
2012,CL_FREQ.A,CL_REPORTING_TYPE.N,CL_SERIES._L_KG_080501_1,CL_AREA.KG,CL_SEX.M,CL_ACTIVITY.ISIC4_A,CL_UNIT_MEASURE.CUR_LCU,4879.9
2013,CL_FREQ.A,CL_REPORTING_TYPE.N,CL_SERIES._L_KG_080501_1,CL_AREA.KG,CL_SEX.F,CL_ACTIVITY.ISIC4_A,CL_UNIT_MEASURE.CUR_LCU,5230.8
2013,CL_FREQ.A,CL_REPORTING_TYPE.N,CL_SERIES._L_KG_080501_1,CL_AREA.KG,CL_SEX.M,CL_ACTIVITY.ISIC4_A,CL_UNIT_MEASURE.CUR_LCU,5699.4
2014,CL_FREQ.A,CL_REPORTING_TYPE.N,CL_SERIES._L_KG_080501_1,CL_AREA.KG,CL_SEX.F,CL_ACTIVITY.ISIC4_A,CL_UNIT_MEASURE.CUR_LCU,6192.7
2014,CL_FREQ.A,CL_REPORTING_TYPE.N,CL_SERIES._L_KG_080501_1,CL_AREA.KG,CL_SEX.M,CL_ACTIVITY.ISIC4_A,CL_UNIT_MEASURE.CUR_LCU,6074.3
2015,CL_FREQ.A,CL_REPORTING_TYPE.N,CL_SERIES._L_KG_080501_1,CL_AREA.KG,CL_SEX.F,CL_ACTIVITY.ISIC4_A,CL_UNIT_MEASURE.CUR_LCU,7378.6
2015,CL_FREQ.A,CL_REPORTING_TYPE.N,CL_SERIES._L_KG_080501_1,CL_AREA.KG,CL_SEX.M,CL_ACTIVITY.ISIC4_A,CL_UNIT_MEASURE.CUR_LCU,9018.1
2016,CL_FREQ.A,CL_REPORTING_TYPE.N,CL_SERIES._L_KG_080501_1,CL_AREA.KG,CL_SEX.F,CL_ACTIVITY.ISIC4_A,CL_UNIT_MEASURE.CUR_LCU,7390.0
2016,CL_FREQ.A,CL_REPORTING_TYPE.N,CL_SERIES._L_KG_080501_1,CL_AREA.KG,CL_SEX.M,CL_ACTIVITY.ISIC4_A,CL_UNIT_MEASURE.CUR_LCU,8359.8
2017,CL_FREQ.A,CL_REPORTING_TYPE.N,CL_SERIES._L_KG_080501_1,CL_AREA.KG,CL_SEX.F,CL_ACTIVITY.ISIC4_A,CL_UNIT_MEASURE.CUR_LCU,8497.0
2017,CL_FREQ.A,CL_REPORTING_TYPE.N,CL_SERIES._L_KG_080501_1,CL_AREA.KG,CL_SEX.M,CL_ACTIVITY.ISIC4_A,CL_UNIT_MEASURE.CUR_LCU,8922.4
2018,CL_FREQ.A,CL_REPORTING_TYPE.N,CL_SERIES._L_KG_080501_1,CL_AREA.KG,CL_SEX.F,CL_ACTIVITY.ISIC4_A,CL_UNIT_MEASURE.CUR_LCU,8905.7
2018,CL_FREQ.A,CL_REPORTING_TYPE.N,CL_SERIES._L_KG_080501_1,CL_AREA.KG,CL_SEX.M,CL_ACTIVITY.ISIC4_A,CL_UNIT_MEASURE.CUR_LCU,9116.6
2011,CL_FREQ.A,CL_REPORTING_TYPE.N,CL_SERIES._L_KG_080501_1,CL_AREA.KG,CL_SEX.F,CL_ACTIVITY.ISIC4_B,CL_UNIT_MEASURE.CUR_LCU,10291.1
2011,CL_FREQ.A,CL_REPORTING_TYPE.N,CL_SERIES._L_KG_080501_1,CL_AREA.KG,CL_SEX.M,CL_ACTIVITY.ISIC4_B,CL_UNIT_MEASURE.CUR_LCU,10478.8
2012,CL_FREQ.A,CL_REPORTING_TYPE.N,CL_SERIES._L_KG_080501_1,CL_AREA.KG,CL_SEX.F,CL_ACTIVITY.ISIC4_B,CL_UNIT_MEASURE.CUR_LCU,13648.2
2012,CL_FREQ.A,CL_REPORTING_TYPE.N,CL_SERIES._L_KG_080501_1,CL_AREA.KG,CL_SEX.M,CL_ACTIVITY.ISIC4_B,CL_UNIT_MEASURE.CUR_LCU,17111.1
2013,CL_FREQ.A,CL_REPORTING_TYPE.N,CL_SERIES._L_KG_080501_1,CL_AREA.KG,CL_SEX.F,CL_ACTIVITY.ISIC4_B,CL_UNIT_MEASURE.CUR_LCU,13694.6
2013,CL_FREQ.A,CL_REPORTING_TYPE.N,CL_SERIES._L_KG_080501_1,CL_AREA.KG,CL_SEX.M,CL_ACTIVITY.ISIC4_B,CL_UNIT_MEASURE.CUR_LCU,14402.8
2014,CL_FREQ.A,CL_REPORTING_TYPE.N,CL_SERIES._L_KG_080501_1,CL_AREA.KG,CL_SEX.F,CL_ACTIVITY.ISIC4_B,CL_UNIT_MEASURE.CUR_LCU,14243.4
2014,CL_FREQ.A,CL_REPORTING_TYPE.N,CL_SERIES._L_KG_080501_1,CL_AREA.KG,CL_SEX.M,CL_ACTIVITY.ISIC4_B,CL_UNIT_MEASURE.CUR_LCU,15562.2
2015,CL_FREQ.A,CL_REPORTING_TYPE.N,CL_SERIES._L_KG_080501_1,CL_AREA.KG,CL_SEX.F,CL_ACTIVITY.ISIC4_B,CL_UNIT_MEASURE.CUR_LCU,20206.2
2015,CL_FREQ.A,CL_REPORTING_TYPE.N,CL_SERIES._L_KG_080501_1,CL_AREA.KG,CL_SEX.M,CL_ACTIVITY.ISIC4_B,CL_UNIT_MEASURE.CUR_LCU,20843.9
2016,CL_FREQ.A,CL_REPORTING_TYPE.N,CL_SERIES._L_KG_080501_1,CL_AREA.KG,CL_SEX.F,CL_ACTIVITY.ISIC4_B,CL_UNIT_MEASURE.CUR_LCU,23165.5
2016,CL_FREQ.A,CL_REPORTING_TYPE.N,CL_SERIES._L_KG_080501_1,CL_AREA.KG,CL_SEX.M,CL_ACTIVITY.ISIC4_B,CL_UNIT_MEASURE.CUR_LCU,25767.3
2017,CL_FREQ.A,CL_REPORTING_TYPE.N,CL_SERIES._L_KG_080501_1,CL_AREA.KG,CL_SEX.F,CL_ACTIVITY.ISIC4_B,CL_UNIT_MEASURE.CUR_LCU,22098.5
2017,CL_FREQ.A,CL_REPORTING_TYPE.N,CL_SERIES._L_KG_080501_1,CL_AREA.KG,CL_SEX.M,CL_ACTIVITY.ISIC4_B,CL_UNIT_MEASURE.CUR_LCU,23738.0
2018,CL_FREQ.A,CL_REPORTING_TYPE.N,CL_SERIES._L_KG_080501_1,CL_AREA.KG,CL_SEX.F,CL_ACTIVITY.ISIC4_B,CL_UNIT_MEASURE.CUR_LCU,19858.6
2018,CL_FREQ.A,CL_REPORTING_TYPE.N,CL_SERIES._L_KG_080501_1,CL_AREA.KG,CL_SEX.M,CL_ACTIVITY.ISIC4_B,CL_UNIT_MEASURE.CUR_LCU,26349.6
2011,CL_FREQ.A,CL_REPORTING_TYPE.N,CL_SERIES._L_KG_080501_1,CL_AREA.KG,CL_SEX.F,CL_ACTIVITY.ISIC4_C,CL_UNIT_MEASURE.CUR_LCU,7779.9
2011,CL_FREQ.A,CL_REPORTING_TYPE.N,CL_SERIES._L_KG_080501_1,CL_AREA.KG,CL_SEX.M,CL_ACTIVITY.ISIC4_C,CL_UNIT_MEASURE.CUR_LCU,10879.1
2012,CL_FREQ.A,CL_REPORTING_TYPE.N,CL_SERIES._L_KG_080501_1,CL_AREA.KG,CL_SEX.F,CL_ACTIVITY.ISIC4_C,CL_UNIT_MEASURE.CUR_LCU,9583.2
2012,CL_FREQ.A,CL_REPORTING_TYPE.N,CL_SERIES._L_KG_080501_1,CL_AREA.KG,CL_SEX.M,CL_ACTIVITY.ISIC4_C,CL_UNIT_MEASURE.CUR_LCU,11594.8
2013,CL_FREQ.A,CL_REPORTING_TYPE.N,CL_SERIES._L_KG_080501_1,CL_AREA.KG,CL_SEX.F,CL_ACTIVITY.ISIC4_C,CL_UNIT_MEASURE.CUR_LCU,9506.6
2013,CL_FREQ.A,CL_REPORTING_TYPE.N,CL_SERIES._L_KG_080501_1,CL_AREA.KG,CL_SEX.M,CL_ACTIVITY.ISIC4_C,CL_UNIT_MEASURE.CUR_LCU,12216.2
2014,CL_FREQ.A,CL_REPORTING_TYPE.N,CL_SERIES._L_KG_080501_1,CL_AREA.KG,CL_SEX.F,CL_ACTIVITY.ISIC4_C,CL_UNIT_MEASURE.CUR_LCU,10322.0
2014,CL_FREQ.A,CL_REPORTING_TYPE.N,CL_SERIES._L_KG_080501_1,CL_AREA.KG,CL_SEX.M,CL_ACTIVITY.ISIC4_C,CL_UNIT_MEASURE.CUR_LCU,13090.4
2015,CL_FREQ.A,CL_REPORTING_TYPE.N,CL_SERIES._L_KG_080501_1,CL_AREA.KG,CL_SEX.F,CL_ACTIVITY.ISIC4_C,CL_UNIT_MEASURE.CUR_LCU,11022.6
2015,CL_FREQ.A,CL_REPORTING_TYPE.N,CL_SERIES._L_KG_080501_1,CL_AREA.KG,CL_SEX.M,CL_ACTIVITY.ISIC4_C,CL_UNIT_MEASURE.CUR_LCU,13740.0
2016,CL_FREQ.A,CL_REPORTING_TYPE.N,CL_SERIES._L_KG_080501_1,CL_AREA.KG,CL_SEX.F,CL_ACTIVITY.ISIC4_C,CL_UNIT_MEASURE.CUR_LCU,11949.9
2016,CL_FREQ.A,CL_REPORTING_TYPE.N,CL_SERIES._L_KG_080501_1,CL_AREA.KG,CL_SEX.M,CL_ACTIVITY.ISIC4_C,CL_UNIT_MEASURE.CUR_LCU,15076.2
2017,CL_FREQ.A,CL_REPORTING_TYPE.N,CL_SERIES._L_KG_080501_1,CL_AREA.KG,CL_SEX.F,CL_ACTIVITY.ISIC4_C,CL_UNIT_MEASURE.CUR_LCU,12736.5
2017,CL_FREQ.A,CL_REPORTING_TYPE.N,CL_SERIES._L_KG_080501_1,CL_AREA.KG,CL_SEX.M,CL_ACTIVITY.ISIC4_C,CL_UNIT_MEASURE.CUR_LCU,15802.1
2018,CL_FREQ.A,CL_REPORTING_TYPE.N,CL_SERIES._L_KG_080501_1,CL_AREA.KG,CL_SEX.F,CL_ACTIVITY.ISIC4_C,CL_UNIT_MEASURE.CUR_LCU,13704.7
2018,CL_FREQ.A,CL_REPORTING_TYPE.N,CL_SERIES._L_KG_080501_1,CL_AREA.KG,CL_SEX.M,CL_ACTIVITY.ISIC4_C,CL_UNIT_MEASURE.CUR_LCU,16711.7
2011,CL_FREQ.A,CL_REPORTING_TYPE.N,CL_SERIES._L_KG_080501_1,CL_AREA.KG,CL_SEX.F,CL_ACTIVITY.ISIC4_D,CL_UNIT_MEASURE.CUR_LCU,14160.1
2011,CL_FREQ.A,CL_REPORTING_TYPE.N,CL_SERIES._L_KG_080501_1,CL_AREA.KG,CL_SEX.M,CL_ACTIVITY.ISIC4_D,CL_UNIT_MEASURE.CUR_LCU,15121.5
2012,CL_FREQ.A,CL_REPORTING_TYPE.N,CL_SERIES._L_KG_080501_1,CL_AREA.KG,CL_SEX.F,CL_ACTIVITY.ISIC4_D,CL_UNIT_MEASURE.CUR_LCU,18564.4
2012,CL_FREQ.A,CL_REPORTING_TYPE.N,CL_SERIES._L_KG_080501_1,CL_AREA.KG,CL_SEX.M,CL_ACTIVITY.ISIC4_D,CL_UNIT_MEASURE.CUR_LCU,18018.1
2013,CL_FREQ.A,CL_REPORTING_TYPE.N,CL_SERIES._L_KG_080501_1,CL_AREA.KG,CL_SEX.F,CL_ACTIVITY.ISIC4_D,CL_UNIT_MEASURE.CUR_LCU,17006.4
2013,CL_FREQ.A,CL_REPORTING_TYPE.N,CL_SERIES._L_KG_080501_1,CL_AREA.KG,CL_SEX.M,CL_ACTIVITY.ISIC4_D,CL_UNIT_MEASURE.CUR_LCU,17317.9
2014,CL_FREQ.A,CL_REPORTING_TYPE.N,CL_SERIES._L_KG_080501_1,CL_AREA.KG,CL_SEX.F,CL_ACTIVITY.ISIC4_D,CL_UNIT_MEASURE.CUR_LCU,19774.7
2014,CL_FREQ.A,CL_REPORTING_TYPE.N,CL_SERIES._L_KG_080501_1,CL_AREA.KG,CL_SEX.M,CL_ACTIVITY.ISIC4_D,CL_UNIT_MEASURE.CUR_LCU,19512.8
2015,CL_FREQ.A,CL_REPORTING_TYPE.N,CL_SERIES._L_KG_080501_1,CL_AREA.KG,CL_SEX.F,CL_ACTIVITY.ISIC4_D,CL_UNIT_MEASURE.CUR_LCU,22865.4
2015,CL_FREQ.A,CL_REPORTING_TYPE.N,CL_SERIES._L_KG_080501_1,CL_AREA.KG,CL_SEX.M,CL_ACTIVITY.ISIC4_D,CL_UNIT_MEASURE.CUR_LCU,23517.5
2016,CL_FREQ.A,CL_REPORTING_TYPE.N,CL_SERIES._L_KG_080501_1,CL_AREA.KG,CL_SEX.F,CL_ACTIVITY.ISIC4_D,CL_UNIT_MEASURE.CUR_LCU,23702.8
2016,CL_FREQ.A,CL_REPORTING_TYPE.N,CL_SERIES._L_KG_080501_1,CL_AREA.KG,CL_SEX.M,CL_ACTIVITY.ISIC4_D,CL_UNIT_MEASURE.CUR_LCU,24212.7
2017,CL_FREQ.A,CL_REPORTING_TYPE.N,CL_SERIES._L_KG_080501_1,CL_AREA.KG,CL_SEX.F,CL_ACTIVITY.ISIC4_D,CL_UNIT_MEASURE.CUR_LCU,24394.9
2017,CL_FREQ.A,CL_REPORTING_TYPE.N,CL_SERIES._L_KG_080501_1,CL_AREA.KG,CL_SEX.M,CL_ACTIVITY.ISIC4_D,CL_UNIT_MEASURE.CUR_LCU,24266.4
2018,CL_FREQ.A,CL_REPORTING_TYPE.N,CL_SERIES._L_KG_080501_1,CL_AREA.KG,CL_SEX.F,CL_ACTIVITY.ISIC4_D,CL_UNIT_MEASURE.CUR_LCU,24855.0
2018,CL_FREQ.A,CL_REPORTING_TYPE.N,CL_SERIES._L_KG_080501_1,CL_AREA.KG,CL_SEX.M,CL_ACTIVITY.ISIC4_D,CL_UNIT_MEASURE.CUR_LCU,26772.1
2011,CL_FREQ.A,CL_REPORTING_TYPE.N,CL_SERIES._L_KG_080501_1,CL_AREA.KG,CL_SEX.F,CL_ACTIVITY.ISIC4_E,CL_UNIT_MEASURE.CUR_LCU,7097.9
2011,CL_FREQ.A,CL_REPORTING_TYPE.N,CL_SERIES._L_KG_080501_1,CL_AREA.KG,CL_SEX.M,CL_ACTIVITY.ISIC4_E,CL_UNIT_MEASURE.CUR_LCU,8512.1
2012,CL_FREQ.A,CL_REPORTING_TYPE.N,CL_SERIES._L_KG_080501_1,CL_AREA.KG,CL_SEX.F,CL_ACTIVITY.ISIC4_E,CL_UNIT_MEASURE.CUR_LCU,7874.8
2012,CL_FREQ.A,CL_REPORTING_TYPE.N,CL_SERIES._L_KG_080501_1,CL_AREA.KG,CL_SEX.M,CL_ACTIVITY.ISIC4_E,CL_UNIT_MEASURE.CUR_LCU,9348.3
2013,CL_FREQ.A,CL_REPORTING_TYPE.N,CL_SERIES._L_KG_080501_1,CL_AREA.KG,CL_SEX.F,CL_ACTIVITY.ISIC4_E,CL_UNIT_MEASURE.CUR_LCU,8309.5
2013,CL_FREQ.A,CL_REPORTING_TYPE.N,CL_SERIES._L_KG_080501_1,CL_AREA.KG,CL_SEX.M,CL_ACTIVITY.ISIC4_E,CL_UNIT_MEASURE.CUR_LCU,10479.9
2014,CL_FREQ.A,CL_REPORTING_TYPE.N,CL_SERIES._L_KG_080501_1,CL_AREA.KG,CL_SEX.F,CL_ACTIVITY.ISIC4_E,CL_UNIT_MEASURE.CUR_LCU,8752.5
2014,CL_FREQ.A,CL_REPORTING_TYPE.N,CL_SERIES._L_KG_080501_1,CL_AREA.KG,CL_SEX.M,CL_ACTIVITY.ISIC4_E,CL_UNIT_MEASURE.CUR_LCU,12181.5
2015,CL_FREQ.A,CL_REPORTING_TYPE.N,CL_SERIES._L_KG_080501_1,CL_AREA.KG,CL_SEX.F,CL_ACTIVITY.ISIC4_E,CL_UNIT_MEASURE.CUR_LCU,9335.7
2015,CL_FREQ.A,CL_REPORTING_TYPE.N,CL_SERIES._L_KG_080501_1,CL_AREA.KG,CL_SEX.M,CL_ACTIVITY.ISIC4_E,CL_UNIT_MEASURE.CUR_LCU,11772.3
2016,CL_FREQ.A,CL_REPORTING_TYPE.N,CL_SERIES._L_KG_080501_1,CL_AREA.KG,CL_SEX.F,CL_ACTIVITY.ISIC4_E,CL_UNIT_MEASURE.CUR_LCU,10668.2
2016,CL_FREQ.A,CL_REPORTING_TYPE.N,CL_SERIES._L_KG_080501_1,CL_AREA.KG,CL_SEX.M,CL_ACTIVITY.ISIC4_E,CL_UNIT_MEASURE.CUR_LCU,12166.8
2017,CL_FREQ.A,CL_REPORTING_TYPE.N,CL_SERIES._L_KG_080501_1,CL_AREA.KG,CL_SEX.F,CL_ACTIVITY.ISIC4_E,CL_UNIT_MEASURE.CUR_LCU,11217.0
2017,CL_FREQ.A,CL_REPORTING_TYPE.N,CL_SERIES._L_KG_080501_1,CL_AREA.KG,CL_SEX.M,CL_ACTIVITY.ISIC4_E,CL_UNIT_MEASURE.CUR_LCU,13276.3
2018,CL_FREQ.A,CL_REPORTING_TYPE.N,CL_SERIES._L_KG_080501_1,CL_AREA.KG,CL_SEX.F,CL_ACTIVITY.ISIC4_E,CL_UNIT_MEASURE.CUR_LCU,11809.7
2018,CL_FREQ.A,CL_REPORTING_TYPE.N,CL_SERIES._L_KG_080501_1,CL_AREA.KG,CL_SEX.M,CL_ACTIVITY.ISIC4_E,CL_UNIT_MEASURE.CUR_LCU,14015.9
2011,CL_FREQ.A,CL_REPORTING_TYPE.N,CL_SERIES._L_KG_080501_1,CL_AREA.KG,CL_SEX.F,CL_ACTIVITY.ISIC4_F,CL_UNIT_MEASURE.CUR_LCU,7461.7
2011,CL_FREQ.A,CL_REPORTING_TYPE.N,CL_SERIES._L_KG_080501_1,CL_AREA.KG,CL_SEX.M,CL_ACTIVITY.ISIC4_F,CL_UNIT_MEASURE.CUR_LCU,9692.9
2012,CL_FREQ.A,CL_REPORTING_TYPE.N,CL_SERIES._L_KG_080501_1,CL_AREA.KG,CL_SEX.F,CL_ACTIVITY.ISIC4_F,CL_UNIT_MEASURE.CUR_LCU,8708.8
2012,CL_FREQ.A,CL_REPORTING_TYPE.N,CL_SERIES._L_KG_080501_1,CL_AREA.KG,CL_SEX.M,CL_ACTIVITY.ISIC4_F,CL_UNIT_MEASURE.CUR_LCU,10047.4
2013,CL_FREQ.A,CL_REPORTING_TYPE.N,CL_SERIES._L_KG_080501_1,CL_AREA.KG,CL_SEX.F,CL_ACTIVITY.ISIC4_F,CL_UNIT_MEASURE.CUR_LCU,10101.0
2013,CL_FREQ.A,CL_REPORTING_TYPE.N,CL_SERIES._L_KG_080501_1,CL_AREA.KG,CL_SEX.M,CL_ACTIVITY.ISIC4_F,CL_UNIT_MEASURE.CUR_LCU,10554.2
2014,CL_FREQ.A,CL_REPORTING_TYPE.N,CL_SERIES._L_KG_080501_1,CL_AREA.KG,CL_SEX.F,CL_ACTIVITY.ISIC4_F,CL_UNIT_MEASURE.CUR_LCU,8990.4
2014,CL_FREQ.A,CL_REPORTING_TYPE.N,CL_SERIES._L_KG_080501_1,CL_AREA.KG,CL_SEX.M,CL_ACTIVITY.ISIC4_F,CL_UNIT_MEASURE.CUR_LCU,11811.2
2015,CL_FREQ.A,CL_REPORTING_TYPE.N,CL_SERIES._L_KG_080501_1,CL_AREA.KG,CL_SEX.F,CL_ACTIVITY.ISIC4_F,CL_UNIT_MEASURE.CUR_LCU,8991.5
2015,CL_FREQ.A,CL_REPORTING_TYPE.N,CL_SERIES._L_KG_080501_1,CL_AREA.KG,CL_SEX.M,CL_ACTIVITY.ISIC4_F,CL_UNIT_MEASURE.CUR_LCU,11689.2
2016,CL_FREQ.A,CL_REPORTING_TYPE.N,CL_SERIES._L_KG_080501_1,CL_AREA.KG,CL_SEX.F,CL_ACTIVITY.ISIC4_F,CL_UNIT_MEASURE.CUR_LCU,11706.6
2016,CL_FREQ.A,CL_REPORTING_TYPE.N,CL_SERIES._L_KG_080501_1,CL_AREA.KG,CL_SEX.M,CL_ACTIVITY.ISIC4_F,CL_UNIT_MEASURE.CUR_LCU,14730.1
2017,CL_FREQ.A,CL_REPORTING_TYPE.N,CL_SERIES._L_KG_080501_1,CL_AREA.KG,CL_SEX.F,CL_ACTIVITY.ISIC4_F,CL_UNIT_MEASURE.CUR_LCU,14489.9
2017,CL_FREQ.A,CL_REPORTING_TYPE.N,CL_SERIES._L_KG_080501_1,CL_AREA.KG,CL_SEX.M,CL_ACTIVITY.ISIC4_F,CL_UNIT_MEASURE.CUR_LCU,16612.5
2018,CL_FREQ.A,CL_REPORTING_TYPE.N,CL_SERIES._L_KG_080501_1,CL_AREA.KG,CL_SEX.F,CL_ACTIVITY.ISIC4_F,CL_UNIT_MEASURE.CUR_LCU,13824.4
2018,CL_FREQ.A,CL_REPORTING_TYPE.N,CL_SERIES._L_KG_080501_1,CL_AREA.KG,CL_SEX.M,CL_ACTIVITY.ISIC4_F,CL_UNIT_MEASURE.CUR_LCU,16640.2
2011,CL_FREQ.A,CL_REPORTING_TYPE.N,CL_SERIES._L_KG_080501_1,CL_AREA.KG,CL_SEX.F,CL_ACTIVITY.ISIC4_G,CL_UNIT_MEASURE.CUR_LCU,10848.1
2011,CL_FREQ.A,CL_REPORTING_TYPE.N,CL_SERIES._L_KG_080501_1,CL_AREA.KG,CL_SEX.M,CL_ACTIVITY.ISIC4_G,CL_UNIT_MEASURE.CUR_LCU,13252.0
2012,CL_FREQ.A,CL_REPORTING_TYPE.N,CL_SERIES._L_KG_080501_1,CL_AREA.KG,CL_SEX.F,CL_ACTIVITY.ISIC4_G,CL_UNIT_MEASURE.CUR_LCU,10912.9
2012,CL_FREQ.A,CL_REPORTING_TYPE.N,CL_SERIES._L_KG_080501_1,CL_AREA.KG,CL_SEX.M,CL_ACTIVITY.ISIC4_G,CL_UNIT_MEASURE.CUR_LCU,14999.1
2013,CL_FREQ.A,CL_REPORTING_TYPE.N,CL_SERIES._L_KG_080501_1,CL_AREA.KG,CL_SEX.F,CL_ACTIVITY.ISIC4_G,CL_UNIT_MEASURE.CUR_LCU,11559.5
2013,CL_FREQ.A,CL_REPORTING_TYPE.N,CL_SERIES._L_KG_080501_1,CL_AREA.KG,CL_SEX.M,CL_ACTIVITY.ISIC4_G,CL_UNIT_MEASURE.CUR_LCU,15591.8
2014,CL_FREQ.A,CL_REPORTING_TYPE.N,CL_SERIES._L_KG_080501_1,CL_AREA.KG,CL_SEX.F,CL_ACTIVITY.ISIC4_G,CL_UNIT_MEASURE.CUR_LCU,13767.4
2014,CL_FREQ.A,CL_REPORTING_TYPE.N,CL_SERIES._L_KG_080501_1,CL_AREA.KG,CL_SEX.M,CL_ACTIVITY.ISIC4_G,CL_UNIT_MEASURE.CUR_LCU,17200.5
2015,CL_FREQ.A,CL_REPORTING_TYPE.N,CL_SERIES._L_KG_080501_1,CL_AREA.KG,CL_SEX.F,CL_ACTIVITY.ISIC4_G,CL_UNIT_MEASURE.CUR_LCU,12455.4
2015,CL_FREQ.A,CL_REPORTING_TYPE.N,CL_SERIES._L_KG_080501_1,CL_AREA.KG,CL_SEX.M,CL_ACTIVITY.ISIC4_G,CL_UNIT_MEASURE.CUR_LCU,15170.8
2016,CL_FREQ.A,CL_REPORTING_TYPE.N,CL_SERIES._L_KG_080501_1,CL_AREA.KG,CL_SEX.F,CL_ACTIVITY.ISIC4_G,CL_UNIT_MEASURE.CUR_LCU,14647.7
2016,CL_FREQ.A,CL_REPORTING_TYPE.N,CL_SERIES._L_KG_080501_1,CL_AREA.KG,CL_SEX.M,CL_ACTIVITY.ISIC4_G,CL_UNIT_MEASURE.CUR_LCU,17360.8
2017,CL_FREQ.A,CL_REPORTING_TYPE.N,CL_SERIES._L_KG_080501_1,CL_AREA.KG,CL_SEX.F,CL_ACTIVITY.ISIC4_G,CL_UNIT_MEASURE.CUR_LCU,14808.3
2017,CL_FREQ.A,CL_REPORTING_TYPE.N,CL_SERIES._L_KG_080501_1,CL_AREA.KG,CL_SEX.M,CL_ACTIVITY.ISIC4_G,CL_UNIT_MEASURE.CUR_LCU,16556.2
2018,CL_FREQ.A,CL_REPORTING_TYPE.N,CL_SERIES._L_KG_080501_1,CL_AREA.KG,CL_SEX.F,CL_ACTIVITY.ISIC4_G,CL_UNIT_MEASURE.CUR_LCU,16022.1
2018,CL_FREQ.A,CL_REPORTING_TYPE.N,CL_SERIES._L_KG_080501_1,CL_AREA.KG,CL_SEX.M,CL_ACTIVITY.ISIC4_G,CL_UNIT_MEASURE.CUR_LCU,17624.1
2011,CL_FREQ.A,CL_REPORTING_TYPE.N,CL_SERIES._L_KG_080501_1,CL_AREA.KG,CL_SEX.F,CL_ACTIVITY.ISIC4_H,CL_UNIT_MEASURE.CUR_LCU,9395.1
2011,CL_FREQ.A,CL_REPORTING_TYPE.N,CL_SERIES._L_KG_080501_1,CL_AREA.KG,CL_SEX.M,CL_ACTIVITY.ISIC4_H,CL_UNIT_MEASURE.CUR_LCU,12164.4
2012,CL_FREQ.A,CL_REPORTING_TYPE.N,CL_SERIES._L_KG_080501_1,CL_AREA.KG,CL_SEX.F,CL_ACTIVITY.ISIC4_H,CL_UNIT_MEASURE.CUR_LCU,10325.0
2012,CL_FREQ.A,CL_REPORTING_TYPE.N,CL_SERIES._L_KG_080501_1,CL_AREA.KG,CL_SEX.M,CL_ACTIVITY.ISIC4_H,CL_UNIT_MEASURE.CUR_LCU,15698.9
2013,CL_FREQ.A,CL_REPORTING_TYPE.N,CL_SERIES._L_KG_080501_1,CL_AREA.KG,CL_SEX.F,CL_ACTIVITY.ISIC4_H,CL_UNIT_MEASURE.CUR_LCU,11036.2
2013,CL_FREQ.A,CL_REPORTING_TYPE.N,CL_SERIES._L_KG_080501_1,CL_AREA.KG,CL_SEX.M,CL_ACTIVITY.ISIC4_H,CL_UNIT_MEASURE.CUR_LCU,17090.7
2014,CL_FREQ.A,CL_REPORTING_TYPE.N,CL_SERIES._L_KG_080501_1,CL_AREA.KG,CL_SEX.F,CL_ACTIVITY.ISIC4_H,CL_UNIT_MEASURE.CUR_LCU,13857.9
2014,CL_FREQ.A,CL_REPORTING_TYPE.N,CL_SERIES._L_KG_080501_1,CL_AREA.KG,CL_SEX.M,CL_ACTIVITY.ISIC4_H,CL_UNIT_MEASURE.CUR_LCU,21369.2
2015,CL_FREQ.A,CL_REPORTING_TYPE.N,CL_SERIES._L_KG_080501_1,CL_AREA.KG,CL_SEX.F,CL_ACTIVITY.ISIC4_H,CL_UNIT_MEASURE.CUR_LCU,14205.6
2015,CL_FREQ.A,CL_REPORTING_TYPE.N,CL_SERIES._L_KG_080501_1,CL_AREA.KG,CL_SEX.M,CL_ACTIVITY.ISIC4_H,CL_UNIT_MEASURE.CUR_LCU,22780.0
2016,CL_FREQ.A,CL_REPORTING_TYPE.N,CL_SERIES._L_KG_080501_1,CL_AREA.KG,CL_SEX.F,CL_ACTIVITY.ISIC4_H,CL_UNIT_MEASURE.CUR_LCU,13837.2
2016,CL_FREQ.A,CL_REPORTING_TYPE.N,CL_SERIES._L_KG_080501_1,CL_AREA.KG,CL_SEX.M,CL_ACTIVITY.ISIC4_H,CL_UNIT_MEASURE.CUR_LCU,22726.5
2017,CL_FREQ.A,CL_REPORTING_TYPE.N,CL_SERIES._L_KG_080501_1,CL_AREA.KG,CL_SEX.F,CL_ACTIVITY.ISIC4_H,CL_UNIT_MEASURE.CUR_LCU,16074.1
2017,CL_FREQ.A,CL_REPORTING_TYPE.N,CL_SERIES._L_KG_080501_1,CL_AREA.KG,CL_SEX.M,CL_ACTIVITY.ISIC4_H,CL_UNIT_MEASURE.CUR_LCU,25482.6
2018,CL_FREQ.A,CL_REPORTING_TYPE.N,CL_SERIES._L_KG_080501_1,CL_AREA.KG,CL_SEX.F,CL_ACTIVITY.ISIC4_H,CL_UNIT_MEASURE.CUR_LCU,14876.6
2018,CL_FREQ.A,CL_REPORTING_TYPE.N,CL_SERIES._L_KG_080501_1,CL_AREA.KG,CL_SEX.M,CL_ACTIVITY.ISIC4_H,CL_UNIT_MEASURE.CUR_LCU,25678.1
2011,CL_FREQ.A,CL_REPORTING_TYPE.N,CL_SERIES._L_KG_080501_1,CL_AREA.KG,CL_SEX.F,CL_ACTIVITY.ISIC4_I,CL_UNIT_MEASURE.CUR_LCU,7487.3
2011,CL_FREQ.A,CL_REPORTING_TYPE.N,CL_SERIES._L_KG_080501_1,CL_AREA.KG,CL_SEX.M,CL_ACTIVITY.ISIC4_I,CL_UNIT_MEASURE.CUR_LCU,10371.4
2012,CL_FREQ.A,CL_REPORTING_TYPE.N,CL_SERIES._L_KG_080501_1,CL_AREA.KG,CL_SEX.F,CL_ACTIVITY.ISIC4_I,CL_UNIT_MEASURE.CUR_LCU,10012.7
2012,CL_FREQ.A,CL_REPORTING_TYPE.N,CL_SERIES._L_KG_080501_1,CL_AREA.KG,CL_SEX.M,CL_ACTIVITY.ISIC4_I,CL_UNIT_MEASURE.CUR_LCU,10772.3
2013,CL_FREQ.A,CL_REPORTING_TYPE.N,CL_SERIES._L_KG_080501_1,CL_AREA.KG,CL_SEX.F,CL_ACTIVITY.ISIC4_I,CL_UNIT_MEASURE.CUR_LCU,9877.6
2013,CL_FREQ.A,CL_REPORTING_TYPE.N,CL_SERIES._L_KG_080501_1,CL_AREA.KG,CL_SEX.M,CL_ACTIVITY.ISIC4_I,CL_UNIT_MEASURE.CUR_LCU,11218.6
2014,CL_FREQ.A,CL_REPORTING_TYPE.N,CL_SERIES._L_KG_080501_1,CL_AREA.KG,CL_SEX.F,CL_ACTIVITY.ISIC4_I,CL_UNIT_MEASURE.CUR_LCU,9314.5
2014,CL_FREQ.A,CL_REPORTING_TYPE.N,CL_SERIES._L_KG_080501_1,CL_AREA.KG,CL_SEX.M,CL_ACTIVITY.ISIC4_I,CL_UNIT_MEASURE.CUR_LCU,12369.8
2015,CL_FREQ.A,CL_REPORTING_TYPE.N,CL_SERIES._L_KG_080501_1,CL_AREA.KG,CL_SEX.F,CL_ACTIVITY.ISIC4_I,CL_UNIT_MEASURE.CUR_LCU,9799.1
2015,CL_FREQ.A,CL_REPORTING_TYPE.N,CL_SERIES._L_KG_080501_1,CL_AREA.KG,CL_SEX.M,CL_ACTIVITY.ISIC4_I,CL_UNIT_MEASURE.CUR_LCU,12729.2
2016,CL_FREQ.A,CL_REPORTING_TYPE.N,CL_SERIES._L_KG_080501_1,CL_AREA.KG,CL_SEX.F,CL_ACTIVITY.ISIC4_I,CL_UNIT_MEASURE.CUR_LCU,9837.6
2016,CL_FREQ.A,CL_REPORTING_TYPE.N,CL_SERIES._L_KG_080501_1,CL_AREA.KG,CL_SEX.M,CL_ACTIVITY.ISIC4_I,CL_UNIT_MEASURE.CUR_LCU,13681.8
2017,CL_FREQ.A,CL_REPORTING_TYPE.N,CL_SERIES._L_KG_080501_1,CL_AREA.KG,CL_SEX.F,CL_ACTIVITY.ISIC4_I,CL_UNIT_MEASURE.CUR_LCU,11401.1
2017,CL_FREQ.A,CL_REPORTING_TYPE.N,CL_SERIES._L_KG_080501_1,CL_AREA.KG,CL_SEX.M,CL_ACTIVITY.ISIC4_I,CL_UNIT_MEASURE.CUR_LCU,11978.9
2018,CL_FREQ.A,CL_REPORTING_TYPE.N,CL_SERIES._L_KG_080501_1,CL_AREA.KG,CL_SEX.F,CL_ACTIVITY.ISIC4_I,CL_UNIT_MEASURE.CUR_LCU,12791.0
2018,CL_FREQ.A,CL_REPORTING_TYPE.N,CL_SERIES._L_KG_080501_1,CL_AREA.KG,CL_SEX.M,CL_ACTIVITY.ISIC4_I,CL_UNIT_MEASURE.CUR_LCU,15929.9
2011,CL_FREQ.A,CL_REPORTING_TYPE.N,CL_SERIES._L_KG_080501_1,CL_AREA.KG,CL_SEX.F,CL_ACTIVITY.ISIC4_J,CL_UNIT_MEASURE.CUR_LCU,14988.1
2011,CL_FREQ.A,CL_REPORTING_TYPE.N,CL_SERIES._L_KG_080501_1,CL_AREA.KG,CL_SEX.M,CL_ACTIVITY.ISIC4_J,CL_UNIT_MEASURE.CUR_LCU,19715.7
2012,CL_FREQ.A,CL_REPORTING_TYPE.N,CL_SERIES._L_KG_080501_1,CL_AREA.KG,CL_SEX.F,CL_ACTIVITY.ISIC4_J,CL_UNIT_MEASURE.CUR_LCU,15828.9
2012,CL_FREQ.A,CL_REPORTING_TYPE.N,CL_SERIES._L_KG_080501_1,CL_AREA.KG,CL_SEX.M,CL_ACTIVITY.ISIC4_J,CL_UNIT_MEASURE.CUR_LCU,21524.7
2013,CL_FREQ.A,CL_REPORTING_TYPE.N,CL_SERIES._L_KG_080501_1,CL_AREA.KG,CL_SEX.F,CL_ACTIVITY.ISIC4_J,CL_UNIT_MEASURE.CUR_LCU,18211.4
2013,CL_FREQ.A,CL_REPORTING_TYPE.N,CL_SERIES._L_KG_080501_1,CL_AREA.KG,CL_SEX.M,CL_ACTIVITY.ISIC4_J,CL_UNIT_MEASURE.CUR_LCU,24850.9
2014,CL_FREQ.A,CL_REPORTING_TYPE.N,CL_SERIES._L_KG_080501_1,CL_AREA.KG,CL_SEX.F,CL_ACTIVITY.ISIC4_J,CL_UNIT_MEASURE.CUR_LCU,18929.5
2014,CL_FREQ.A,CL_REPORTING_TYPE.N,CL_SERIES._L_KG_080501_1,CL_AREA.KG,CL_SEX.M,CL_ACTIVITY.ISIC4_J,CL_UNIT_MEASURE.CUR_LCU,24702.2
2015,CL_FREQ.A,CL_REPORTING_TYPE.N,CL_SERIES._L_KG_080501_1,CL_AREA.KG,CL_SEX.F,CL_ACTIVITY.ISIC4_J,CL_UNIT_MEASURE.CUR_LCU,19306.4
2015,CL_FREQ.A,CL_REPORTING_TYPE.N,CL_SERIES._L_KG_080501_1,CL_AREA.KG,CL_SEX.M,CL_ACTIVITY.ISIC4_J,CL_UNIT_MEASURE.CUR_LCU,28211.8
2016,CL_FREQ.A,CL_REPORTING_TYPE.N,CL_SERIES._L_KG_080501_1,CL_AREA.KG,CL_SEX.F,CL_ACTIVITY.ISIC4_J,CL_UNIT_MEASURE.CUR_LCU,27087.6
2016,CL_FREQ.A,CL_REPORTING_TYPE.N,CL_SERIES._L_KG_080501_1,CL_AREA.KG,CL_SEX.M,CL_ACTIVITY.ISIC4_J,CL_UNIT_MEASURE.CUR_LCU,24422.4
2017,CL_FREQ.A,CL_REPORTING_TYPE.N,CL_SERIES._L_KG_080501_1,CL_AREA.KG,CL_SEX.F,CL_ACTIVITY.ISIC4_J,CL_UNIT_MEASURE.CUR_LCU,24367.0
2017,CL_FREQ.A,CL_REPORTING_TYPE.N,CL_SERIES._L_KG_080501_1,CL_AREA.KG,CL_SEX.M,CL_ACTIVITY.ISIC4_J,CL_UNIT_MEASURE.CUR_LCU,30262.8
2018,CL_FREQ.A,CL_REPORTING_TYPE.N,CL_SERIES._L_KG_080501_1,CL_AREA.KG,CL_SEX.F,CL_ACTIVITY.ISIC4_J,CL_UNIT_MEASURE.CUR_LCU,26919.8
2018,CL_FREQ.A,CL_REPORTING_TYPE.N,CL_SERIES._L_KG_080501_1,CL_AREA.KG,CL_SEX.M,CL_ACTIVITY.ISIC4_J,CL_UNIT_MEASURE.CUR_LCU,39038.2
2011,CL_FREQ.A,CL_REPORTING_TYPE.N,CL_SERIES._L_KG_080501_1,CL_AREA.KG,CL_SEX.F,CL_ACTIVITY.ISIC4_K,CL_UNIT_MEASURE.CUR_LCU,18256.9
2011,CL_FREQ.A,CL_REPORTING_TYPE.N,CL_SERIES._L_KG_080501_1,CL_AREA.KG,CL_SEX.M,CL_ACTIVITY.ISIC4_K,CL_UNIT_MEASURE.CUR_LCU,23772.5
2012,CL_FREQ.A,CL_REPORTING_TYPE.N,CL_SERIES._L_KG_080501_1,CL_AREA.KG,CL_SEX.F,CL_ACTIVITY.ISIC4_K,CL_UNIT_MEASURE.CUR_LCU,19804.3
2012,CL_FREQ.A,CL_REPORTING_TYPE.N,CL_SERIES._L_KG_080501_1,CL_AREA.KG,CL_SEX.M,CL_ACTIVITY.ISIC4_K,CL_UNIT_MEASURE.CUR_LCU,25192.0
2013,CL_FREQ.A,CL_REPORTING_TYPE.N,CL_SERIES._L_KG_080501_1,CL_AREA.KG,CL_SEX.F,CL_ACTIVITY.ISIC4_K,CL_UNIT_MEASURE.CUR_LCU,21181.1
2013,CL_FREQ.A,CL_REPORTING_TYPE.N,CL_SERIES._L_KG_080501_1,CL_AREA.KG,CL_SEX.M,CL_ACTIVITY.ISIC4_K,CL_UNIT_MEASURE.CUR_LCU,26902.3
2014,CL_FREQ.A,CL_REPORTING_TYPE.N,CL_SERIES._L_KG_080501_1,CL_AREA.KG,CL_SEX.F,CL_ACTIVITY.ISIC4_K,CL_UNIT_MEASURE.CUR_LCU,24106.8
2014,CL_FREQ.A,CL_REPORTING_TYPE.N,CL_SERIES._L_KG_080501_1,CL_AREA.KG,CL_SEX.M,CL_ACTIVITY.ISIC4_K,CL_UNIT_MEASURE.CUR_LCU,32503.3
2015,CL_FREQ.A,CL_REPORTING_TYPE.N,CL_SERIES._L_KG_080501_1,CL_AREA.KG,CL_SEX.F,CL_ACTIVITY.ISIC4_K,CL_UNIT_MEASURE.CUR_LCU,24028.0
2015,CL_FREQ.A,CL_REPORTING_TYPE.N,CL_SERIES._L_KG_080501_1,CL_AREA.KG,CL_SEX.M,CL_ACTIVITY.ISIC4_K,CL_UNIT_MEASURE.CUR_LCU,31556.2
2016,CL_FREQ.A,CL_REPORTING_TYPE.N,CL_SERIES._L_KG_080501_1,CL_AREA.KG,CL_SEX.F,CL_ACTIVITY.ISIC4_K,CL_UNIT_MEASURE.CUR_LCU,24482.4
2016,CL_FREQ.A,CL_REPORTING_TYPE.N,CL_SERIES._L_KG_080501_1,CL_AREA.KG,CL_SEX.M,CL_ACTIVITY.ISIC4_K,CL_UNIT_MEASURE.CUR_LCU,32357.0
2017,CL_FREQ.A,CL_REPORTING_TYPE.N,CL_SERIES._L_KG_080501_1,CL_AREA.KG,CL_SEX.F,CL_ACTIVITY.ISIC4_K,CL_UNIT_MEASURE.CUR_LCU,24810.5
2017,CL_FREQ.A,CL_REPORTING_TYPE.N,CL_SERIES._L_KG_080501_1,CL_AREA.KG,CL_SEX.M,CL_ACTIVITY.ISIC4_K,CL_UNIT_MEASURE.CUR_LCU,36351.7
2018,CL_FREQ.A,CL_REPORTING_TYPE.N,CL_SERIES._L_KG_080501_1,CL_AREA.KG,CL_SEX.F,CL_ACTIVITY.ISIC4_K,CL_UNIT_MEASURE.CUR_LCU,28331.0
2018,CL_FREQ.A,CL_REPORTING_TYPE.N,CL_SERIES._L_KG_080501_1,CL_AREA.KG,CL_SEX.M,CL_ACTIVITY.ISIC4_K,CL_UNIT_MEASURE.CUR_LCU,36192.1
2011,CL_FREQ.A,CL_REPORTING_TYPE.N,CL_SERIES._L_KG_080501_1,CL_AREA.KG,CL_SEX.F,CL_ACTIVITY.ISIC4_L,CL_UNIT_MEASURE.CUR_LCU,6003.0
2011,CL_FREQ.A,CL_REPORTING_TYPE.N,CL_SERIES._L_KG_080501_1,CL_AREA.KG,CL_SEX.M,CL_ACTIVITY.ISIC4_L,CL_UNIT_MEASURE.CUR_LCU,7571.4
2012,CL_FREQ.A,CL_REPORTING_TYPE.N,CL_SERIES._L_KG_080501_1,CL_AREA.KG,CL_SEX.F,CL_ACTIVITY.ISIC4_L,CL_UNIT_MEASURE.CUR_LCU,7520.8
2012,CL_FREQ.A,CL_REPORTING_TYPE.N,CL_SERIES._L_KG_080501_1,CL_AREA.KG,CL_SEX.M,CL_ACTIVITY.ISIC4_L,CL_UNIT_MEASURE.CUR_LCU,8564.3
2013,CL_FREQ.A,CL_REPORTING_TYPE.N,CL_SERIES._L_KG_080501_1,CL_AREA.KG,CL_SEX.F,CL_ACTIVITY.ISIC4_L,CL_UNIT_MEASURE.CUR_LCU,7942.1
2013,CL_FREQ.A,CL_REPORTING_TYPE.N,CL_SERIES._L_KG_080501_1,CL_AREA.KG,CL_SEX.M,CL_ACTIVITY.ISIC4_L,CL_UNIT_MEASURE.CUR_LCU,9644.7
2014,CL_FREQ.A,CL_REPORTING_TYPE.N,CL_SERIES._L_KG_080501_1,CL_AREA.KG,CL_SEX.F,CL_ACTIVITY.ISIC4_L,CL_UNIT_MEASURE.CUR_LCU,9733.9
2014,CL_FREQ.A,CL_REPORTING_TYPE.N,CL_SERIES._L_KG_080501_1,CL_AREA.KG,CL_SEX.M,CL_ACTIVITY.ISIC4_L,CL_UNIT_MEASURE.CUR_LCU,10498.3
2015,CL_FREQ.A,CL_REPORTING_TYPE.N,CL_SERIES._L_KG_080501_1,CL_AREA.KG,CL_SEX.F,CL_ACTIVITY.ISIC4_L,CL_UNIT_MEASURE.CUR_LCU,10921.3
2015,CL_FREQ.A,CL_REPORTING_TYPE.N,CL_SERIES._L_KG_080501_1,CL_AREA.KG,CL_SEX.M,CL_ACTIVITY.ISIC4_L,CL_UNIT_MEASURE.CUR_LCU,12427.6
2016,CL_FREQ.A,CL_REPORTING_TYPE.N,CL_SERIES._L_KG_080501_1,CL_AREA.KG,CL_SEX.F,CL_ACTIVITY.ISIC4_L,CL_UNIT_MEASURE.CUR_LCU,10633.5
2016,CL_FREQ.A,CL_REPORTING_TYPE.N,CL_SERIES._L_KG_080501_1,CL_AREA.KG,CL_SEX.M,CL_ACTIVITY.ISIC4_L,CL_UNIT_MEASURE.CUR_LCU,12024.1
2017,CL_FREQ.A,CL_REPORTING_TYPE.N,CL_SERIES._L_KG_080501_1,CL_AREA.KG,CL_SEX.F,CL_ACTIVITY.ISIC4_L,CL_UNIT_MEASURE.CUR_LCU,11195.2
2017,CL_FREQ.A,CL_REPORTING_TYPE.N,CL_SERIES._L_KG_080501_1,CL_AREA.KG,CL_SEX.M,CL_ACTIVITY.ISIC4_L,CL_UNIT_MEASURE.CUR_LCU,13722.1
2018,CL_FREQ.A,CL_REPORTING_TYPE.N,CL_SERIES._L_KG_080501_1,CL_AREA.KG,CL_SEX.F,CL_ACTIVITY.ISIC4_L,CL_UNIT_MEASURE.CUR_LCU,12556.1
2018,CL_FREQ.A,CL_REPORTING_TYPE.N,CL_SERIES._L_KG_080501_1,CL_AREA.KG,CL_SEX.M,CL_ACTIVITY.ISIC4_L,CL_UNIT_MEASURE.CUR_LCU,13757.5
2011,CL_FREQ.A,CL_REPORTING_TYPE.N,CL_SERIES._L_KG_080501_1,CL_AREA.KG,CL_SEX.F,CL_ACTIVITY.ISIC4_M,CL_UNIT_MEASURE.CUR_LCU,10690.0
2011,CL_FREQ.A,CL_REPORTING_TYPE.N,CL_SERIES._L_KG_080501_1,CL_AREA.KG,CL_SEX.M,CL_ACTIVITY.ISIC4_M,CL_UNIT_MEASURE.CUR_LCU,15826.9
2012,CL_FREQ.A,CL_REPORTING_TYPE.N,CL_SERIES._L_KG_080501_1,CL_AREA.KG,CL_SEX.F,CL_ACTIVITY.ISIC4_M,CL_UNIT_MEASURE.CUR_LCU,12009.8
2012,CL_FREQ.A,CL_REPORTING_TYPE.N,CL_SERIES._L_KG_080501_1,CL_AREA.KG,CL_SEX.M,CL_ACTIVITY.ISIC4_M,CL_UNIT_MEASURE.CUR_LCU,16723.3
2013,CL_FREQ.A,CL_REPORTING_TYPE.N,CL_SERIES._L_KG_080501_1,CL_AREA.KG,CL_SEX.F,CL_ACTIVITY.ISIC4_M,CL_UNIT_MEASURE.CUR_LCU,12487.8
2013,CL_FREQ.A,CL_REPORTING_TYPE.N,CL_SERIES._L_KG_080501_1,CL_AREA.KG,CL_SEX.M,CL_ACTIVITY.ISIC4_M,CL_UNIT_MEASURE.CUR_LCU,16335.8
2014,CL_FREQ.A,CL_REPORTING_TYPE.N,CL_SERIES._L_KG_080501_1,CL_AREA.KG,CL_SEX.F,CL_ACTIVITY.ISIC4_M,CL_UNIT_MEASURE.CUR_LCU,13570.4
2014,CL_FREQ.A,CL_REPORTING_TYPE.N,CL_SERIES._L_KG_080501_1,CL_AREA.KG,CL_SEX.M,CL_ACTIVITY.ISIC4_M,CL_UNIT_MEASURE.CUR_LCU,19122.8
2015,CL_FREQ.A,CL_REPORTING_TYPE.N,CL_SERIES._L_KG_080501_1,CL_AREA.KG,CL_SEX.F,CL_ACTIVITY.ISIC4_M,CL_UNIT_MEASURE.CUR_LCU,17195.1
2015,CL_FREQ.A,CL_REPORTING_TYPE.N,CL_SERIES._L_KG_080501_1,CL_AREA.KG,CL_SEX.M,CL_ACTIVITY.ISIC4_M,CL_UNIT_MEASURE.CUR_LCU,14561.4
2016,CL_FREQ.A,CL_REPORTING_TYPE.N,CL_SERIES._L_KG_080501_1,CL_AREA.KG,CL_SEX.F,CL_ACTIVITY.ISIC4_M,CL_UNIT_MEASURE.CUR_LCU,13596.0
2016,CL_FREQ.A,CL_REPORTING_TYPE.N,CL_SERIES._L_KG_080501_1,CL_AREA.KG,CL_SEX.M,CL_ACTIVITY.ISIC4_M,CL_UNIT_MEASURE.CUR_LCU,17860.3
2017,CL_FREQ.A,CL_REPORTING_TYPE.N,CL_SERIES._L_KG_080501_1,CL_AREA.KG,CL_SEX.F,CL_ACTIVITY.ISIC4_M,CL_UNIT_MEASURE.CUR_LCU,15840.4
2017,CL_FREQ.A,CL_REPORTING_TYPE.N,CL_SERIES._L_KG_080501_1,CL_AREA.KG,CL_SEX.M,CL_ACTIVITY.ISIC4_M,CL_UNIT_MEASURE.CUR_LCU,25270.8
2018,CL_FREQ.A,CL_REPORTING_TYPE.N,CL_SERIES._L_KG_080501_1,CL_AREA.KG,CL_SEX.F,CL_ACTIVITY.ISIC4_M,CL_UNIT_MEASURE.CUR_LCU,16417.0
2018,CL_FREQ.A,CL_REPORTING_TYPE.N,CL_SERIES._L_KG_080501_1,CL_AREA.KG,CL_SEX.M,CL_ACTIVITY.ISIC4_M,CL_UNIT_MEASURE.CUR_LCU,22722.1
2011,CL_FREQ.A,CL_REPORTING_TYPE.N,CL_SERIES._L_KG_080501_1,CL_AREA.KG,CL_SEX.F,CL_ACTIVITY.ISIC4_N,CL_UNIT_MEASURE.CUR_LCU,6066.8
2011,CL_FREQ.A,CL_REPORTING_TYPE.N,CL_SERIES._L_KG_080501_1,CL_AREA.KG,CL_SEX.M,CL_ACTIVITY.ISIC4_N,CL_UNIT_MEASURE.CUR_LCU,7583.4
2012,CL_FREQ.A,CL_REPORTING_TYPE.N,CL_SERIES._L_KG_080501_1,CL_AREA.KG,CL_SEX.F,CL_ACTIVITY.ISIC4_N,CL_UNIT_MEASURE.CUR_LCU,6684.2
2012,CL_FREQ.A,CL_REPORTING_TYPE.N,CL_SERIES._L_KG_080501_1,CL_AREA.KG,CL_SEX.M,CL_ACTIVITY.ISIC4_N,CL_UNIT_MEASURE.CUR_LCU,8698.8
2013,CL_FREQ.A,CL_REPORTING_TYPE.N,CL_SERIES._L_KG_080501_1,CL_AREA.KG,CL_SEX.F,CL_ACTIVITY.ISIC4_N,CL_UNIT_MEASURE.CUR_LCU,7577.1
2013,CL_FREQ.A,CL_REPORTING_TYPE.N,CL_SERIES._L_KG_080501_1,CL_AREA.KG,CL_SEX.M,CL_ACTIVITY.ISIC4_N,CL_UNIT_MEASURE.CUR_LCU,9330.9
2014,CL_FREQ.A,CL_REPORTING_TYPE.N,CL_SERIES._L_KG_080501_1,CL_AREA.KG,CL_SEX.F,CL_ACTIVITY.ISIC4_N,CL_UNIT_MEASURE.CUR_LCU,9014.9
2014,CL_FREQ.A,CL_REPORTING_TYPE.N,CL_SERIES._L_KG_080501_1,CL_AREA.KG,CL_SEX.M,CL_ACTIVITY.ISIC4_N,CL_UNIT_MEASURE.CUR_LCU,11180.8
2015,CL_FREQ.A,CL_REPORTING_TYPE.N,CL_SERIES._L_KG_080501_1,CL_AREA.KG,CL_SEX.F,CL_ACTIVITY.ISIC4_N,CL_UNIT_MEASURE.CUR_LCU,10734.0
2015,CL_FREQ.A,CL_REPORTING_TYPE.N,CL_SERIES._L_KG_080501_1,CL_AREA.KG,CL_SEX.M,CL_ACTIVITY.ISIC4_N,CL_UNIT_MEASURE.CUR_LCU,11421.0
2016,CL_FREQ.A,CL_REPORTING_TYPE.N,CL_SERIES._L_KG_080501_1,CL_AREA.KG,CL_SEX.F,CL_ACTIVITY.ISIC4_N,CL_UNIT_MEASURE.CUR_LCU,10033.8
2016,CL_FREQ.A,CL_REPORTING_TYPE.N,CL_SERIES._L_KG_080501_1,CL_AREA.KG,CL_SEX.M,CL_ACTIVITY.ISIC4_N,CL_UNIT_MEASURE.CUR_LCU,11962.3
2017,CL_FREQ.A,CL_REPORTING_TYPE.N,CL_SERIES._L_KG_080501_1,CL_AREA.KG,CL_SEX.F,CL_ACTIVITY.ISIC4_N,CL_UNIT_MEASURE.CUR_LCU,11458.3
2017,CL_FREQ.A,CL_REPORTING_TYPE.N,CL_SERIES._L_KG_080501_1,CL_AREA.KG,CL_SEX.M,CL_ACTIVITY.ISIC4_N,CL_UNIT_MEASURE.CUR_LCU,12358.4
2018,CL_FREQ.A,CL_REPORTING_TYPE.N,CL_SERIES._L_KG_080501_1,CL_AREA.KG,CL_SEX.F,CL_ACTIVITY.ISIC4_N,CL_UNIT_MEASURE.CUR_LCU,10579.6
2018,CL_FREQ.A,CL_REPORTING_TYPE.N,CL_SERIES._L_KG_080501_1,CL_AREA.KG,CL_SEX.M,CL_ACTIVITY.ISIC4_N,CL_UNIT_MEASURE.CUR_LCU,13580.1
2011,CL_FREQ.A,CL_REPORTING_TYPE.N,CL_SERIES._L_KG_080501_1,CL_AREA.KG,CL_SEX.F,CL_ACTIVITY.ISIC4_O,CL_UNIT_MEASURE.CUR_LCU,6571.7
2011,CL_FREQ.A,CL_REPORTING_TYPE.N,CL_SERIES._L_KG_080501_1,CL_AREA.KG,CL_SEX.M,CL_ACTIVITY.ISIC4_O,CL_UNIT_MEASURE.CUR_LCU,9048.7
2012,CL_FREQ.A,CL_REPORTING_TYPE.N,CL_SERIES._L_KG_080501_1,CL_AREA.KG,CL_SEX.F,CL_ACTIVITY.ISIC4_O,CL_UNIT_MEASURE.CUR_LCU,8196.1
2012,CL_FREQ.A,CL_REPORTING_TYPE.N,CL_SERIES._L_KG_080501_1,CL_AREA.KG,CL_SEX.M,CL_ACTIVITY.ISIC4_O,CL_UNIT_MEASURE.CUR_LCU,10650.3
2013,CL_FREQ.A,CL_REPORTING_TYPE.N,CL_SERIES._L_KG_080501_1,CL_AREA.KG,CL_SEX.F,CL_ACTIVITY.ISIC4_O,CL_UNIT_MEASURE.CUR_LCU,11594.3
2013,CL_FREQ.A,CL_REPORTING_TYPE.N,CL_SERIES._L_KG_080501_1,CL_AREA.KG,CL_SEX.M,CL_ACTIVITY.ISIC4_O,CL_UNIT_MEASURE.CUR_LCU,13047.5
2014,CL_FREQ.A,CL_REPORTING_TYPE.N,CL_SERIES._L_KG_080501_1,CL_AREA.KG,CL_SEX.F,CL_ACTIVITY.ISIC4_O,CL_UNIT_MEASURE.CUR_LCU,11765.2
2014,CL_FREQ.A,CL_REPORTING_TYPE.N,CL_SERIES._L_KG_080501_1,CL_AREA.KG,CL_SEX.M,CL_ACTIVITY.ISIC4_O,CL_UNIT_MEASURE.CUR_LCU,14003.1
2015,CL_FREQ.A,CL_REPORTING_TYPE.N,CL_SERIES._L_KG_080501_1,CL_AREA.KG,CL_SEX.F,CL_ACTIVITY.ISIC4_O,CL_UNIT_MEASURE.CUR_LCU,11975.8
2015,CL_FREQ.A,CL_REPORTING_TYPE.N,CL_SERIES._L_KG_080501_1,CL_AREA.KG,CL_SEX.M,CL_ACTIVITY.ISIC4_O,CL_UNIT_MEASURE.CUR_LCU,14265.1
2016,CL_FREQ.A,CL_REPORTING_TYPE.N,CL_SERIES._L_KG_080501_1,CL_AREA.KG,CL_SEX.F,CL_ACTIVITY.ISIC4_O,CL_UNIT_MEASURE.CUR_LCU,12925.8
2016,CL_FREQ.A,CL_REPORTING_TYPE.N,CL_SERIES._L_KG_080501_1,CL_AREA.KG,CL_SEX.M,CL_ACTIVITY.ISIC4_O,CL_UNIT_MEASURE.CUR_LCU,15570.6
2017,CL_FREQ.A,CL_REPORTING_TYPE.N,CL_SERIES._L_KG_080501_1,CL_AREA.KG,CL_SEX.F,CL_ACTIVITY.ISIC4_O,CL_UNIT_MEASURE.CUR_LCU,14505.9
2017,CL_FREQ.A,CL_REPORTING_TYPE.N,CL_SERIES._L_KG_080501_1,CL_AREA.KG,CL_SEX.M,CL_ACTIVITY.ISIC4_O,CL_UNIT_MEASURE.CUR_LCU,17176.2
2018,CL_FREQ.A,CL_REPORTING_TYPE.N,CL_SERIES._L_KG_080501_1,CL_AREA.KG,CL_SEX.F,CL_ACTIVITY.ISIC4_O,CL_UNIT_MEASURE.CUR_LCU,15652.5
2018,CL_FREQ.A,CL_REPORTING_TYPE.N,CL_SERIES._L_KG_080501_1,CL_AREA.KG,CL_SEX.M,CL_ACTIVITY.ISIC4_O,CL_UNIT_MEASURE.CUR_LCU,18079.9
2011,CL_FREQ.A,CL_REPORTING_TYPE.N,CL_SERIES._L_KG_080501_1,CL_AREA.KG,CL_SEX.F,CL_ACTIVITY.ISIC4_P,CL_UNIT_MEASURE.CUR_LCU,7361.5
2011,CL_FREQ.A,CL_REPORTING_TYPE.N,CL_SERIES._L_KG_080501_1,CL_AREA.KG,CL_SEX.M,CL_ACTIVITY.ISIC4_P,CL_UNIT_MEASURE.CUR_LCU,8726.2
2012,CL_FREQ.A,CL_REPORTING_TYPE.N,CL_SERIES._L_KG_080501_1,CL_AREA.KG,CL_SEX.F,CL_ACTIVITY.ISIC4_P,CL_UNIT_MEASURE.CUR_LCU,7317.6
2012,CL_FREQ.A,CL_REPORTING_TYPE.N,CL_SERIES._L_KG_080501_1,CL_AREA.KG,CL_SEX.M,CL_ACTIVITY.ISIC4_P,CL_UNIT_MEASURE.CUR_LCU,8140.4
2013,CL_FREQ.A,CL_REPORTING_TYPE.N,CL_SERIES._L_KG_080501_1,CL_AREA.KG,CL_SEX.F,CL_ACTIVITY.ISIC4_P,CL_UNIT_MEASURE.CUR_LCU,7214.6
2013,CL_FREQ.A,CL_REPORTING_TYPE.N,CL_SERIES._L_KG_080501_1,CL_AREA.KG,CL_SEX.M,CL_ACTIVITY.ISIC4_P,CL_UNIT_MEASURE.CUR_LCU,8411.4
2014,CL_FREQ.A,CL_REPORTING_TYPE.N,CL_SERIES._L_KG_080501_1,CL_AREA.KG,CL_SEX.F,CL_ACTIVITY.ISIC4_P,CL_UNIT_MEASURE.CUR_LCU,7681.8
2014,CL_FREQ.A,CL_REPORTING_TYPE.N,CL_SERIES._L_KG_080501_1,CL_AREA.KG,CL_SEX.M,CL_ACTIVITY.ISIC4_P,CL_UNIT_MEASURE.CUR_LCU,8499.4
2015,CL_FREQ.A,CL_REPORTING_TYPE.N,CL_SERIES._L_KG_080501_1,CL_AREA.KG,CL_SEX.F,CL_ACTIVITY.ISIC4_P,CL_UNIT_MEASURE.CUR_LCU,9970.8
2015,CL_FREQ.A,CL_REPORTING_TYPE.N,CL_SERIES._L_KG_080501_1,CL_AREA.KG,CL_SEX.M,CL_ACTIVITY.ISIC4_P,CL_UNIT_MEASURE.CUR_LCU,10479.7
2016,CL_FREQ.A,CL_REPORTING_TYPE.N,CL_SERIES._L_KG_080501_1,CL_AREA.KG,CL_SEX.F,CL_ACTIVITY.ISIC4_P,CL_UNIT_MEASURE.CUR_LCU,10536.7
2016,CL_FREQ.A,CL_REPORTING_TYPE.N,CL_SERIES._L_KG_080501_1,CL_AREA.KG,CL_SEX.M,CL_ACTIVITY.ISIC4_P,CL_UNIT_MEASURE.CUR_LCU,10653.3
2017,CL_FREQ.A,CL_REPORTING_TYPE.N,CL_SERIES._L_KG_080501_1,CL_AREA.KG,CL_SEX.F,CL_ACTIVITY.ISIC4_P,CL_UNIT_MEASURE.CUR_LCU,10748.5
2017,CL_FREQ.A,CL_REPORTING_TYPE.N,CL_SERIES._L_KG_080501_1,CL_AREA.KG,CL_SEX.M,CL_ACTIVITY.ISIC4_P,CL_UNIT_MEASURE.CUR_LCU,11155.5
2018,CL_FREQ.A,CL_REPORTING_TYPE.N,CL_SERIES._L_KG_080501_1,CL_AREA.KG,CL_SEX.F,CL_ACTIVITY.ISIC4_P,CL_UNIT_MEASURE.CUR_LCU,10691.4
2018,CL_FREQ.A,CL_REPORTING_TYPE.N,CL_SERIES._L_KG_080501_1,CL_AREA.KG,CL_SEX.M,CL_ACTIVITY.ISIC4_P,CL_UNIT_MEASURE.CUR_LCU,11006.4
2011,CL_FREQ.A,CL_REPORTING_TYPE.N,CL_SERIES._L_KG_080501_1,CL_AREA.KG,CL_SEX.F,CL_ACTIVITY.ISIC4_Q,CL_UNIT_MEASURE.CUR_LCU,9256.1
2011,CL_FREQ.A,CL_REPORTING_TYPE.N,CL_SERIES._L_KG_080501_1,CL_AREA.KG,CL_SEX.M,CL_ACTIVITY.ISIC4_Q,CL_UNIT_MEASURE.CUR_LCU,9584.5
2012,CL_FREQ.A,CL_REPORTING_TYPE.N,CL_SERIES._L_KG_080501_1,CL_AREA.KG,CL_SEX.F,CL_ACTIVITY.ISIC4_Q,CL_UNIT_MEASURE.CUR_LCU,8892.0
2012,CL_FREQ.A,CL_REPORTING_TYPE.N,CL_SERIES._L_KG_080501_1,CL_AREA.KG,CL_SEX.M,CL_ACTIVITY.ISIC4_Q,CL_UNIT_MEASURE.CUR_LCU,9914.5
2013,CL_FREQ.A,CL_REPORTING_TYPE.N,CL_SERIES._L_KG_080501_1,CL_AREA.KG,CL_SEX.F,CL_ACTIVITY.ISIC4_Q,CL_UNIT_MEASURE.CUR_LCU,8994.9
2013,CL_FREQ.A,CL_REPORTING_TYPE.N,CL_SERIES._L_KG_080501_1,CL_AREA.KG,CL_SEX.M,CL_ACTIVITY.ISIC4_Q,CL_UNIT_MEASURE.CUR_LCU,8690.3
2014,CL_FREQ.A,CL_REPORTING_TYPE.N,CL_SERIES._L_KG_080501_1,CL_AREA.KG,CL_SEX.F,CL_ACTIVITY.ISIC4_Q,CL_UNIT_MEASURE.CUR_LCU,8966.5
2014,CL_FREQ.A,CL_REPORTING_TYPE.N,CL_SERIES._L_KG_080501_1,CL_AREA.KG,CL_SEX.M,CL_ACTIVITY.ISIC4_Q,CL_UNIT_MEASURE.CUR_LCU,9027.6
2015,CL_FREQ.A,CL_REPORTING_TYPE.N,CL_SERIES._L_KG_080501_1,CL_AREA.KG,CL_SEX.F,CL_ACTIVITY.ISIC4_Q,CL_UNIT_MEASURE.CUR_LCU,9394.4
2015,CL_FREQ.A,CL_REPORTING_TYPE.N,CL_SERIES._L_KG_080501_1,CL_AREA.KG,CL_SEX.M,CL_ACTIVITY.ISIC4_Q,CL_UNIT_MEASURE.CUR_LCU,9319.0
2016,CL_FREQ.A,CL_REPORTING_TYPE.N,CL_SERIES._L_KG_080501_1,CL_AREA.KG,CL_SEX.F,CL_ACTIVITY.ISIC4_Q,CL_UNIT_MEASURE.CUR_LCU,9771.3
2016,CL_FREQ.A,CL_REPORTING_TYPE.N,CL_SERIES._L_KG_080501_1,CL_AREA.KG,CL_SEX.M,CL_ACTIVITY.ISIC4_Q,CL_UNIT_MEASURE.CUR_LCU,9519.9
2017,CL_FREQ.A,CL_REPORTING_TYPE.N,CL_SERIES._L_KG_080501_1,CL_AREA.KG,CL_SEX.F,CL_ACTIVITY.ISIC4_Q,CL_UNIT_MEASURE.CUR_LCU,9927.4
2017,CL_FREQ.A,CL_REPORTING_TYPE.N,CL_SERIES._L_KG_080501_1,CL_AREA.KG,CL_SEX.M,CL_ACTIVITY.ISIC4_Q,CL_UNIT_MEASURE.CUR_LCU,9677.7
2018,CL_FREQ.A,CL_REPORTING_TYPE.N,CL_SERIES._L_KG_080501_1,CL_AREA.KG,CL_SEX.F,CL_ACTIVITY.ISIC4_Q,CL_UNIT_MEASURE.CUR_LCU,10481.8
2018,CL_FREQ.A,CL_REPORTING_TYPE.N,CL_SERIES._L_KG_080501_1,CL_AREA.KG,CL_SEX.M,CL_ACTIVITY.ISIC4_Q,CL_UNIT_MEASURE.CUR_LCU,9584.5
2011,CL_FREQ.A,CL_REPORTING_TYPE.N,CL_SERIES._L_KG_080501_1,CL_AREA.KG,CL_SEX.F,CL_ACTIVITY.ISIC4_R,CL_UNIT_MEASURE.CUR_LCU,6350.6
2011,CL_FREQ.A,CL_REPORTING_TYPE.N,CL_SERIES._L_KG_080501_1,CL_AREA.KG,CL_SEX.M,CL_ACTIVITY.ISIC4_R,CL_UNIT_MEASURE.CUR_LCU,7746.8
2012,CL_FREQ.A,CL_REPORTING_TYPE.N,CL_SERIES._L_KG_080501_1,CL_AREA.KG,CL_SEX.F,CL_ACTIVITY.ISIC4_R,CL_UNIT_MEASURE.CUR_LCU,6399.4
2012,CL_FREQ.A,CL_REPORTING_TYPE.N,CL_SERIES._L_KG_080501_1,CL_AREA.KG,CL_SEX.M,CL_ACTIVITY.ISIC4_R,CL_UNIT_MEASURE.CUR_LCU,6702.8
2013,CL_FREQ.A,CL_REPORTING_TYPE.N,CL_SERIES._L_KG_080501_1,CL_AREA.KG,CL_SEX.F,CL_ACTIVITY.ISIC4_R,CL_UNIT_MEASURE.CUR_LCU,7565.3
2013,CL_FREQ.A,CL_REPORTING_TYPE.N,CL_SERIES._L_KG_080501_1,CL_AREA.KG,CL_SEX.M,CL_ACTIVITY.ISIC4_R,CL_UNIT_MEASURE.CUR_LCU,8250.6
2014,CL_FREQ.A,CL_REPORTING_TYPE.N,CL_SERIES._L_KG_080501_1,CL_AREA.KG,CL_SEX.F,CL_ACTIVITY.ISIC4_R,CL_UNIT_MEASURE.CUR_LCU,7696.6
2014,CL_FREQ.A,CL_REPORTING_TYPE.N,CL_SERIES._L_KG_080501_1,CL_AREA.KG,CL_SEX.M,CL_ACTIVITY.ISIC4_R,CL_UNIT_MEASURE.CUR_LCU,8975.0
2015,CL_FREQ.A,CL_REPORTING_TYPE.N,CL_SERIES._L_KG_080501_1,CL_AREA.KG,CL_SEX.F,CL_ACTIVITY.ISIC4_R,CL_UNIT_MEASURE.CUR_LCU,8553.4
2015,CL_FREQ.A,CL_REPORTING_TYPE.N,CL_SERIES._L_KG_080501_1,CL_AREA.KG,CL_SEX.M,CL_ACTIVITY.ISIC4_R,CL_UNIT_MEASURE.CUR_LCU,9292.3
2016,CL_FREQ.A,CL_REPORTING_TYPE.N,CL_SERIES._L_KG_080501_1,CL_AREA.KG,CL_SEX.F,CL_ACTIVITY.ISIC4_R,CL_UNIT_MEASURE.CUR_LCU,8752.3
2016,CL_FREQ.A,CL_REPORTING_TYPE.N,CL_SERIES._L_KG_080501_1,CL_AREA.KG,CL_SEX.M,CL_ACTIVITY.ISIC4_R,CL_UNIT_MEASURE.CUR_LCU,8221.4
2017,CL_FREQ.A,CL_REPORTING_TYPE.N,CL_SERIES._L_KG_080501_1,CL_AREA.KG,CL_SEX.F,CL_ACTIVITY.ISIC4_R,CL_UNIT_MEASURE.CUR_LCU,8451.0
2017,CL_FREQ.A,CL_REPORTING_TYPE.N,CL_SERIES._L_KG_080501_1,CL_AREA.KG,CL_SEX.M,CL_ACTIVITY.ISIC4_R,CL_UNIT_MEASURE.CUR_LCU,8179.0
2018,CL_FREQ.A,CL_REPORTING_TYPE.N,CL_SERIES._L_KG_080501_1,CL_AREA.KG,CL_SEX.F,CL_ACTIVITY.ISIC4_R,CL_UNIT_MEASURE.CUR_LCU,8799.2
2018,CL_FREQ.A,CL_REPORTING_TYPE.N,CL_SERIES._L_KG_080501_1,CL_AREA.KG,CL_SEX.M,CL_ACTIVITY.ISIC4_R,CL_UNIT_MEASURE.CUR_LCU,8061.2
2011,CL_FREQ.A,CL_REPORTING_TYPE.N,CL_SERIES._L_KG_080501_1,CL_AREA.KG,CL_SEX.F,CL_ACTIVITY.ISIC4_S,CL_UNIT_MEASURE.CUR_LCU,8458.9
2011,CL_FREQ.A,CL_REPORTING_TYPE.N,CL_SERIES._L_KG_080501_1,CL_AREA.KG,CL_SEX.M,CL_ACTIVITY.ISIC4_S,CL_UNIT_MEASURE.CUR_LCU,8192.8
2012,CL_FREQ.A,CL_REPORTING_TYPE.N,CL_SERIES._L_KG_080501_1,CL_AREA.KG,CL_SEX.F,CL_ACTIVITY.ISIC4_S,CL_UNIT_MEASURE.CUR_LCU,8608.0
2012,CL_FREQ.A,CL_REPORTING_TYPE.N,CL_SERIES._L_KG_080501_1,CL_AREA.KG,CL_SEX.M,CL_ACTIVITY.ISIC4_S,CL_UNIT_MEASURE.CUR_LCU,8232.4
2013,CL_FREQ.A,CL_REPORTING_TYPE.N,CL_SERIES._L_KG_080501_1,CL_AREA.KG,CL_SEX.F,CL_ACTIVITY.ISIC4_S,CL_UNIT_MEASURE.CUR_LCU,9771.5
2013,CL_FREQ.A,CL_REPORTING_TYPE.N,CL_SERIES._L_KG_080501_1,CL_AREA.KG,CL_SEX.M,CL_ACTIVITY.ISIC4_S,CL_UNIT_MEASURE.CUR_LCU,9269.2
2014,CL_FREQ.A,CL_REPORTING_TYPE.N,CL_SERIES._L_KG_080501_1,CL_AREA.KG,CL_SEX.F,CL_ACTIVITY.ISIC4_S,CL_UNIT_MEASURE.CUR_LCU,11030.5
2014,CL_FREQ.A,CL_REPORTING_TYPE.N,CL_SERIES._L_KG_080501_1,CL_AREA.KG,CL_SEX.M,CL_ACTIVITY.ISIC4_S,CL_UNIT_MEASURE.CUR_LCU,10565.2
2015,CL_FREQ.A,CL_REPORTING_TYPE.N,CL_SERIES._L_KG_080501_1,CL_AREA.KG,CL_SEX.F,CL_ACTIVITY.ISIC4_S,CL_UNIT_MEASURE.CUR_LCU,12707.0
2015,CL_FREQ.A,CL_REPORTING_TYPE.N,CL_SERIES._L_KG_080501_1,CL_AREA.KG,CL_SEX.M,CL_ACTIVITY.ISIC4_S,CL_UNIT_MEASURE.CUR_LCU,12664.0
2016,CL_FREQ.A,CL_REPORTING_TYPE.N,CL_SERIES._L_KG_080501_1,CL_AREA.KG,CL_SEX.F,CL_ACTIVITY.ISIC4_S,CL_UNIT_MEASURE.CUR_LCU,15307.4
2016,CL_FREQ.A,CL_REPORTING_TYPE.N,CL_SERIES._L_KG_080501_1,CL_AREA.KG,CL_SEX.M,CL_ACTIVITY.ISIC4_S,CL_UNIT_MEASURE.CUR_LCU,14474.7
2017,CL_FREQ.A,CL_REPORTING_TYPE.N,CL_SERIES._L_KG_080501_1,CL_AREA.KG,CL_SEX.F,CL_ACTIVITY.ISIC4_S,CL_UNIT_MEASURE.CUR_LCU,18606.6
2017,CL_FREQ.A,CL_REPORTING_TYPE.N,CL_SERIES._L_KG_080501_1,CL_AREA.KG,CL_SEX.M,CL_ACTIVITY.ISIC4_S,CL_UNIT_MEASURE.CUR_LCU,19061.7
2018,CL_FREQ.A,CL_REPORTING_TYPE.N,CL_SERIES._L_KG_080501_1,CL_AREA.KG,CL_SEX.F,CL_ACTIVITY.ISIC4_S,CL_UNIT_MEASURE.CUR_LCU,17807.6
2018,CL_FREQ.A,CL_REPORTING_TYPE.N,CL_SERIES._L_KG_080501_1,CL_AREA.KG,CL_SEX.M,CL_ACTIVITY.ISIC4_S,CL_UNIT_MEASURE.CUR_LCU,11649.5
