Year,Frequency of observation,Reporting type,Series,Reference area,Sex,Age,Units,Value
2018,Annual,National,Proportion of children engaged in economic activity,Kyrgyzstan,,5 to 17 years old,Percent,26.7
2018,Annual,National,Proportion of children engaged in economic activity,Kyrgyzstan,Male,5 to 17 years old,Percent,33.6
2018,Annual,National,Proportion of children engaged in economic activity,Kyrgyzstan,Female,5 to 17 years old,Percent,19.0
2018,Annual,National,Proportion of children engaged in economic activity,Kyrgyzstan,,5 to 11 years old,Percent,27.9
2018,Annual,National,Proportion of children engaged in economic activity,Kyrgyzstan,,12 to 14 years old,Percent,23.3
2018,Annual,National,Proportion of children engaged in economic activity,Kyrgyzstan,,15 to 17 years old,Percent,26.6
