Year,Frequency of observation,Reporting type,SDG Series,Reference area,Unit of measure,Value
2010,Annual,National,Researchers (in full-time equivalent) per million inhabitants,Kyrgyzstan,Per million population,360
2011,Annual,National,Researchers (in full-time equivalent) per million inhabitants,Kyrgyzstan,Per million population,401
2012,Annual,National,Researchers (in full-time equivalent) per million inhabitants,Kyrgyzstan,Per million population,415
2013,Annual,National,Researchers (in full-time equivalent) per million inhabitants,Kyrgyzstan,Per million population,530
2014,Annual,National,Researchers (in full-time equivalent) per million inhabitants,Kyrgyzstan,Per million population,511
2015,Annual,National,Researchers (in full-time equivalent) per million inhabitants,Kyrgyzstan,Per million population,572
2016,Annual,National,Researchers (in full-time equivalent) per million inhabitants,Kyrgyzstan,Per million population,563
2017,Annual,National,Researchers (in full-time equivalent) per million inhabitants,Kyrgyzstan,Per million population,524
2018,Annual,National,Researchers (in full-time equivalent) per million inhabitants,Kyrgyzstan,Per million population,555
