Year,concept.FREQ,concept.REPORTING_TYPE,Series,concept.REF_AREA,Units,Value
2010,CL_FREQ.A,CL_REPORTING_TYPE.N,CL_SERIES.GB_POP_SCIERD,CL_AREA.KG,CL_UNIT_MEASURE.PER_1000000_POP,360
2011,CL_FREQ.A,CL_REPORTING_TYPE.N,CL_SERIES.GB_POP_SCIERD,CL_AREA.KG,CL_UNIT_MEASURE.PER_1000000_POP,401
2012,CL_FREQ.A,CL_REPORTING_TYPE.N,CL_SERIES.GB_POP_SCIERD,CL_AREA.KG,CL_UNIT_MEASURE.PER_1000000_POP,415
2013,CL_FREQ.A,CL_REPORTING_TYPE.N,CL_SERIES.GB_POP_SCIERD,CL_AREA.KG,CL_UNIT_MEASURE.PER_1000000_POP,530
2014,CL_FREQ.A,CL_REPORTING_TYPE.N,CL_SERIES.GB_POP_SCIERD,CL_AREA.KG,CL_UNIT_MEASURE.PER_1000000_POP,511
2015,CL_FREQ.A,CL_REPORTING_TYPE.N,CL_SERIES.GB_POP_SCIERD,CL_AREA.KG,CL_UNIT_MEASURE.PER_1000000_POP,572
2016,CL_FREQ.A,CL_REPORTING_TYPE.N,CL_SERIES.GB_POP_SCIERD,CL_AREA.KG,CL_UNIT_MEASURE.PER_1000000_POP,563
2017,CL_FREQ.A,CL_REPORTING_TYPE.N,CL_SERIES.GB_POP_SCIERD,CL_AREA.KG,CL_UNIT_MEASURE.PER_1000000_POP,524
2018,CL_FREQ.A,CL_REPORTING_TYPE.N,CL_SERIES.GB_POP_SCIERD,CL_AREA.KG,CL_UNIT_MEASURE.PER_1000000_POP,555
