Year,Series,Территория,Тип местности,Статус наблюдения,Сноски на уровне наблюдения,Units,Сноски для временных рядов,Value
2010,_L_KG_010101_1A,Киргизия,Всего,Нормальное значение,,PT,,5.3
2011,_L_KG_010101_1A,Киргизия,Всего,Нормальное значение,,PT,,4.5
2012,_L_KG_010101_1A,Киргизия,Всего,Нормальное значение,,PT,,4.4
2013,_L_KG_010101_1A,Киргизия,Всего,Нормальное значение,,PT,,2.8
2014,_L_KG_010101_1A,Киргизия,Всего,Нормальное значение,,PT,,1.2
2015,_L_KG_010101_1A,Киргизия,Всего,Нормальное значение,,PT,,1.2
2016,_L_KG_010101_1A,Киргизия,Всего,Нормальное значение,,PT,,0.8
2017,_L_KG_010101_1A,Киргизия,Всего,Нормальное значение,,PT,,0.8
2018,_L_KG_010101_1A,Киргизия,Всего,Нормальное значение,,PT,,0.6
2010,_L_KG_010101_1A,Киргизия,Городская,Нормальное значение,,PT,,4.2
2011,_L_KG_010101_1A,Киргизия,Городская,Нормальное значение,,PT,,2.6
2012,_L_KG_010101_1A,Киргизия,Городская,Нормальное значение,,PT,,4.2
2013,_L_KG_010101_1A,Киргизия,Городская,Нормальное значение,,PT,,1.6
2014,_L_KG_010101_1A,Киргизия,Городская,Нормальное значение,,PT,,1.3
2015,_L_KG_010101_1A,Киргизия,Городская,Нормальное значение,,PT,,1.0
2016,_L_KG_010101_1A,Киргизия,Городская,Нормальное значение,,PT,,0.3
2017,_L_KG_010101_1A,Киргизия,Городская,Нормальное значение,,PT,,0.3
2018,_L_KG_010101_1A,Киргизия,Городская,Нормальное значение,,PT,,0.2
2010,_L_KG_010101_1A,Киргизия,Сельская,Нормальное значение,,PT,,6.0
2011,_L_KG_010101_1A,Киргизия,Сельская,Нормальное значение,,PT,,5.7
2012,_L_KG_010101_1A,Киргизия,Сельская,Нормальное значение,,PT,,4.5
2013,_L_KG_010101_1A,Киргизия,Сельская,Нормальное значение,,PT,,3.3
2014,_L_KG_010101_1A,Киргизия,Сельская,Нормальное значение,,PT,,1.1
2015,_L_KG_010101_1A,Киргизия,Сельская,Нормальное значение,,PT,,1.4
2016,_L_KG_010101_1A,Киргизия,Сельская,Нормальное значение,,PT,,1.1
2017,_L_KG_010101_1A,Киргизия,Сельская,Нормальное значение,,PT,,1.0
2018,_L_KG_010101_1A,Киргизия,Сельская,Нормальное значение,,PT,,0.7
2010,_L_KG_010101_1A,Баткенская область,Всего,Нормальное значение,,PT,,5.2
2011,_L_KG_010101_1A,Баткенская область,Всего,Нормальное значение,,PT,,3.6
2012,_L_KG_010101_1A,Баткенская область,Всего,Нормальное значение,,PT,,2.4
2013,_L_KG_010101_1A,Баткенская область,Всего,Нормальное значение,,PT,,8.0
2014,_L_KG_010101_1A,Баткенская область,Всего,Нормальное значение,,PT,,2.6
2015,_L_KG_010101_1A,Баткенская область,Всего,Нормальное значение,,PT,,4.0
2016,_L_KG_010101_1A,Баткенская область,Всего,Нормальное значение,,PT,,0.3
2017,_L_KG_010101_1A,Баткенская область,Всего,Нормальное значение,,PT,,3.4
2018,_L_KG_010101_1A,Баткенская область,Всего,Нормальное значение,,PT,,0.9
2010,_L_KG_010101_1A,Джалал-Абадская область,Всего,Нормальное значение,,PT,,6.4
2011,_L_KG_010101_1A,Джалал-Абадская область,Всего,Нормальное значение,,PT,,6.7
2012,_L_KG_010101_1A,Джалал-Абадская область,Всего,Нормальное значение,,PT,,14.1
2013,_L_KG_010101_1A,Джалал-Абадская область,Всего,Нормальное значение,,PT,,1.4
2014,_L_KG_010101_1A,Джалал-Абадская область,Всего,Нормальное значение,,PT,,1.1
2015,_L_KG_010101_1A,Джалал-Абадская область,Всего,Нормальное значение,,PT,,0.5
2016,_L_KG_010101_1A,Джалал-Абадская область,Всего,Нормальное значение,,PT,,0.1
2017,_L_KG_010101_1A,Джалал-Абадская область,Всего,Нормальное значение,,PT,,0.0
2018,_L_KG_010101_1A,Джалал-Абадская область,Всего,Нормальное значение,,PT,,1.0
2010,_L_KG_010101_1A,Иссык-Кульская область,Всего,Нормальное значение,,PT,,2.5
2011,_L_KG_010101_1A,Иссык-Кульская область,Всего,Нормальное значение,,PT,,1.5
2012,_L_KG_010101_1A,Иссык-Кульская область,Всего,Нормальное значение,,PT,,0.1
2013,_L_KG_010101_1A,Иссык-Кульская область,Всего,Нормальное значение,,PT,,1.9
2014,_L_KG_010101_1A,Иссык-Кульская область,Всего,Нормальное значение,,PT,,0.0
2015,_L_KG_010101_1A,Иссык-Кульская область,Всего,Нормальное значение,,PT,,0.4
2016,_L_KG_010101_1A,Иссык-Кульская область,Всего,Нормальное значение,,PT,,0.0
2017,_L_KG_010101_1A,Иссык-Кульская область,Всего,Нормальное значение,,PT,,1.0
2018,_L_KG_010101_1A,Иссык-Кульская область,Всего,Нормальное значение,,PT,,0.9
2010,_L_KG_010101_1A,Нарынская область,Всего,Нормальное значение,,PT,,12.0
2011,_L_KG_010101_1A,Нарынская область,Всего,Нормальное значение,,PT,,14.7
2012,_L_KG_010101_1A,Нарынская область,Всего,Нормальное значение,,PT,,2.5
2013,_L_KG_010101_1A,Нарынская область,Всего,Нормальное значение,,PT,,4.9
2014,_L_KG_010101_1A,Нарынская область,Всего,Нормальное значение,,PT,,1.8
2015,_L_KG_010101_1A,Нарынская область,Всего,Нормальное значение,,PT,,2.1
2016,_L_KG_010101_1A,Нарынская область,Всего,Нормальное значение,,PT,,2.6
2017,_L_KG_010101_1A,Нарынская область,Всего,Нормальное значение,,PT,,2.0
2018,_L_KG_010101_1A,Нарынская область,Всего,Нормальное значение,,PT,,2.2
2010,_L_KG_010101_1A,Ошская область,Всего,Нормальное значение,including Osh city,PT,until 2013 y. including Osh city,8.3
2011,_L_KG_010101_1A,Ошская область,Всего,Нормальное значение,including Osh city,PT,until 2013 y. including Osh city,3.7
2012,_L_KG_010101_1A,Ошская область,Всего,Нормальное значение,including Osh city,PT,until 2013 y. including Osh city,2.3
2013,_L_KG_010101_1A,Ошская область,Всего,Нормальное значение,including Osh city,PT,until 2013 y. including Osh city,4.0
2014,_L_KG_010101_1A,Ошская область,Всего,Нормальное значение,,PT,until 2013 y. including Osh city,0.4
2015,_L_KG_010101_1A,Ошская область,Всего,Нормальное значение,,PT,until 2013 y. including Osh city,1.2
2016,_L_KG_010101_1A,Ошская область,Всего,Нормальное значение,,PT,until 2013 y. including Osh city,0.8
2017,_L_KG_010101_1A,Ошская область,Всего,Нормальное значение,,PT,until 2013 y. including Osh city,0.0
2018,_L_KG_010101_1A,Ошская область,Всего,Нормальное значение,,PT,until 2013 y. including Osh city,0.0
2010,_L_KG_010101_1A,Таласская область,Всего,Нормальное значение,,PT,,5.0
2011,_L_KG_010101_1A,Таласская область,Всего,Нормальное значение,,PT,,8.4
2012,_L_KG_010101_1A,Таласская область,Всего,Нормальное значение,,PT,,0.9
2013,_L_KG_010101_1A,Таласская область,Всего,Нормальное значение,,PT,,0.0
2014,_L_KG_010101_1A,Таласская область,Всего,Нормальное значение,,PT,,0.0
2015,_L_KG_010101_1A,Таласская область,Всего,Нормальное значение,,PT,,0.0
2016,_L_KG_010101_1A,Таласская область,Всего,Нормальное значение,,PT,,0.0
2017,_L_KG_010101_1A,Таласская область,Всего,Нормальное значение,,PT,,0.0
2018,_L_KG_010101_1A,Таласская область,Всего,Нормальное значение,,PT,,0.0
2010,_L_KG_010101_1A,Чуйская область,Всего,Нормальное значение,,PT,,3.5
2011,_L_KG_010101_1A,Чуйская область,Всего,Нормальное значение,,PT,,4.9
2012,_L_KG_010101_1A,Чуйская область,Всего,Нормальное значение,,PT,,3.9
2013,_L_KG_010101_1A,Чуйская область,Всего,Нормальное значение,,PT,,2.1
2014,_L_KG_010101_1A,Чуйская область,Всего,Нормальное значение,,PT,,3.2
2015,_L_KG_010101_1A,Чуйская область,Всего,Нормальное значение,,PT,,1.7
2016,_L_KG_010101_1A,Чуйская область,Всего,Нормальное значение,,PT,,3.1
2017,_L_KG_010101_1A,Чуйская область,Всего,Нормальное значение,,PT,,1.7
2018,_L_KG_010101_1A,Чуйская область,Всего,Нормальное значение,,PT,,0.3
2010,_L_KG_010101_1A,г. Бишкек,Всего,Нормальное значение,,PT,,0.5
2011,_L_KG_010101_1A,г. Бишкек,Всего,Нормальное значение,,PT,,1.0
2012,_L_KG_010101_1A,г. Бишкек,Всего,Нормальное значение,,PT,,1.2
2013,_L_KG_010101_1A,г. Бишкек,Всего,Нормальное значение,,PT,,1.0
2014,_L_KG_010101_1A,г. Бишкек,Всего,Нормальное значение,,PT,,0.0
2015,_L_KG_010101_1A,г. Бишкек,Всего,Нормальное значение,,PT,,0.8
2016,_L_KG_010101_1A,г. Бишкек,Всего,Нормальное значение,,PT,,0.0
2017,_L_KG_010101_1A,г. Бишкек,Всего,Нормальное значение,,PT,,0.0
2018,_L_KG_010101_1A,г. Бишкек,Всего,Нормальное значение,,PT,,0.3
2013,_L_KG_010101_1A,г. Ош,Всего,Нормальное значение,,PT,,3.5
2014,_L_KG_010101_1A,г. Ош,Всего,Нормальное значение,,PT,,3.1
2015,_L_KG_010101_1A,г. Ош,Всего,Нормальное значение,,PT,,1.7
2016,_L_KG_010101_1A,г. Ош,Всего,Нормальное значение,,PT,,0.0
2017,_L_KG_010101_1A,г. Ош,Всего,Нормальное значение,,PT,,1.2
2018,_L_KG_010101_1A,г. Ош,Всего,Нормальное значение,,PT,,0.6
