Year,Частота наблюдений,Тип отчетности,Series,Территория,Пол,Units,Value
2007,Годовая,Национальный,_L_KG_010301_1E,Киргизия,,PT,3.040621
2008,Годовая,Национальный,_L_KG_010301_1E,Киргизия,,PT,2.8227
2009,Годовая,Национальный,_L_KG_010301_1E,Киргизия,,PT,2.53626
2010,Годовая,Национальный,_L_KG_010301_1E,Киргизия,,PT,2.581546
2011,Годовая,Национальный,_L_KG_010301_1E,Киргизия,,PT,2.452673
2012,Годовая,Национальный,_L_KG_010301_1E,Киргизия,,PT,2.4
2013,Годовая,Национальный,_L_KG_010301_1E,Киргизия,,PT,2.365496
2014,Годовая,Национальный,_L_KG_010301_1E,Киргизия,,PT,2.325931
2015,Годовая,Национальный,_L_KG_010301_1E,Киргизия,,PT,2.201387
2016,Годовая,Национальный,_L_KG_010301_1E,Киргизия,,PT,2.181767
2017,Годовая,Национальный,_L_KG_010301_1E,Киргизия,,PT,2.280168
2018,Годовая,Национальный,_L_KG_010301_1E,Киргизия,,PT,2.791516
2007,Годовая,Национальный,_L_KG_010301_1E,Киргизия,Женщины,PT,3.617864
2008,Годовая,Национальный,_L_KG_010301_1E,Киргизия,Женщины,PT,3.288586
2009,Годовая,Национальный,_L_KG_010301_1E,Киргизия,Женщины,PT,3.057784
2010,Годовая,Национальный,_L_KG_010301_1E,Киргизия,Женщины,PT,3.25141
2011,Годовая,Национальный,_L_KG_010301_1E,Киргизия,Женщины,PT,3.050403
2012,Годовая,Национальный,_L_KG_010301_1E,Киргизия,Женщины,PT,3.0
2013,Годовая,Национальный,_L_KG_010301_1E,Киргизия,Женщины,PT,3.022166
2014,Годовая,Национальный,_L_KG_010301_1E,Киргизия,Женщины,PT,2.924691
2015,Годовая,Национальный,_L_KG_010301_1E,Киргизия,Женщины,PT,2.851356
2016,Годовая,Национальный,_L_KG_010301_1E,Киргизия,Женщины,PT,2.875583
2017,Годовая,Национальный,_L_KG_010301_1E,Киргизия,Женщины,PT,2.965272
2018,Годовая,Национальный,_L_KG_010301_1E,Киргизия,Женщины,PT,3.612611
2007,Годовая,Национальный,_L_KG_010301_1E,Киргизия,Мужчины,PT,2.618787
2008,Годовая,Национальный,_L_KG_010301_1E,Киргизия,Мужчины,PT,2.471303
2009,Годовая,Национальный,_L_KG_010301_1E,Киргизия,Мужчины,PT,2.153339
2010,Годовая,Национальный,_L_KG_010301_1E,Киргизия,Мужчины,PT,2.099174
2011,Годовая,Национальный,_L_KG_010301_1E,Киргизия,Мужчины,PT,2.022851
2012,Годовая,Национальный,_L_KG_010301_1E,Киргизия,Мужчины,PT,2.0
2013,Годовая,Национальный,_L_KG_010301_1E,Киргизия,Мужчины,PT,1.920636
2014,Годовая,Национальный,_L_KG_010301_1E,Киргизия,Мужчины,PT,1.902712
2015,Годовая,Национальный,_L_KG_010301_1E,Киргизия,Мужчины,PT,1.749646
2016,Годовая,Национальный,_L_KG_010301_1E,Киргизия,Мужчины,PT,1.708779
2017,Годовая,Национальный,_L_KG_010301_1E,Киргизия,Мужчины,PT,1.84019
2018,Годовая,Национальный,_L_KG_010301_1E,Киргизия,Мужчины,PT,2.276337
