Year,Ряды ЦУР,Value
2007,"Доля населения, получающих пенсии к общей численности населения, процентов",10.1
2008,"Доля населения, получающих пенсии к общей численности населения, процентов",10.6
2009,"Доля населения, получающих пенсии к общей численности населения, процентов",10.527481
2010,"Доля населения, получающих пенсии к общей численности населения, процентов",10.608791
2011,"Доля населения, получающих пенсии к общей численности населения, процентов",10.838101
2012,"Доля населения, получающих пенсии к общей численности населения, процентов",11.043937
2013,"Доля населения, получающих пенсии к общей численности населения, процентов",10.825698
2014,"Доля населения, получающих пенсии к общей численности населения, процентов",10.759191
2015,"Доля населения, получающих пенсии к общей численности населения, процентов",10.746011
2016,"Доля населения, получающих пенсии к общей численности населения, процентов",10.768411
2017,"Доля населения, получающих пенсии к общей численности населения, процентов",10.760094
2018,"Доля населения, получающих пенсии к общей численности населения, процентов",10.874701
2007," Доля населения, получающего ЕПМС , к общей численности населения",8.277782
2008," Доля населения, получающего ЕПМС , к общей численности населения",6.836681
2009," Доля населения, получающего ЕПМС , к общей численности населения",6.9150160000000005
2010," Доля населения, получающего ЕПМС , к общей численности населения",6.6
2011," Доля населения, получающего ЕПМС , к общей численности населения",6.879721000000001
2012," Доля населения, получающего ЕПМС , к общей численности населения",6.187625
2013," Доля населения, получающего ЕПМС , к общей численности населения",5.8
2014," Доля населения, получающего ЕПМС , к общей численности населения",5.3
2015," Доля населения, получающего ЕПМС , к общей численности населения",5.1
2016," Доля населения, получающего ЕПМС , к общей численности населения",4.5
2017," Доля населения, получающего ЕПМС , к общей численности населения",4.7
2018," Доля населения, получающего ЕПМС , к общей численности населения",4.5
2007,"Доля населения, получающего социальные пособия, к общей численности населения, процентов",1.124026
2008,"Доля населения, получающего социальные пособия, к общей численности населения, процентов",1.1507020000000001
2009,"Доля населения, получающего социальные пособия, к общей численности населения, процентов",1.176048
2010,"Доля населения, получающего социальные пособия, к общей численности населения, процентов",1.2
2011,"Доля населения, получающего социальные пособия, к общей численности населения, процентов",1.287183
2012,"Доля населения, получающего социальные пособия, к общей численности населения, процентов",1.283635
2013,"Доля населения, получающего социальные пособия, к общей численности населения, процентов",1.3
2014,"Доля населения, получающего социальные пособия, к общей численности населения, процентов",1.3
2015,"Доля населения, получающего социальные пособия, к общей численности населения, процентов",1.3
2016,"Доля населения, получающего социальные пособия, к общей численности населения, процентов",1.4
2017,"Доля населения, получающего социальные пособия, к общей численности населения, процентов",1.4
2018,"Доля населения, получающего социальные пособия, к общей численности населения, процентов",1.4
