Year,Частота наблюдений,Тип отчетности,Series,Территория,Пол,Units,Value
2007,Годовая,Национальный,Уровень официально зарегистрированных безработных,Киргизия,,Процент,3.040621
2008,Годовая,Национальный,Уровень официально зарегистрированных безработных,Киргизия,,Процент,2.8227
2009,Годовая,Национальный,Уровень официально зарегистрированных безработных,Киргизия,,Процент,2.53626
2010,Годовая,Национальный,Уровень официально зарегистрированных безработных,Киргизия,,Процент,2.581546
2011,Годовая,Национальный,Уровень официально зарегистрированных безработных,Киргизия,,Процент,2.452673
2012,Годовая,Национальный,Уровень официально зарегистрированных безработных,Киргизия,,Процент,2.4
2013,Годовая,Национальный,Уровень официально зарегистрированных безработных,Киргизия,,Процент,2.365496
2014,Годовая,Национальный,Уровень официально зарегистрированных безработных,Киргизия,,Процент,2.325931
2015,Годовая,Национальный,Уровень официально зарегистрированных безработных,Киргизия,,Процент,2.201387
2016,Годовая,Национальный,Уровень официально зарегистрированных безработных,Киргизия,,Процент,2.181767
2017,Годовая,Национальный,Уровень официально зарегистрированных безработных,Киргизия,,Процент,2.280168
2018,Годовая,Национальный,Уровень официально зарегистрированных безработных,Киргизия,,Процент,2.791516
2007,Годовая,Национальный,Уровень официально зарегистрированных безработных,Киргизия,Женщины,Процент,3.617864
2008,Годовая,Национальный,Уровень официально зарегистрированных безработных,Киргизия,Женщины,Процент,3.288586
2009,Годовая,Национальный,Уровень официально зарегистрированных безработных,Киргизия,Женщины,Процент,3.057784
2010,Годовая,Национальный,Уровень официально зарегистрированных безработных,Киргизия,Женщины,Процент,3.25141
2011,Годовая,Национальный,Уровень официально зарегистрированных безработных,Киргизия,Женщины,Процент,3.050403
2012,Годовая,Национальный,Уровень официально зарегистрированных безработных,Киргизия,Женщины,Процент,3.0
2013,Годовая,Национальный,Уровень официально зарегистрированных безработных,Киргизия,Женщины,Процент,3.022166
2014,Годовая,Национальный,Уровень официально зарегистрированных безработных,Киргизия,Женщины,Процент,2.924691
2015,Годовая,Национальный,Уровень официально зарегистрированных безработных,Киргизия,Женщины,Процент,2.851356
2016,Годовая,Национальный,Уровень официально зарегистрированных безработных,Киргизия,Женщины,Процент,2.875583
2017,Годовая,Национальный,Уровень официально зарегистрированных безработных,Киргизия,Женщины,Процент,2.965272
2018,Годовая,Национальный,Уровень официально зарегистрированных безработных,Киргизия,Женщины,Процент,3.612611
2007,Годовая,Национальный,Уровень официально зарегистрированных безработных,Киргизия,Мужчины,Процент,2.618787
2008,Годовая,Национальный,Уровень официально зарегистрированных безработных,Киргизия,Мужчины,Процент,2.471303
2009,Годовая,Национальный,Уровень официально зарегистрированных безработных,Киргизия,Мужчины,Процент,2.153339
2010,Годовая,Национальный,Уровень официально зарегистрированных безработных,Киргизия,Мужчины,Процент,2.099174
2011,Годовая,Национальный,Уровень официально зарегистрированных безработных,Киргизия,Мужчины,Процент,2.022851
2012,Годовая,Национальный,Уровень официально зарегистрированных безработных,Киргизия,Мужчины,Процент,2.0
2013,Годовая,Национальный,Уровень официально зарегистрированных безработных,Киргизия,Мужчины,Процент,1.920636
2014,Годовая,Национальный,Уровень официально зарегистрированных безработных,Киргизия,Мужчины,Процент,1.902712
2015,Годовая,Национальный,Уровень официально зарегистрированных безработных,Киргизия,Мужчины,Процент,1.749646
2016,Годовая,Национальный,Уровень официально зарегистрированных безработных,Киргизия,Мужчины,Процент,1.708779
2017,Годовая,Национальный,Уровень официально зарегистрированных безработных,Киргизия,Мужчины,Процент,1.84019
2018,Годовая,Национальный,Уровень официально зарегистрированных безработных,Киргизия,Мужчины,Процент,2.276337
