Year,Frequency of observation,Reporting type,Series,Справочная зона (условная зона),Units,Value
2007,Annual,National,Proportion of population receiving retirement benefits to total population,Kyrgyzstan,Процент,10.1
2008,Annual,National,Proportion of population receiving retirement benefits to total population,Kyrgyzstan,Процент,10.6
2009,Annual,National,Proportion of population receiving retirement benefits to total population,Kyrgyzstan,Процент,10.527481
2010,Annual,National,Proportion of population receiving retirement benefits to total population,Kyrgyzstan,Процент,10.608791
2011,Annual,National,Proportion of population receiving retirement benefits to total population,Kyrgyzstan,Процент,10.838101
2012,Annual,National,Proportion of population receiving retirement benefits to total population,Kyrgyzstan,Процент,11.043937
2013,Annual,National,Proportion of population receiving retirement benefits to total population,Kyrgyzstan,Процент,10.825698
2014,Annual,National,Proportion of population receiving retirement benefits to total population,Kyrgyzstan,Процент,10.759191
2015,Annual,National,Proportion of population receiving retirement benefits to total population,Kyrgyzstan,Процент,10.746011
2016,Annual,National,Proportion of population receiving retirement benefits to total population,Kyrgyzstan,Процент,10.768411
2017,Annual,National,Proportion of population receiving retirement benefits to total population,Kyrgyzstan,Процент,10.760094
2018,Annual,National,Proportion of population receiving retirement benefits to total population,Kyrgyzstan,Процент,10.874701
2007,Annual,National,Proportion of population receiving Monthly Allowance for Low-Income Families to total population,Kyrgyzstan,Процент,8.277782
2008,Annual,National,Proportion of population receiving Monthly Allowance for Low-Income Families to total population,Kyrgyzstan,Процент,6.836681
2009,Annual,National,Proportion of population receiving Monthly Allowance for Low-Income Families to total population,Kyrgyzstan,Процент,6.9150160000000005
2010,Annual,National,Proportion of population receiving Monthly Allowance for Low-Income Families to total population,Kyrgyzstan,Процент,6.6
2011,Annual,National,Proportion of population receiving Monthly Allowance for Low-Income Families to total population,Kyrgyzstan,Процент,6.879721000000001
2012,Annual,National,Proportion of population receiving Monthly Allowance for Low-Income Families to total population,Kyrgyzstan,Процент,6.187625
2013,Annual,National,Proportion of population receiving Monthly Allowance for Low-Income Families to total population,Kyrgyzstan,Процент,5.8
2014,Annual,National,Proportion of population receiving Monthly Allowance for Low-Income Families to total population,Kyrgyzstan,Процент,5.3
2015,Annual,National,Proportion of population receiving Monthly Allowance for Low-Income Families to total population,Kyrgyzstan,Процент,5.1
2016,Annual,National,Proportion of population receiving Monthly Allowance for Low-Income Families to total population,Kyrgyzstan,Процент,4.5
2017,Annual,National,Proportion of population receiving Monthly Allowance for Low-Income Families to total population,Kyrgyzstan,Процент,4.7
2018,Annual,National,Proportion of population receiving Monthly Allowance for Low-Income Families to total population,Kyrgyzstan,Процент,4.5
2007,Annual,National,Proportion of population receiving social assistance,Kyrgyzstan,Процент,1.124026
2008,Annual,National,Proportion of population receiving social assistance,Kyrgyzstan,Процент,1.1507020000000001
2009,Annual,National,Proportion of population receiving social assistance,Kyrgyzstan,Процент,1.176048
2010,Annual,National,Proportion of population receiving social assistance,Kyrgyzstan,Процент,1.2
2011,Annual,National,Proportion of population receiving social assistance,Kyrgyzstan,Процент,1.287183
2012,Annual,National,Proportion of population receiving social assistance,Kyrgyzstan,Процент,1.283635
2013,Annual,National,Proportion of population receiving social assistance,Kyrgyzstan,Процент,1.3
2014,Annual,National,Proportion of population receiving social assistance,Kyrgyzstan,Процент,1.3
2015,Annual,National,Proportion of population receiving social assistance,Kyrgyzstan,Процент,1.3
2016,Annual,National,Proportion of population receiving social assistance,Kyrgyzstan,Процент,1.4
2017,Annual,National,Proportion of population receiving social assistance,Kyrgyzstan,Процент,1.4
2018,Annual,National,Proportion of population receiving social assistance,Kyrgyzstan,Процент,1.4
