Year,Частота наблюдений,Тип отчетности,Series,Территория,Units,Value
2010,Годовая,Национальный,"Доля доходов трудящихся в ВВП, в том числе заработная плата и выплаты по линии социальной защиты",Киргизия,Процент,29.6
2011,Годовая,Национальный,"Доля доходов трудящихся в ВВП, в том числе заработная плата и выплаты по линии социальной защиты",Киргизия,Процент,29.0
2012,Годовая,Национальный,"Доля доходов трудящихся в ВВП, в том числе заработная плата и выплаты по линии социальной защиты",Киргизия,Процент,30.0
2013,Годовая,Национальный,"Доля доходов трудящихся в ВВП, в том числе заработная плата и выплаты по линии социальной защиты",Киргизия,Процент,28.3
2014,Годовая,Национальный,"Доля доходов трудящихся в ВВП, в том числе заработная плата и выплаты по линии социальной защиты",Киргизия,Процент,26.8
2015,Годовая,Национальный,"Доля доходов трудящихся в ВВП, в том числе заработная плата и выплаты по линии социальной защиты",Киргизия,Процент,27.0
2016,Годовая,Национальный,"Доля доходов трудящихся в ВВП, в том числе заработная плата и выплаты по линии социальной защиты",Киргизия,Процент,28.4
2017,Годовая,Национальный,"Доля доходов трудящихся в ВВП, в том числе заработная плата и выплаты по линии социальной защиты",Киргизия,Процент,26.8
2018,Годовая,Национальный,"Доля доходов трудящихся в ВВП, в том числе заработная плата и выплаты по линии социальной защиты",Киргизия,Процент,29.4
