Year,Частота наблюдений,Тип отчетности,Series,Территория,Units,Value
2010,Годовая,Национальный,SL_EMP_GTOTL,,PT,29.6
2011,Годовая,Национальный,SL_EMP_GTOTL,,PT,29.0
2012,Годовая,Национальный,SL_EMP_GTOTL,,PT,30.0
2013,Годовая,Национальный,SL_EMP_GTOTL,,PT,28.3
2014,Годовая,Национальный,SL_EMP_GTOTL,,PT,26.8
2015,Годовая,Национальный,SL_EMP_GTOTL,,PT,27.0
2016,Годовая,Национальный,SL_EMP_GTOTL,,PT,28.4
2017,Годовая,Национальный,SL_EMP_GTOTL,,PT,26.8
2018,Годовая,Национальный,SL_EMP_GTOTL,,PT,29.4
