Year,Частота наблюдений,Тип отчетности,Series,Территория,Units,Value
2010,Годовая,Национальный,_L_KG_110601_1,Киргизия,KG,214.643352
2011,Годовая,Национальный,_L_KG_110601_1,Киргизия,KG,223.172865
2012,Годовая,Национальный,_L_KG_110601_1,Киргизия,KG,183.173589
2013,Годовая,Национальный,_L_KG_110601_1,Киргизия,KG,214.906582
2014,Годовая,Национальный,_L_KG_110601_1,Киргизия,KG,178.260402
2015,Годовая,Национальный,_L_KG_110601_1,Киргизия,KG,195.24385800000002
2016,Годовая,Национальный,_L_KG_110601_1,Киргизия,KG,170.944426
2017,Годовая,Национальный,_L_KG_110601_1,Киргизия,KG,165.143944
2018,Годовая,Национальный,_L_KG_110601_1,Киргизия,KG,171.42668799999998
