Year,Частота наблюдений,Тип отчетности,Series,Территория,Units,Value
2010,Годовая,Национальный,_L_KG_110701_1A,,HA,2.2
2011,Годовая,Национальный,_L_KG_110701_1A,,HA,2.2
2012,Годовая,Национальный,_L_KG_110701_1A,,HA,2.1
2013,Годовая,Национальный,_L_KG_110701_1A,,HA,1.9
2014,Годовая,Национальный,_L_KG_110701_1A,,HA,1.8
2015,Годовая,Национальный,_L_KG_110701_1A,,HA,1.7
2016,Годовая,Национальный,_L_KG_110701_1A,,HA,1.8
2017,Годовая,Национальный,_L_KG_110701_1A,,HA,1.7
2018,Годовая,Национальный,_L_KG_110701_1A,,HA,1.7
2010,Годовая,Национальный,_L_KG_110701_1A,Баткенская область,HA,0.4
2011,Годовая,Национальный,_L_KG_110701_1A,Баткенская область,HA,0.4
2012,Годовая,Национальный,_L_KG_110701_1A,Баткенская область,HA,0.3
2013,Годовая,Национальный,_L_KG_110701_1A,Баткенская область,HA,0.3
2014,Годовая,Национальный,_L_KG_110701_1A,Баткенская область,HA,0.3
2015,Годовая,Национальный,_L_KG_110701_1A,Баткенская область,HA,0.1
2016,Годовая,Национальный,_L_KG_110701_1A,Баткенская область,HA,0.1
2017,Годовая,Национальный,_L_KG_110701_1A,Баткенская область,HA,0.1
2018,Годовая,Национальный,_L_KG_110701_1A,Баткенская область,HA,0.2
2010,Годовая,Национальный,_L_KG_110701_1A,Джалал-Абадская область,HA,1.1
2011,Годовая,Национальный,_L_KG_110701_1A,Джалал-Абадская область,HA,1.1
2012,Годовая,Национальный,_L_KG_110701_1A,Джалал-Абадская область,HA,1.1
2013,Годовая,Национальный,_L_KG_110701_1A,Джалал-Абадская область,HA,0.9
2014,Годовая,Национальный,_L_KG_110701_1A,Джалал-Абадская область,HA,0.8
2015,Годовая,Национальный,_L_KG_110701_1A,Джалал-Абадская область,HA,0.8
2016,Годовая,Национальный,_L_KG_110701_1A,Джалал-Абадская область,HA,0.9
2017,Годовая,Национальный,_L_KG_110701_1A,Джалал-Абадская область,HA,0.9
2018,Годовая,Национальный,_L_KG_110701_1A,Джалал-Абадская область,HA,0.9
2010,Годовая,Национальный,_L_KG_110701_1A,Иссык-Кульская область,HA,2.7
2011,Годовая,Национальный,_L_KG_110701_1A,Иссык-Кульская область,HA,2.7
2012,Годовая,Национальный,_L_KG_110701_1A,Иссык-Кульская область,HA,2.4
2013,Годовая,Национальный,_L_KG_110701_1A,Иссык-Кульская область,HA,2.2
2014,Годовая,Национальный,_L_KG_110701_1A,Иссык-Кульская область,HA,1.4
2015,Годовая,Национальный,_L_KG_110701_1A,Иссык-Кульская область,HA,1.3
2016,Годовая,Национальный,_L_KG_110701_1A,Иссык-Кульская область,HA,1.4
2017,Годовая,Национальный,_L_KG_110701_1A,Иссык-Кульская область,HA,0.4
2018,Годовая,Национальный,_L_KG_110701_1A,Иссык-Кульская область,HA,0.4
2010,Годовая,Национальный,_L_KG_110701_1A,Нарынская область,HA,1.5
2011,Годовая,Национальный,_L_KG_110701_1A,Нарынская область,HA,1.5
2012,Годовая,Национальный,_L_KG_110701_1A,Нарынская область,HA,1.5
2013,Годовая,Национальный,_L_KG_110701_1A,Нарынская область,HA,1.5
2014,Годовая,Национальный,_L_KG_110701_1A,Нарынская область,HA,1.4
2015,Годовая,Национальный,_L_KG_110701_1A,Нарынская область,HA,1.5
2016,Годовая,Национальный,_L_KG_110701_1A,Нарынская область,HA,1.6
2017,Годовая,Национальный,_L_KG_110701_1A,Нарынская область,HA,1.7
2018,Годовая,Национальный,_L_KG_110701_1A,Нарынская область,HA,1.9
2010,Годовая,Национальный,_L_KG_110701_1A,Ошская область,HA,0.3
2011,Годовая,Национальный,_L_KG_110701_1A,Ошская область,HA,0.3
2012,Годовая,Национальный,_L_KG_110701_1A,Ошская область,HA,0.3
2013,Годовая,Национальный,_L_KG_110701_1A,Ошская область,HA,0.3
2014,Годовая,Национальный,_L_KG_110701_1A,Ошская область,HA,0.3
2015,Годовая,Национальный,_L_KG_110701_1A,Ошская область,HA,0.3
2016,Годовая,Национальный,_L_KG_110701_1A,Ошская область,HA,0.4
2017,Годовая,Национальный,_L_KG_110701_1A,Ошская область,HA,0.4
2018,Годовая,Национальный,_L_KG_110701_1A,Ошская область,HA,0.5
2010,Годовая,Национальный,_L_KG_110701_1A,Таласская область,HA,0.7
2011,Годовая,Национальный,_L_KG_110701_1A,Таласская область,HA,0.8
2012,Годовая,Национальный,_L_KG_110701_1A,Таласская область,HA,0.8
2013,Годовая,Национальный,_L_KG_110701_1A,Таласская область,HA,0.5
2014,Годовая,Национальный,_L_KG_110701_1A,Таласская область,HA,0.8
2015,Годовая,Национальный,_L_KG_110701_1A,Таласская область,HA,0.8
2016,Годовая,Национальный,_L_KG_110701_1A,Таласская область,HA,0.8
2017,Годовая,Национальный,_L_KG_110701_1A,Таласская область,HA,0.8
2018,Годовая,Национальный,_L_KG_110701_1A,Таласская область,HA,0.8
2010,Годовая,Национальный,_L_KG_110701_1A,Чуйская область,HA,3.0
2011,Годовая,Национальный,_L_KG_110701_1A,Чуйская область,HA,3.0
2012,Годовая,Национальный,_L_KG_110701_1A,Чуйская область,HA,2.8
2013,Годовая,Национальный,_L_KG_110701_1A,Чуйская область,HA,2.3
2014,Годовая,Национальный,_L_KG_110701_1A,Чуйская область,HA,2.2
2015,Годовая,Национальный,_L_KG_110701_1A,Чуйская область,HA,2.1
2016,Годовая,Национальный,_L_KG_110701_1A,Чуйская область,HA,2.1
2017,Годовая,Национальный,_L_KG_110701_1A,Чуйская область,HA,2.1
2018,Годовая,Национальный,_L_KG_110701_1A,Чуйская область,HA,2.1
2010,Годовая,Национальный,_L_KG_110701_1A,г. Бишкек,HA,5.5
2011,Годовая,Национальный,_L_KG_110701_1A,г. Бишкек,HA,5.4
2012,Годовая,Национальный,_L_KG_110701_1A,г. Бишкек,HA,5.3
2013,Годовая,Национальный,_L_KG_110701_1A,г. Бишкек,HA,5.2
2014,Годовая,Национальный,_L_KG_110701_1A,г. Бишкек,HA,5.3
2015,Годовая,Национальный,_L_KG_110701_1A,г. Бишкек,HA,5.1
2016,Годовая,Национальный,_L_KG_110701_1A,г. Бишкек,HA,5.1
2017,Годовая,Национальный,_L_KG_110701_1A,г. Бишкек,HA,5.0
2018,Годовая,Национальный,_L_KG_110701_1A,г. Бишкек,HA,4.7
2010,Годовая,Национальный,_L_KG_110701_1A,г. Ош,HA,4.1
2011,Годовая,Национальный,_L_KG_110701_1A,г. Ош,HA,4.2
2012,Годовая,Национальный,_L_KG_110701_1A,г. Ош,HA,4.1
2013,Годовая,Национальный,_L_KG_110701_1A,г. Ош,HA,4.0
2014,Годовая,Национальный,_L_KG_110701_1A,г. Ош,HA,3.8
2015,Годовая,Национальный,_L_KG_110701_1A,г. Ош,HA,3.6
2016,Годовая,Национальный,_L_KG_110701_1A,г. Ош,HA,3.6
2017,Годовая,Национальный,_L_KG_110701_1A,г. Ош,HA,3.5
2018,Годовая,Национальный,_L_KG_110701_1A,г. Ош,HA,3.6
