Year,Частота наблюдений,Тип отчетности,Series,Территория,Units,Value
2014,Годовая,Национальный,EN_HAZ_PCAP,Киргизия,KG,23.205713
2015,Годовая,Национальный,EN_HAZ_PCAP,Киргизия,KG,1736.99
2016,Годовая,Национальный,EN_HAZ_PCAP,Киргизия,KG,2008.5
2017,Годовая,Национальный,EN_HAZ_PCAP,Киргизия,KG,2015.49
2018,Годовая,Национальный,EN_HAZ_PCAP,Киргизия,KG,1878.49
