Year,Территория,Пол,Value
2007,Киргизия,,93
2008,Киргизия,,281
2009,Киргизия,,71
2010,Киргизия,,158
2011,Киргизия,,140
2012,Киргизия,,99
2013,Киргизия,,95
2014,Киргизия,,62
2015,Киргизия,,53
2016,Киргизия,,47
2017,Киргизия,,141
2018,Киргизия,,18
2007,Киргизия,Мужчины,74
2008,Киргизия,Мужчины,184
2009,Киргизия,Мужчины,48
2010,Киргизия,Мужчины,106
2011,Киргизия,Мужчины,93
2012,Киргизия,Мужчины,65
2013,Киргизия,Мужчины,62
2014,Киргизия,Мужчины,39
2015,Киргизия,Мужчины,33
2016,Киргизия,Мужчины,37
2017,Киргизия,Мужчины,85
2018,Киргизия,Мужчины,14
2007,Киргизия,Женщины,19
2008,Киргизия,Женщины,97
2009,Киргизия,Женщины,23
2010,Киргизия,Женщины,52
2011,Киргизия,Женщины,47
2012,Киргизия,Женщины,34
2013,Киргизия,Женщины,33
2014,Киргизия,Женщины,23
2015,Киргизия,Женщины,20
2016,Киргизия,Женщины,10
2017,Киргизия,Женщины,56
2018,Киргизия,Женщины,4
2007,Баткенская область,,8
2008,Баткенская область,,9
2010,Баткенская область,,15
2011,Баткенская область,,7
2012,Баткенская область,,9
2013,Баткенская область,,3
2014,Баткенская область,,3
2015,Баткенская область,,1
2016,Баткенская область,,9
2007,Баткенская область,Мужчины,6
2008,Баткенская область,Мужчины,9
2010,Баткенская область,Мужчины,11
2011,Баткенская область,Мужчины,4
2012,Баткенская область,Мужчины,7
2013,Баткенская область,Мужчины,3
2014,Баткенская область,Мужчины,3
2015,Баткенская область,Мужчины,1
2016,Баткенская область,Мужчины,7
2007,Баткенская область,Женщины,2
2010,Баткенская область,Женщины,4
2011,Баткенская область,Женщины,3
2012,Баткенская область,Женщины,2
2016,Баткенская область,Женщины,2
2007,Джалал-Абадская область,,5
2008,Джалал-Абадская область,,25
2009,Джалал-Абадская область,,39
2010,Джалал-Абадская область,,32
2011,Джалал-Абадская область,,35
2012,Джалал-Абадская область,,33
2013,Джалал-Абадская область,,31
2014,Джалал-Абадская область,,17
2015,Джалал-Абадская область,,11
2016,Джалал-Абадская область,,13
2017,Джалал-Абадская область,,43
2018,Джалал-Абадская область,,4
2007,Джалал-Абадская область,Мужчины,5
2008,Джалал-Абадская область,Мужчины,18
2009,Джалал-Абадская область,Мужчины,27
2010,Джалал-Абадская область,Мужчины,21
2011,Джалал-Абадская область,Мужчины,27
2012,Джалал-Абадская область,Мужчины,17
2013,Джалал-Абадская область,Мужчины,22
2014,Джалал-Абадская область,Мужчины,11
2015,Джалал-Абадская область,Мужчины,5
2016,Джалал-Абадская область,Мужчины,9
2017,Джалал-Абадская область,Мужчины,29
2018,Джалал-Абадская область,Мужчины,4
2008,Джалал-Абадская область,Женщины,7
2009,Джалал-Абадская область,Женщины,12
2010,Джалал-Абадская область,Женщины,11
2011,Джалал-Абадская область,Женщины,8
2012,Джалал-Абадская область,Женщины,16
2013,Джалал-Абадская область,Женщины,9
2014,Джалал-Абадская область,Женщины,6
2015,Джалал-Абадская область,Женщины,6
2016,Джалал-Абадская область,Женщины,4
2017,Джалал-Абадская область,Женщины,14
2007,Иссык-Кульская область,,14
2008,Иссык-Кульская область,,42
2009,Иссык-Кульская область,,11
2010,Иссык-Кульская область,,15
2011,Иссык-Кульская область,,17
2012,Иссык-Кульская область,,4
2013,Иссык-Кульская область,,21
2014,Иссык-Кульская область,,25
2015,Иссык-Кульская область,,6
2016,Иссык-Кульская область,,2
2017,Иссык-Кульская область,,6
2018,Иссык-Кульская область,,2
2007,Иссык-Кульская область,Мужчины,10
2008,Иссык-Кульская область,Мужчины,26
2009,Иссык-Кульская область,Мужчины,7
2010,Иссык-Кульская область,Мужчины,10
2011,Иссык-Кульская область,Мужчины,9
2012,Иссык-Кульская область,Мужчины,4
2013,Иссык-Кульская область,Мужчины,13
2014,Иссык-Кульская область,Мужчины,16
2015,Иссык-Кульская область,Мужчины,5
2016,Иссык-Кульская область,Мужчины,1
2017,Иссык-Кульская область,Мужчины,6
2007,Иссык-Кульская область,Женщины,4
2008,Иссык-Кульская область,Женщины,16
2009,Иссык-Кульская область,Женщины,4
2010,Иссык-Кульская область,Женщины,5
2011,Иссык-Кульская область,Женщины,8
2013,Иссык-Кульская область,Женщины,8
2014,Иссык-Кульская область,Женщины,9
2015,Иссык-Кульская область,Женщины,1
2016,Иссык-Кульская область,Женщины,1
2007,Нарынская область,,5
2008,Нарынская область,,6
2010,Нарынская область,,7
2012,Нарынская область,,5
2013,Нарынская область,,8
2014,Нарынская область,,2
2015,Нарынская область,,9
2016,Нарынская область,,1
2017,Нарынская область,,2
2007,Нарынская область,Мужчины,4
2008,Нарынская область,Мужчины,4
2010,Нарынская область,Мужчины,4
2012,Нарынская область,Мужчины,4
2013,Нарынская область,Мужчины,5
2014,Нарынская область,Мужчины,2
2015,Нарынская область,Мужчины,6
2016,Нарынская область,Мужчины,1
2017,Нарынская область,Мужчины,2
2007,Нарынская область,Женщины,1
2008,Нарынская область,Женщины,2
2010,Нарынская область,Женщины,3
2012,Нарынская область,Женщины,1
2013,Нарынская область,Женщины,3
2015,Нарынская область,Женщины,3
2007,Ошская область,,6
2008,Ошская область,,96
2009,Ошская область,,2
2010,Ошская область,,19
2011,Ошская область,,11
2012,Ошская область,,22
2013,Ошская область,,5
2015,Ошская область,,10
2016,Ошская область,,1
2017,Ошская область,,35
2018,Ошская область,,1
2007,Ошская область,Мужчины,6
2008,Ошская область,Мужчины,50
2009,Ошская область,Мужчины,2
2010,Ошская область,Мужчины,12
2011,Ошская область,Мужчины,6
2012,Ошская область,Мужчины,16
2013,Ошская область,Мужчины,3
2015,Ошская область,Мужчины,7
2016,Ошская область,Мужчины,1
2017,Ошская область,Мужчины,17
2018,Ошская область,Мужчины,1
2008,Ошская область,Женщины,46
2010,Ошская область,Женщины,7
2011,Ошская область,Женщины,5
2012,Ошская область,Женщины,6
2013,Ошская область,Женщины,2
2015,Ошская область,Женщины,3
2017,Ошская область,Женщины,18
2007,Таласская область,,1
2010,Таласская область,,4
2011,Таласская область,,6
2013,Таласская область,,5
2007,Таласская область,Мужчины,1
2010,Таласская область,Мужчины,3
2011,Таласская область,Мужчины,4
2013,Таласская область,Мужчины,4
2010,Таласская область,Женщины,1
2011,Таласская область,Женщины,2
2013,Таласская область,Женщины,1
2007,Чуйская область,,35
2008,Чуйская область,,102
2009,Чуйская область,,19
2010,Чуйская область,,46
2011,Чуйская область,,41
2012,Чуйская область,,23
2013,Чуйская область,,22
2014,Чуйская область,,13
2015,Чуйская область,,15
2016,Чуйская область,,14
2017,Чуйская область,,55
2018,Чуйская область,,10
2007,Чуйская область,Мужчины,28
2008,Чуйская область,Мужчины,76
2009,Чуйская область,Мужчины,12
2010,Чуйская область,Мужчины,32
2011,Чуйская область,Мужчины,30
2012,Чуйская область,Мужчины,15
2013,Чуйская область,Мужчины,12
2014,Чуйская область,Мужчины,7
2015,Чуйская область,Мужчины,8
2016,Чуйская область,Мужчины,11
2017,Чуйская область,Мужчины,31
2018,Чуйская область,Мужчины,7
2007,Чуйская область,Женщины,7
2008,Чуйская область,Женщины,26
2009,Чуйская область,Женщины,7
2010,Чуйская область,Женщины,14
2011,Чуйская область,Женщины,11
2012,Чуйская область,Женщины,8
2013,Чуйская область,Женщины,10
2014,Чуйская область,Женщины,6
2015,Чуйская область,Женщины,7
2016,Чуйская область,Женщины,3
2017,Чуйская область,Женщины,24
2018,Чуйская область,Женщины,3
2007,г. Бишкек,,12
2008,г. Бишкек,,1
2010,г. Бишкек,,14
2011,г. Бишкек,,19
2012,г. Бишкек,,3
2014,г. Бишкек,,2
2016,г. Бишкек,,7
2007,г. Бишкек,Мужчины,9
2008,г. Бишкек,Мужчины,1
2010,г. Бишкек,Мужчины,9
2011,г. Бишкек,Мужчины,11
2012,г. Бишкек,Мужчины,2
2016,г. Бишкек,Мужчины,7
2007,г. Бишкек,Женщины,3
2010,г. Бишкек,Женщины,5
2011,г. Бишкек,Женщины,8
2012,г. Бишкек,Женщины,1
2014,г. Бишкек,Женщины,2
2007,г. Ош,,7
2010,г. Ош,,6
2011,г. Ош,,4
2015,г. Ош,,1
2018,г. Ош,,1
2007,г. Ош,Мужчины,5
2010,г. Ош,Мужчины,4
2011,г. Ош,Мужчины,2
2015,г. Ош,Мужчины,1
2018,г. Ош,Мужчины,1
2007,г. Ош,Женщины,2
2010,г. Ош,Женщины,2
2011,г. Ош,Женщины,2
