Year,Частота наблюдений,Тип отчетности,Series,Территория,Units,Value
2014,Годовая,Национальный,_L_KG_150102_1,Киргизия,KM2,4.6
2015,Годовая,Национальный,_L_KG_150102_1,Киргизия,KM2,4.7
2016,Годовая,Национальный,_L_KG_150102_1,Киргизия,KM2,4.8
2017,Годовая,Национальный,_L_KG_150102_1,Киргизия,KM2,6.5
2018,Годовая,Национальный,_L_KG_150102_1,Киргизия,KM2,6.5
