Year,Частота наблюдений,Тип отчетности,Series,Территория,Units,Value
2013,Годовая,Национальный,ER_PTD_MTN,Киргизия,PT,6.01
2014,Годовая,Национальный,ER_PTD_MTN,Киргизия,PT,6.01
2015,Годовая,Национальный,ER_PTD_MTN,Киргизия,PT,6.01
2016,Годовая,Национальный,ER_PTD_MTN,Киргизия,PT,7.3
2017,Годовая,Национальный,ER_PTD_MTN,Киргизия,PT,7.38
2018,Годовая,Национальный,ER_PTD_MTN,Киргизия,PT,7.38
