Year,Частота наблюдений,Тип отчетности,Series,Территория,Units,Value
2010,Годовая,Национальный,VC_HTF_DETV,,NUMBER,21
2011,Годовая,Национальный,VC_HTF_DETV,,NUMBER,5
2012,Годовая,Национальный,VC_HTF_DETV,,NUMBER,6
2013,Годовая,Национальный,VC_HTF_DETV,,NUMBER,9
2014,Годовая,Национальный,VC_HTF_DETV,,NUMBER,19
2015,Годовая,Национальный,VC_HTF_DETV,,NUMBER,8
2016,Годовая,Национальный,VC_HTF_DETV,,NUMBER,10
2017,Годовая,Национальный,VC_HTF_DETV,,NUMBER,5
2018,Годовая,Национальный,VC_HTF_DETV,,NUMBER,8
