Year,Frequency of observation,Reporting type,Series,Справочная зона (условная зона),Units,Value
2015,Annual,National,"Index ""Personal perception of corruption level in state bodies of executive power and local self-government bodies""",Kyrgyzstan,Index,10.810627
2016,Annual,National,"Index ""Personal perception of corruption level in state bodies of executive power and local self-government bodies""",Kyrgyzstan,Index,16.102629
2017,Annual,National,"Index ""Personal perception of corruption level in state bodies of executive power and local self-government bodies""",Kyrgyzstan,Index,20.2
2018,Annual,National,"Index ""Personal perception of corruption level in state bodies of executive power and local self-government bodies""",Kyrgyzstan,Index,12.4
2019,Annual,National,"Index ""Personal perception of corruption level in state bodies of executive power and local self-government bodies""",Kyrgyzstan,Index,14.109910000000001
2015,Annual,National,"Index ""Personal perception of corruption level in state bodies of executive power and local self-government bodies""",Баткенская область,Index,34.216964000000004
2016,Annual,National,"Index ""Personal perception of corruption level in state bodies of executive power and local self-government bodies""",Баткенская область,Index,51.971709999999995
2017,Annual,National,"Index ""Personal perception of corruption level in state bodies of executive power and local self-government bodies""",Баткенская область,Index,50.7
2018,Annual,National,"Index ""Personal perception of corruption level in state bodies of executive power and local self-government bodies""",Баткенская область,Index,44.9
2019,Annual,National,"Index ""Personal perception of corruption level in state bodies of executive power and local self-government bodies""",Баткенская область,Index,37.375177
2015,Annual,National,"Index ""Personal perception of corruption level in state bodies of executive power and local self-government bodies""",Жалал-Абад область,Index,30.828434
2016,Annual,National,"Index ""Personal perception of corruption level in state bodies of executive power and local self-government bodies""",Жалал-Абад область,Index,35.669135
2017,Annual,National,"Index ""Personal perception of corruption level in state bodies of executive power and local self-government bodies""",Жалал-Абад область,Index,31.6
2018,Annual,National,"Index ""Personal perception of corruption level in state bodies of executive power and local self-government bodies""",Жалал-Абад область,Index,28.9
2019,Annual,National,"Index ""Personal perception of corruption level in state bodies of executive power and local self-government bodies""",Жалал-Абад область,Index,40.75486
2015,Annual,National,"Index ""Personal perception of corruption level in state bodies of executive power and local self-government bodies""",Иссык-Кульская область,Index,-8.771443
2016,Annual,National,"Index ""Personal perception of corruption level in state bodies of executive power and local self-government bodies""",Иссык-Кульская область,Index,19.590714000000002
2017,Annual,National,"Index ""Personal perception of corruption level in state bodies of executive power and local self-government bodies""",Иссык-Кульская область,Index,25.6
2018,Annual,National,"Index ""Personal perception of corruption level in state bodies of executive power and local self-government bodies""",Иссык-Кульская область,Index,16.6
2019,Annual,National,"Index ""Personal perception of corruption level in state bodies of executive power and local self-government bodies""",Иссык-Кульская область,Index,45.71014
2015,Annual,National,"Index ""Personal perception of corruption level in state bodies of executive power and local self-government bodies""",Нарынская область,Index,-5.438854
2016,Annual,National,"Index ""Personal perception of corruption level in state bodies of executive power and local self-government bodies""",Нарынская область,Index,-3.7005510000000004
2017,Annual,National,"Index ""Personal perception of corruption level in state bodies of executive power and local self-government bodies""",Нарынская область,Index,16.3
2018,Annual,National,"Index ""Personal perception of corruption level in state bodies of executive power and local self-government bodies""",Нарынская область,Index,5.4
2019,Annual,National,"Index ""Personal perception of corruption level in state bodies of executive power and local self-government bodies""",Нарынская область,Index,24.570798
2015,Annual,National,"Index ""Personal perception of corruption level in state bodies of executive power and local self-government bodies""",Ошская область,Index,18.022223
2016,Annual,National,"Index ""Personal perception of corruption level in state bodies of executive power and local self-government bodies""",Ошская область,Index,0.07912999999999999
2017,Annual,National,"Index ""Personal perception of corruption level in state bodies of executive power and local self-government bodies""",Ошская область,Index,16.9
2018,Annual,National,"Index ""Personal perception of corruption level in state bodies of executive power and local self-government bodies""",Ошская область,Index,5.4
2019,Annual,National,"Index ""Personal perception of corruption level in state bodies of executive power and local self-government bodies""",Ошская область,Index,12.597911
2015,Annual,National,"Index ""Personal perception of corruption level in state bodies of executive power and local self-government bodies""",Таласская область,Index,16.930726999999997
2016,Annual,National,"Index ""Personal perception of corruption level in state bodies of executive power and local self-government bodies""",Таласская область,Index,15.126176999999998
2017,Annual,National,"Index ""Personal perception of corruption level in state bodies of executive power and local self-government bodies""",Таласская область,Index,17.2
2018,Annual,National,"Index ""Personal perception of corruption level in state bodies of executive power and local self-government bodies""",Таласская область,Index,24.8
2019,Annual,National,"Index ""Personal perception of corruption level in state bodies of executive power and local self-government bodies""",Таласская область,Index,29.450445000000002
2015,Annual,National,"Index ""Personal perception of corruption level in state bodies of executive power and local self-government bodies""",Чуйская область,Index,25.703179000000002
2016,Annual,National,"Index ""Personal perception of corruption level in state bodies of executive power and local self-government bodies""",Чуйская область,Index,26.618610999999998
2017,Annual,National,"Index ""Personal perception of corruption level in state bodies of executive power and local self-government bodies""",Чуйская область,Index,28.8
2018,Annual,National,"Index ""Personal perception of corruption level in state bodies of executive power and local self-government bodies""",Чуйская область,Index,16.2
2019,Annual,National,"Index ""Personal perception of corruption level in state bodies of executive power and local self-government bodies""",Чуйская область,Index,17.355551000000002
2015,Annual,National,"Index ""Personal perception of corruption level in state bodies of executive power and local self-government bodies""",г. Бишкек,Index,-9.015999
2016,Annual,National,"Index ""Personal perception of corruption level in state bodies of executive power and local self-government bodies""",г. Бишкек,Index,-11.403692999999999
2017,Annual,National,"Index ""Personal perception of corruption level in state bodies of executive power and local self-government bodies""",г. Бишкек,Index,-3.4
2018,Annual,National,"Index ""Personal perception of corruption level in state bodies of executive power and local self-government bodies""",г. Бишкек,Index,-12.8
2019,Annual,National,"Index ""Personal perception of corruption level in state bodies of executive power and local self-government bodies""",г. Бишкек,Index,-17.985899
2015,Annual,National,"Index ""Personal perception of corruption level in state bodies of executive power and local self-government bodies""",г. Ош,Index,10.609517
2016,Annual,National,"Index ""Personal perception of corruption level in state bodies of executive power and local self-government bodies""",г. Ош,Index,25.440447
2017,Annual,National,"Index ""Personal perception of corruption level in state bodies of executive power and local self-government bodies""",г. Ош,Index,37.2
2018,Annual,National,"Index ""Personal perception of corruption level in state bodies of executive power and local self-government bodies""",г. Ош,Index,39.6
2019,Annual,National,"Index ""Personal perception of corruption level in state bodies of executive power and local self-government bodies""",г. Ош,Index,22.751648
