Year,Frequency of observation,Reporting type,SDG Series,Справочная зона (условная зона),пол,Unit of measure,Value
2014,Annual,National,Number of convictions for malfeasance,Kyrgyzstan,,Number,378
2015,Annual,National,Number of convictions for malfeasance,Kyrgyzstan,,Number,336
2016,Annual,National,Number of convictions for malfeasance,Kyrgyzstan,,Number,351
2017,Annual,National,Number of convictions for malfeasance,Kyrgyzstan,,Number,234
2018,Annual,National,Number of convictions for malfeasance,Kyrgyzstan,,Number,342
2014,Annual,National,Number of convictions for сorruption and bribery,Kyrgyzstan,,Number,62
2015,Annual,National,Number of convictions for сorruption and bribery,Kyrgyzstan,,Number,69
2016,Annual,National,Number of convictions for сorruption and bribery,Kyrgyzstan,,Number,72
2017,Annual,National,Number of convictions for сorruption and bribery,Kyrgyzstan,,Number,52
2018,Annual,National,Number of convictions for сorruption and bribery,Kyrgyzstan,,Number,56
2014,Annual,National,Number of convictions for malfeasance,Kyrgyzstan,мужской,Number,323
2015,Annual,National,Number of convictions for malfeasance,Kyrgyzstan,мужской,Number,278
2016,Annual,National,Number of convictions for malfeasance,Kyrgyzstan,мужской,Number,286
2017,Annual,National,Number of convictions for malfeasance,Kyrgyzstan,мужской,Number,196
2018,Annual,National,Number of convictions for malfeasance,Kyrgyzstan,мужской,Number,297
2014,Annual,National,Number of convictions for сorruption and bribery,Kyrgyzstan,мужской,Number,57
2015,Annual,National,Number of convictions for сorruption and bribery,Kyrgyzstan,мужской,Number,65
2016,Annual,National,Number of convictions for сorruption and bribery,Kyrgyzstan,мужской,Number,61
2017,Annual,National,Number of convictions for сorruption and bribery,Kyrgyzstan,мужской,Number,44
2018,Annual,National,Number of convictions for сorruption and bribery,Kyrgyzstan,мужской,Number,53
2014,Annual,National,Number of convictions for malfeasance,Kyrgyzstan,женский,Number,55
2015,Annual,National,Number of convictions for malfeasance,Kyrgyzstan,женский,Number,58
2016,Annual,National,Number of convictions for malfeasance,Kyrgyzstan,женский,Number,65
2017,Annual,National,Number of convictions for malfeasance,Kyrgyzstan,женский,Number,38
2018,Annual,National,Number of convictions for malfeasance,Kyrgyzstan,женский,Number,45
2014,Annual,National,Number of convictions for сorruption and bribery,Kyrgyzstan,женский,Number,5
2015,Annual,National,Number of convictions for сorruption and bribery,Kyrgyzstan,женский,Number,4
2016,Annual,National,Number of convictions for сorruption and bribery,Kyrgyzstan,женский,Number,11
2017,Annual,National,Number of convictions for сorruption and bribery,Kyrgyzstan,женский,Number,8
2018,Annual,National,Number of convictions for сorruption and bribery,Kyrgyzstan,женский,Number,3
