Year,Frequency of observation,Reporting type,SDG Series,Справочная зона (условная зона),Возраст,Unit of measure,Value
2018,Annual,National,Proportion of children under 5 years of age whose births have been registered with a civil authority,Kyrgyzstan,до 5 лет,Процент,98.9
2018,Annual,National,Proportion of children under 5 years of age whose births have been registered with a civil authority,Kyrgyzstan,возрасте до 1 года,Процент,96.9
2018,Annual,National,Proportion of children under 5 years of age whose births have been registered with a civil authority,Kyrgyzstan, в возрасте 1 года,Процент,98.8
2018,Annual,National,Proportion of children under 5 years of age whose births have been registered with a civil authority,Kyrgyzstan,2 года и старше,Процент,99.2
2018,Annual,National,Proportion of children under 5 years of age whose births have been registered with a civil authority,Kyrgyzstan,3 года,Процент,99.9
2018,Annual,National,Proportion of children under 5 years of age whose births have been registered with a civil authority,Kyrgyzstan,4 года,Процент,99.8
