Year,Частота наблюдений,Тип отчетности,Series,Территория,Units,Value
2007,Годовая,Национальный, Индекс потребительских цен на продовольственные товары,Киргизия,Процент,131.547158
2008,Годовая,Национальный, Индекс потребительских цен на продовольственные товары,Киргизия,Процент,120.913387
2009,Годовая,Национальный, Индекс потребительских цен на продовольственные товары,Киргизия,Процент,92.628335
2010,Годовая,Национальный, Индекс потребительских цен на продовольственные товары,Киргизия,Процент,127.019995
2011,Годовая,Национальный, Индекс потребительских цен на продовольственные товары,Киргизия,Процент,103.485746
2012,Годовая,Национальный, Индекс потребительских цен на продовольственные товары,Киргизия,Процент,104.494474
2013,Годовая,Национальный, Индекс потребительских цен на продовольственные товары,Киргизия,Процент,101.769602
2014,Годовая,Национальный, Индекс потребительских цен на продовольственные товары,Киргизия,Процент,113.857081
2015,Годовая,Национальный, Индекс потребительских цен на продовольственные товары,Киргизия,Процент,95.794976
2016,Годовая,Национальный, Индекс потребительских цен на продовольственные товары,Киргизия,Процент,94.980194
2017,Годовая,Национальный, Индекс потребительских цен на продовольственные товары,Киргизия,Процент,102.713332
2018,Годовая,Национальный, Индекс потребительских цен на продовольственные товары,Киргизия,Процент,97.394314
2007,Годовая,Национальный, Индекс потребительских цен на продовольственные товары,Баткенская область,Процент,129.740223
2008,Годовая,Национальный, Индекс потребительских цен на продовольственные товары,Баткенская область,Процент,122.152556
2009,Годовая,Национальный, Индекс потребительских цен на продовольственные товары,Баткенская область,Процент,98.079552
2010,Годовая,Национальный, Индекс потребительских цен на продовольственные товары,Баткенская область,Процент,134.872599
2011,Годовая,Национальный, Индекс потребительских цен на продовольственные товары,Баткенская область,Процент,108.143261
2012,Годовая,Национальный, Индекс потребительских цен на продовольственные товары,Баткенская область,Процент,104.669453
2013,Годовая,Национальный, Индекс потребительских цен на продовольственные товары,Баткенская область,Процент,103.067841
2014,Годовая,Национальный, Индекс потребительских цен на продовольственные товары,Баткенская область,Процент,113.826871
2015,Годовая,Национальный, Индекс потребительских цен на продовольственные товары,Баткенская область,Процент,92.841081
2016,Годовая,Национальный, Индекс потребительских цен на продовольственные товары,Баткенская область,Процент,95.516291
2017,Годовая,Национальный, Индекс потребительских цен на продовольственные товары,Баткенская область,Процент,104.587578
2018,Годовая,Национальный, Индекс потребительских цен на продовольственные товары,Баткенская область,Процент,94.575897
2007,Годовая,Национальный, Индекс потребительских цен на продовольственные товары,Джалал-Абадская область,Процент,131.474644
2008,Годовая,Национальный, Индекс потребительских цен на продовольственные товары,Джалал-Абадская область,Процент,133.108773
2009,Годовая,Национальный, Индекс потребительских цен на продовольственные товары,Джалал-Абадская область,Процент,94.285732
2010,Годовая,Национальный, Индекс потребительских цен на продовольственные товары,Джалал-Абадская область,Процент,133.48734
2011,Годовая,Национальный, Индекс потребительских цен на продовольственные товары,Джалал-Абадская область,Процент,105.19525
2012,Годовая,Национальный, Индекс потребительских цен на продовольственные товары,Джалал-Абадская область,Процент,104.995426
2013,Годовая,Национальный, Индекс потребительских цен на продовольственные товары,Джалал-Абадская область,Процент,103.702848
2014,Годовая,Национальный, Индекс потребительских цен на продовольственные товары,Джалал-Абадская область,Процент,118.268743
2015,Годовая,Национальный, Индекс потребительских цен на продовольственные товары,Джалал-Абадская область,Процент,94.347779
2016,Годовая,Национальный, Индекс потребительских цен на продовольственные товары,Джалал-Абадская область,Процент,95.233819
2017,Годовая,Национальный, Индекс потребительских цен на продовольственные товары,Джалал-Абадская область,Процент,103.296213
2018,Годовая,Национальный, Индекс потребительских цен на продовольственные товары,Джалал-Абадская область,Процент,99.437848
2007,Годовая,Национальный, Индекс потребительских цен на продовольственные товары,Иссык-Кульская область,Процент,136.022851
2008,Годовая,Национальный, Индекс потребительских цен на продовольственные товары,Иссык-Кульская область,Процент,116.499725
2009,Годовая,Национальный, Индекс потребительских цен на продовольственные товары,Иссык-Кульская область,Процент,90.4746
2010,Годовая,Национальный, Индекс потребительских цен на продовольственные товары,Иссык-Кульская область,Процент,126.103007
2011,Годовая,Национальный, Индекс потребительских цен на продовольственные товары,Иссык-Кульская область,Процент,99.413814
2012,Годовая,Национальный, Индекс потребительских цен на продовольственные товары,Иссык-Кульская область,Процент,105.487767
2013,Годовая,Национальный, Индекс потребительских цен на продовольственные товары,Иссык-Кульская область,Процент,96.74539
2014,Годовая,Национальный, Индекс потребительских цен на продовольственные товары,Иссык-Кульская область,Процент,119.674506
2015,Годовая,Национальный, Индекс потребительских цен на продовольственные товары,Иссык-Кульская область,Процент,92.938571
2016,Годовая,Национальный, Индекс потребительских цен на продовольственные товары,Иссык-Кульская область,Процент,97.869284
2017,Годовая,Национальный, Индекс потребительских цен на продовольственные товары,Иссык-Кульская область,Процент,103.318964
2018,Годовая,Национальный, Индекс потребительских цен на продовольственные товары,Иссык-Кульская область,Процент,97.328443
2007,Годовая,Национальный, Индекс потребительских цен на продовольственные товары,Нарынская область,Процент,129.698247
2008,Годовая,Национальный, Индекс потребительских цен на продовольственные товары,Нарынская область,Процент,110.814902
2009,Годовая,Национальный, Индекс потребительских цен на продовольственные товары,Нарынская область,Процент,92.921575
2010,Годовая,Национальный, Индекс потребительских цен на продовольственные товары,Нарынская область,Процент,133.150078
2011,Годовая,Национальный, Индекс потребительских цен на продовольственные товары,Нарынская область,Процент,103.232521
2012,Годовая,Национальный, Индекс потребительских цен на продовольственные товары,Нарынская область,Процент,107.926877
2013,Годовая,Национальный, Индекс потребительских цен на продовольственные товары,Нарынская область,Процент,98.290589
2014,Годовая,Национальный, Индекс потребительских цен на продовольственные товары,Нарынская область,Процент,114.563967
2015,Годовая,Национальный, Индекс потребительских цен на продовольственные товары,Нарынская область,Процент,98.213637
2016,Годовая,Национальный, Индекс потребительских цен на продовольственные товары,Нарынская область,Процент,94.459452
2017,Годовая,Национальный, Индекс потребительских цен на продовольственные товары,Нарынская область,Процент,100.774043
2018,Годовая,Национальный, Индекс потребительских цен на продовольственные товары,Нарынская область,Процент,101.660059
2007,Годовая,Национальный, Индекс потребительских цен на продовольственные товары,Ошская область,Процент,130.503251
2008,Годовая,Национальный, Индекс потребительских цен на продовольственные товары,Ошская область,Процент,132.389129
2009,Годовая,Национальный, Индекс потребительских цен на продовольственные товары,Ошская область,Процент,91.207604
2010,Годовая,Национальный, Индекс потребительских цен на продовольственные товары,Ошская область,Процент,133.714976
2011,Годовая,Национальный, Индекс потребительских цен на продовольственные товары,Ошская область,Процент,103.635522
2012,Годовая,Национальный, Индекс потребительских цен на продовольственные товары,Ошская область,Процент,106.985188
2013,Годовая,Национальный, Индекс потребительских цен на продовольственные товары,Ошская область,Процент,104.5544
2014,Годовая,Национальный, Индекс потребительских цен на продовольственные товары,Ошская область,Процент,118.553298
2015,Годовая,Национальный, Индекс потребительских цен на продовольственные товары,Ошская область,Процент,93.999692
2016,Годовая,Национальный, Индекс потребительских цен на продовольственные товары,Ошская область,Процент,94.914537
2017,Годовая,Национальный, Индекс потребительских цен на продовольственные товары,Ошская область,Процент,109.47206
2018,Годовая,Национальный, Индекс потребительских цен на продовольственные товары,Ошская область,Процент,96.104604
2007,Годовая,Национальный, Индекс потребительских цен на продовольственные товары,Таласская область,Процент,131.559431
2008,Годовая,Национальный, Индекс потребительских цен на продовольственные товары,Таласская область,Процент,117.520012
2009,Годовая,Национальный, Индекс потребительских цен на продовольственные товары,Таласская область,Процент,90.950636
2010,Годовая,Национальный, Индекс потребительских цен на продовольственные товары,Таласская область,Процент,123.024848
2011,Годовая,Национальный, Индекс потребительских цен на продовольственные товары,Таласская область,Процент,105.793162
2012,Годовая,Национальный, Индекс потребительских цен на продовольственные товары,Таласская область,Процент,102.033354
2013,Годовая,Национальный, Индекс потребительских цен на продовольственные товары,Таласская область,Процент,100.612627
2014,Годовая,Национальный, Индекс потребительских цен на продовольственные товары,Таласская область,Процент,116.089417
2015,Годовая,Национальный, Индекс потребительских цен на продовольственные товары,Таласская область,Процент,93.146935
2016,Годовая,Национальный, Индекс потребительских цен на продовольственные товары,Таласская область,Процент,92.497165
2017,Годовая,Национальный, Индекс потребительских цен на продовольственные товары,Таласская область,Процент,104.166923
2018,Годовая,Национальный, Индекс потребительских цен на продовольственные товары,Таласская область,Процент,96.802565
2007,Годовая,Национальный, Индекс потребительских цен на продовольственные товары,Чуйская область,Процент,130.314372
2008,Годовая,Национальный, Индекс потребительских цен на продовольственные товары,Чуйская область,Процент,123.411415
2009,Годовая,Национальный, Индекс потребительских цен на продовольственные товары,Чуйская область,Процент,94.365695
2010,Годовая,Национальный, Индекс потребительских цен на продовольственные товары,Чуйская область,Процент,128.672851
2011,Годовая,Национальный, Индекс потребительских цен на продовольственные товары,Чуйская область,Процент,102.493938
2012,Годовая,Национальный, Индекс потребительских цен на продовольственные товары,Чуйская область,Процент,103.92528
2013,Годовая,Национальный, Индекс потребительских цен на продовольственные товары,Чуйская область,Процент,102.312574
2014,Годовая,Национальный, Индекс потребительских цен на продовольственные товары,Чуйская область,Процент,114.643974
2015,Годовая,Национальный, Индекс потребительских цен на продовольственные товары,Чуйская область,Процент,95.710818
2016,Годовая,Национальный, Индекс потребительских цен на продовольственные товары,Чуйская область,Процент,95.89276
2017,Годовая,Национальный, Индекс потребительских цен на продовольственные товары,Чуйская область,Процент,102.559508
2018,Годовая,Национальный, Индекс потребительских цен на продовольственные товары,Чуйская область,Процент,96.302209
2007,Годовая,Национальный, Индекс потребительских цен на продовольственные товары,г. Бишкек,Процент,131.950406
2008,Годовая,Национальный, Индекс потребительских цен на продовольственные товары,г. Бишкек,Процент,117.83137
2009,Годовая,Национальный, Индекс потребительских цен на продовольственные товары,г. Бишкек,Процент,92.340833
2010,Годовая,Национальный, Индекс потребительских цен на продовольственные товары,г. Бишкек,Процент,123.722482
2011,Годовая,Национальный, Индекс потребительских цен на продовольственные товары,г. Бишкек,Процент,103.406938
2012,Годовая,Национальный, Индекс потребительских цен на продовольственные товары,г. Бишкек,Процент,103.832086
2013,Годовая,Национальный, Индекс потребительских цен на продовольственные товары,г. Бишкек,Процент,101.221964
2014,Годовая,Национальный, Индекс потребительских цен на продовольственные товары,г. Бишкек,Процент,110.997582
2015,Годовая,Национальный, Индекс потребительских цен на продовольственные товары,г. Бишкек,Процент,97.00121
2016,Годовая,Национальный, Индекс потребительских цен на продовольственные товары,г. Бишкек,Процент,94.519576
2017,Годовая,Национальный, Индекс потребительских цен на продовольственные товары,г. Бишкек,Процент,101.578366
2018,Годовая,Национальный, Индекс потребительских цен на продовольственные товары,г. Бишкек,Процент,97.346546
2007,Годовая,Национальный, Индекс потребительских цен на продовольственные товары,г. Ош,Процент,130.503251
2008,Годовая,Национальный, Индекс потребительских цен на продовольственные товары,г. Ош,Процент,132.389129
2009,Годовая,Национальный, Индекс потребительских цен на продовольственные товары,г. Ош,Процент,91.207604
2010,Годовая,Национальный, Индекс потребительских цен на продовольственные товары,г. Ош,Процент,133.714976
2011,Годовая,Национальный, Индекс потребительских цен на продовольственные товары,г. Ош,Процент,103.635522
2012,Годовая,Национальный, Индекс потребительских цен на продовольственные товары,г. Ош,Процент,106.985188
2013,Годовая,Национальный, Индекс потребительских цен на продовольственные товары,г. Ош,Процент,104.5544
2014,Годовая,Национальный, Индекс потребительских цен на продовольственные товары,г. Ош,Процент,118.553298
2015,Годовая,Национальный, Индекс потребительских цен на продовольственные товары,г. Ош,Процент,93.999692
2016,Годовая,Национальный, Индекс потребительских цен на продовольственные товары,г. Ош,Процент,94.914537
2017,Годовая,Национальный, Индекс потребительских цен на продовольственные товары,г. Ош,Процент,103.95699
2018,Годовая,Национальный, Индекс потребительских цен на продовольственные товары,г. Ош,Процент,98.011361
