Year,Frequency of observation,Reporting type,Series,Справочная зона (условная зона),Units,Value
2007,Annual,National,Proportion of births attended by skilled health personnel,Kyrgyzstan,Процент,98.43686600000001
2008,Annual,National,Proportion of births attended by skilled health personnel,Kyrgyzstan,Процент,98.483992
2009,Annual,National,Proportion of births attended by skilled health personnel,Kyrgyzstan,Процент,98.495642
2010,Annual,National,Proportion of births attended by skilled health personnel,Kyrgyzstan,Процент,98.309687
2011,Annual,National,Proportion of births attended by skilled health personnel,Kyrgyzstan,Процент,98.622407
2012,Annual,National,Proportion of births attended by skilled health personnel,Kyrgyzstan,Процент,98.838817
2013,Annual,National,Proportion of births attended by skilled health personnel,Kyrgyzstan,Процент,98.985022
2014,Annual,National,Proportion of births attended by skilled health personnel,Kyrgyzstan,Процент,99.176724
2015,Annual,National,Proportion of births attended by skilled health personnel,Kyrgyzstan,Процент,99.230049
2016,Annual,National,Proportion of births attended by skilled health personnel,Kyrgyzstan,Процент,99.185581
2017,Annual,National,Proportion of births attended by skilled health personnel,Kyrgyzstan,Процент,99.3
2018,Annual,National,Proportion of births attended by skilled health personnel,Kyrgyzstan,Процент,99.3
2007,Annual,National,Proportion of births attended by skilled health personnel,Баткенская область,Процент,97.74409
2008,Annual,National,Proportion of births attended by skilled health personnel,Баткенская область,Процент,97.474925
2009,Annual,National,Proportion of births attended by skilled health personnel,Баткенская область,Процент,98.87450799999999
2010,Annual,National,Proportion of births attended by skilled health personnel,Баткенская область,Процент,96.861772
2011,Annual,National,Proportion of births attended by skilled health personnel,Баткенская область,Процент,97.13801
2012,Annual,National,Proportion of births attended by skilled health personnel,Баткенская область,Процент,98.465778
2013,Annual,National,Proportion of births attended by skilled health personnel,Баткенская область,Процент,99.080933
2014,Annual,National,Proportion of births attended by skilled health personnel,Баткенская область,Процент,99.356181
2015,Annual,National,Proportion of births attended by skilled health personnel,Баткенская область,Процент,99.26163100000001
2016,Annual,National,Proportion of births attended by skilled health personnel,Баткенская область,Процент,98.97959200000001
2017,Annual,National,Proportion of births attended by skilled health personnel,Баткенская область,Процент,99.2
2018,Annual,National,Proportion of births attended by skilled health personnel,Баткенская область,Процент,99.4
2007,Annual,National,Proportion of births attended by skilled health personnel,Жалал-Абад область,Процент,98.959241
2008,Annual,National,Proportion of births attended by skilled health personnel,Жалал-Абад область,Процент,98.57502099999999
2009,Annual,National,Proportion of births attended by skilled health personnel,Жалал-Абад область,Процент,98.923445
2010,Annual,National,Proportion of births attended by skilled health personnel,Жалал-Абад область,Процент,98.940709
2011,Annual,National,Proportion of births attended by skilled health personnel,Жалал-Абад область,Процент,99.11574399999999
2012,Annual,National,Proportion of births attended by skilled health personnel,Жалал-Абад область,Процент,99.045346
2013,Annual,National,Proportion of births attended by skilled health personnel,Жалал-Абад область,Процент,99.080837
2014,Annual,National,Proportion of births attended by skilled health personnel,Жалал-Абад область,Процент,99.16136999999999
2015,Annual,National,Proportion of births attended by skilled health personnel,Жалал-Абад область,Процент,99.29911899999999
2016,Annual,National,Proportion of births attended by skilled health personnel,Жалал-Абад область,Процент,99.265036
2017,Annual,National,Proportion of births attended by skilled health personnel,Жалал-Абад область,Процент,99.4
2018,Annual,National,Proportion of births attended by skilled health personnel,Жалал-Абад область,Процент,99.4
2007,Annual,National,Proportion of births attended by skilled health personnel,Иссык-Кульская область,Процент,99.29424499999999
2008,Annual,National,Proportion of births attended by skilled health personnel,Иссык-Кульская область,Процент,99.008513
2009,Annual,National,Proportion of births attended by skilled health personnel,Иссык-Кульская область,Процент,99.274602
2010,Annual,National,Proportion of births attended by skilled health personnel,Иссык-Кульская область,Процент,99.41453100000001
2011,Annual,National,Proportion of births attended by skilled health personnel,Иссык-Кульская область,Процент,99.46322099999999
2012,Annual,National,Proportion of births attended by skilled health personnel,Иссык-Кульская область,Процент,99.435996
2013,Annual,National,Proportion of births attended by skilled health personnel,Иссык-Кульская область,Процент,99.427262
2014,Annual,National,Proportion of births attended by skilled health personnel,Иссык-Кульская область,Процент,99.45100500000001
2015,Annual,National,Proportion of births attended by skilled health personnel,Иссык-Кульская область,Процент,99.391542
2016,Annual,National,Proportion of births attended by skilled health personnel,Иссык-Кульская область,Процент,99.422551
2017,Annual,National,Proportion of births attended by skilled health personnel,Иссык-Кульская область,Процент,99.5
2018,Annual,National,Proportion of births attended by skilled health personnel,Иссык-Кульская область,Процент,99.5
2007,Annual,National,Proportion of births attended by skilled health personnel,Нарынская область,Процент,97.720601
2008,Annual,National,Proportion of births attended by skilled health personnel,Нарынская область,Процент,98.116039
2009,Annual,National,Proportion of births attended by skilled health personnel,Нарынская область,Процент,98.275296
2010,Annual,National,Proportion of births attended by skilled health personnel,Нарынская область,Процент,97.822417
2011,Annual,National,Proportion of births attended by skilled health personnel,Нарынская область,Процент,98.680426
2012,Annual,National,Proportion of births attended by skilled health personnel,Нарынская область,Процент,98.696845
2013,Annual,National,Proportion of births attended by skilled health personnel,Нарынская область,Процент,98.717291
2014,Annual,National,Proportion of births attended by skilled health personnel,Нарынская область,Процент,98.81741600000001
2015,Annual,National,Proportion of births attended by skilled health personnel,Нарынская область,Процент,98.774112
2016,Annual,National,Proportion of births attended by skilled health personnel,Нарынская область,Процент,98.787433
2017,Annual,National,Proportion of births attended by skilled health personnel,Нарынская область,Процент,99.0
2018,Annual,National,Proportion of births attended by skilled health personnel,Нарынская область,Процент,99.2
2007,Annual,National,Proportion of births attended by skilled health personnel,Ошская область,Процент,96.877363
2008,Annual,National,Proportion of births attended by skilled health personnel,Ошская область,Процент,97.394325
2009,Annual,National,Proportion of births attended by skilled health personnel,Ошская область,Процент,96.451545
2010,Annual,National,Proportion of births attended by skilled health personnel,Ошская область,Процент,96.52909
2011,Annual,National,Proportion of births attended by skilled health personnel,Ошская область,Процент,97.299639
2012,Annual,National,Proportion of births attended by skilled health personnel,Ошская область,Процент,97.81769399999999
2013,Annual,National,Proportion of births attended by skilled health personnel,Ошская область,Процент,98.222659
2014,Annual,National,Proportion of births attended by skilled health personnel,Ошская область,Процент,98.87403499999999
2015,Annual,National,Proportion of births attended by skilled health personnel,Ошская область,Процент,99.087129
2016,Annual,National,Proportion of births attended by skilled health personnel,Ошская область,Процент,99.07028199999999
2017,Annual,National,Proportion of births attended by skilled health personnel,Ошская область,Процент,99.1
2018,Annual,National,Proportion of births attended by skilled health personnel,Ошская область,Процент,99.1
2007,Annual,National,Proportion of births attended by skilled health personnel,Таласская область,Процент,99.285714
2008,Annual,National,Proportion of births attended by skilled health personnel,Таласская область,Процент,99.252883
2009,Annual,National,Proportion of births attended by skilled health personnel,Таласская область,Процент,99.270189
2010,Annual,National,Proportion of births attended by skilled health personnel,Таласская область,Процент,99.485821
2011,Annual,National,Proportion of births attended by skilled health personnel,Таласская область,Процент,99.688576
2012,Annual,National,Proportion of births attended by skilled health personnel,Таласская область,Процент,99.66067199999999
2013,Annual,National,Proportion of births attended by skilled health personnel,Таласская область,Процент,99.694501
2014,Annual,National,Proportion of births attended by skilled health personnel,Таласская область,Процент,99.680296
2015,Annual,National,Proportion of births attended by skilled health personnel,Таласская область,Процент,99.729775
2016,Annual,National,Proportion of births attended by skilled health personnel,Таласская область,Процент,99.713877
2017,Annual,National,Proportion of births attended by skilled health personnel,Таласская область,Процент,99.5
2018,Annual,National,Proportion of births attended by skilled health personnel,Таласская область,Процент,99.7
2007,Annual,National,Proportion of births attended by skilled health personnel,Чуйская область,Процент,99.023641
2008,Annual,National,Proportion of births attended by skilled health personnel,Чуйская область,Процент,99.18247
2009,Annual,National,Proportion of births attended by skilled health personnel,Чуйская область,Процент,99.161879
2010,Annual,National,Proportion of births attended by skilled health personnel,Чуйская область,Процент,99.19970699999999
2011,Annual,National,Proportion of births attended by skilled health personnel,Чуйская область,Процент,99.10728399999999
2012,Annual,National,Proportion of births attended by skilled health personnel,Чуйская область,Процент,99.15254200000001
2013,Annual,National,Proportion of births attended by skilled health personnel,Чуйская область,Процент,99.134263
2014,Annual,National,Proportion of births attended by skilled health personnel,Чуйская область,Процент,99.23354
2015,Annual,National,Proportion of births attended by skilled health personnel,Чуйская область,Процент,99.163311
2016,Annual,National,Proportion of births attended by skilled health personnel,Чуйская область,Процент,99.17626899999999
2017,Annual,National,Proportion of births attended by skilled health personnel,Чуйская область,Процент,99.2
2018,Annual,National,Proportion of births attended by skilled health personnel,Чуйская область,Процент,99.2
2007,Annual,National,Proportion of births attended by skilled health personnel,г. Бишкек,Процент,99.435435
2008,Annual,National,Proportion of births attended by skilled health personnel,г. Бишкек,Процент,99.586624
2009,Annual,National,Proportion of births attended by skilled health personnel,г. Бишкек,Процент,99.621193
2010,Annual,National,Proportion of births attended by skilled health personnel,г. Бишкек,Процент,99.598067
2011,Annual,National,Proportion of births attended by skilled health personnel,г. Бишкек,Процент,99.46061999999999
2012,Annual,National,Proportion of births attended by skilled health personnel,г. Бишкек,Процент,99.614421
2013,Annual,National,Proportion of births attended by skilled health personnel,г. Бишкек,Процент,99.611183
2014,Annual,National,Proportion of births attended by skilled health personnel,г. Бишкек,Процент,99.609444
2015,Annual,National,Proportion of births attended by skilled health personnel,г. Бишкек,Процент,99.49436700000001
2016,Annual,National,Proportion of births attended by skilled health personnel,г. Бишкек,Процент,99.479551
2017,Annual,National,Proportion of births attended by skilled health personnel,г. Бишкек,Процент,99.5
2018,Annual,National,Proportion of births attended by skilled health personnel,г. Бишкек,Процент,99.6
2007,Annual,National,Proportion of births attended by skilled health personnel,г. Ош,Процент,98.91628299999999
2008,Annual,National,Proportion of births attended by skilled health personnel,г. Ош,Процент,98.98297099999999
2009,Annual,National,Proportion of births attended by skilled health personnel,г. Ош,Процент,98.918685
2010,Annual,National,Proportion of births attended by skilled health personnel,г. Ош,Процент,97.39090300000001
2011,Annual,National,Proportion of births attended by skilled health personnel,г. Ош,Процент,99.342208
2012,Annual,National,Proportion of births attended by skilled health personnel,г. Ош,Процент,98.973247
2013,Annual,National,Proportion of births attended by skilled health personnel,г. Ош,Процент,99.300699
2014,Annual,National,Proportion of births attended by skilled health personnel,г. Ош,Процент,99.388163
2015,Annual,National,Proportion of births attended by skilled health personnel,г. Ош,Процент,99.258076
2016,Annual,National,Proportion of births attended by skilled health personnel,г. Ош,Процент,99.319952
2017,Annual,National,Proportion of births attended by skilled health personnel,г. Ош,Процент,99.5
2018,Annual,National,Proportion of births attended by skilled health personnel,г. Ош,Процент,99.7
