Year,Частота наблюдений,Тип отчетности,Series,Территория,Units,Value
2007,Годовая,Национальный,SH_STA_BRTC,Киргизия,PT,98.43686600000001
2008,Годовая,Национальный,SH_STA_BRTC,Киргизия,PT,98.483992
2009,Годовая,Национальный,SH_STA_BRTC,Киргизия,PT,98.495642
2010,Годовая,Национальный,SH_STA_BRTC,Киргизия,PT,98.309687
2011,Годовая,Национальный,SH_STA_BRTC,Киргизия,PT,98.622407
2012,Годовая,Национальный,SH_STA_BRTC,Киргизия,PT,98.838817
2013,Годовая,Национальный,SH_STA_BRTC,Киргизия,PT,98.985022
2014,Годовая,Национальный,SH_STA_BRTC,Киргизия,PT,99.176724
2015,Годовая,Национальный,SH_STA_BRTC,Киргизия,PT,99.230049
2016,Годовая,Национальный,SH_STA_BRTC,Киргизия,PT,99.185581
2017,Годовая,Национальный,SH_STA_BRTC,Киргизия,PT,99.3
2018,Годовая,Национальный,SH_STA_BRTC,Киргизия,PT,99.3
2007,Годовая,Национальный,SH_STA_BRTC,Баткенская область,PT,97.74409
2008,Годовая,Национальный,SH_STA_BRTC,Баткенская область,PT,97.474925
2009,Годовая,Национальный,SH_STA_BRTC,Баткенская область,PT,98.87450799999999
2010,Годовая,Национальный,SH_STA_BRTC,Баткенская область,PT,96.861772
2011,Годовая,Национальный,SH_STA_BRTC,Баткенская область,PT,97.13801
2012,Годовая,Национальный,SH_STA_BRTC,Баткенская область,PT,98.465778
2013,Годовая,Национальный,SH_STA_BRTC,Баткенская область,PT,99.080933
2014,Годовая,Национальный,SH_STA_BRTC,Баткенская область,PT,99.356181
2015,Годовая,Национальный,SH_STA_BRTC,Баткенская область,PT,99.26163100000001
2016,Годовая,Национальный,SH_STA_BRTC,Баткенская область,PT,98.97959200000001
2017,Годовая,Национальный,SH_STA_BRTC,Баткенская область,PT,99.2
2018,Годовая,Национальный,SH_STA_BRTC,Баткенская область,PT,99.4
2007,Годовая,Национальный,SH_STA_BRTC,Джалал-Абадская область,PT,98.959241
2008,Годовая,Национальный,SH_STA_BRTC,Джалал-Абадская область,PT,98.57502099999999
2009,Годовая,Национальный,SH_STA_BRTC,Джалал-Абадская область,PT,98.923445
2010,Годовая,Национальный,SH_STA_BRTC,Джалал-Абадская область,PT,98.940709
2011,Годовая,Национальный,SH_STA_BRTC,Джалал-Абадская область,PT,99.11574399999999
2012,Годовая,Национальный,SH_STA_BRTC,Джалал-Абадская область,PT,99.045346
2013,Годовая,Национальный,SH_STA_BRTC,Джалал-Абадская область,PT,99.080837
2014,Годовая,Национальный,SH_STA_BRTC,Джалал-Абадская область,PT,99.16136999999999
2015,Годовая,Национальный,SH_STA_BRTC,Джалал-Абадская область,PT,99.29911899999999
2016,Годовая,Национальный,SH_STA_BRTC,Джалал-Абадская область,PT,99.265036
2017,Годовая,Национальный,SH_STA_BRTC,Джалал-Абадская область,PT,99.4
2018,Годовая,Национальный,SH_STA_BRTC,Джалал-Абадская область,PT,99.4
2007,Годовая,Национальный,SH_STA_BRTC,Иссык-Кульская область,PT,99.29424499999999
2008,Годовая,Национальный,SH_STA_BRTC,Иссык-Кульская область,PT,99.008513
2009,Годовая,Национальный,SH_STA_BRTC,Иссык-Кульская область,PT,99.274602
2010,Годовая,Национальный,SH_STA_BRTC,Иссык-Кульская область,PT,99.41453100000001
2011,Годовая,Национальный,SH_STA_BRTC,Иссык-Кульская область,PT,99.46322099999999
2012,Годовая,Национальный,SH_STA_BRTC,Иссык-Кульская область,PT,99.435996
2013,Годовая,Национальный,SH_STA_BRTC,Иссык-Кульская область,PT,99.427262
2014,Годовая,Национальный,SH_STA_BRTC,Иссык-Кульская область,PT,99.45100500000001
2015,Годовая,Национальный,SH_STA_BRTC,Иссык-Кульская область,PT,99.391542
2016,Годовая,Национальный,SH_STA_BRTC,Иссык-Кульская область,PT,99.422551
2017,Годовая,Национальный,SH_STA_BRTC,Иссык-Кульская область,PT,99.5
2018,Годовая,Национальный,SH_STA_BRTC,Иссык-Кульская область,PT,99.5
2007,Годовая,Национальный,SH_STA_BRTC,Нарынская область,PT,97.720601
2008,Годовая,Национальный,SH_STA_BRTC,Нарынская область,PT,98.116039
2009,Годовая,Национальный,SH_STA_BRTC,Нарынская область,PT,98.275296
2010,Годовая,Национальный,SH_STA_BRTC,Нарынская область,PT,97.822417
2011,Годовая,Национальный,SH_STA_BRTC,Нарынская область,PT,98.680426
2012,Годовая,Национальный,SH_STA_BRTC,Нарынская область,PT,98.696845
2013,Годовая,Национальный,SH_STA_BRTC,Нарынская область,PT,98.717291
2014,Годовая,Национальный,SH_STA_BRTC,Нарынская область,PT,98.81741600000001
2015,Годовая,Национальный,SH_STA_BRTC,Нарынская область,PT,98.774112
2016,Годовая,Национальный,SH_STA_BRTC,Нарынская область,PT,98.787433
2017,Годовая,Национальный,SH_STA_BRTC,Нарынская область,PT,99.0
2018,Годовая,Национальный,SH_STA_BRTC,Нарынская область,PT,99.2
2007,Годовая,Национальный,SH_STA_BRTC,Ошская область,PT,96.877363
2008,Годовая,Национальный,SH_STA_BRTC,Ошская область,PT,97.394325
2009,Годовая,Национальный,SH_STA_BRTC,Ошская область,PT,96.451545
2010,Годовая,Национальный,SH_STA_BRTC,Ошская область,PT,96.52909
2011,Годовая,Национальный,SH_STA_BRTC,Ошская область,PT,97.299639
2012,Годовая,Национальный,SH_STA_BRTC,Ошская область,PT,97.81769399999999
2013,Годовая,Национальный,SH_STA_BRTC,Ошская область,PT,98.222659
2014,Годовая,Национальный,SH_STA_BRTC,Ошская область,PT,98.87403499999999
2015,Годовая,Национальный,SH_STA_BRTC,Ошская область,PT,99.087129
2016,Годовая,Национальный,SH_STA_BRTC,Ошская область,PT,99.07028199999999
2017,Годовая,Национальный,SH_STA_BRTC,Ошская область,PT,99.1
2018,Годовая,Национальный,SH_STA_BRTC,Ошская область,PT,99.1
2007,Годовая,Национальный,SH_STA_BRTC,Таласская область,PT,99.285714
2008,Годовая,Национальный,SH_STA_BRTC,Таласская область,PT,99.252883
2009,Годовая,Национальный,SH_STA_BRTC,Таласская область,PT,99.270189
2010,Годовая,Национальный,SH_STA_BRTC,Таласская область,PT,99.485821
2011,Годовая,Национальный,SH_STA_BRTC,Таласская область,PT,99.688576
2012,Годовая,Национальный,SH_STA_BRTC,Таласская область,PT,99.66067199999999
2013,Годовая,Национальный,SH_STA_BRTC,Таласская область,PT,99.694501
2014,Годовая,Национальный,SH_STA_BRTC,Таласская область,PT,99.680296
2015,Годовая,Национальный,SH_STA_BRTC,Таласская область,PT,99.729775
2016,Годовая,Национальный,SH_STA_BRTC,Таласская область,PT,99.713877
2017,Годовая,Национальный,SH_STA_BRTC,Таласская область,PT,99.5
2018,Годовая,Национальный,SH_STA_BRTC,Таласская область,PT,99.7
2007,Годовая,Национальный,SH_STA_BRTC,Чуйская область,PT,99.023641
2008,Годовая,Национальный,SH_STA_BRTC,Чуйская область,PT,99.18247
2009,Годовая,Национальный,SH_STA_BRTC,Чуйская область,PT,99.161879
2010,Годовая,Национальный,SH_STA_BRTC,Чуйская область,PT,99.19970699999999
2011,Годовая,Национальный,SH_STA_BRTC,Чуйская область,PT,99.10728399999999
2012,Годовая,Национальный,SH_STA_BRTC,Чуйская область,PT,99.15254200000001
2013,Годовая,Национальный,SH_STA_BRTC,Чуйская область,PT,99.134263
2014,Годовая,Национальный,SH_STA_BRTC,Чуйская область,PT,99.23354
2015,Годовая,Национальный,SH_STA_BRTC,Чуйская область,PT,99.163311
2016,Годовая,Национальный,SH_STA_BRTC,Чуйская область,PT,99.17626899999999
2017,Годовая,Национальный,SH_STA_BRTC,Чуйская область,PT,99.2
2018,Годовая,Национальный,SH_STA_BRTC,Чуйская область,PT,99.2
2007,Годовая,Национальный,SH_STA_BRTC,г. Бишкек,PT,99.435435
2008,Годовая,Национальный,SH_STA_BRTC,г. Бишкек,PT,99.586624
2009,Годовая,Национальный,SH_STA_BRTC,г. Бишкек,PT,99.621193
2010,Годовая,Национальный,SH_STA_BRTC,г. Бишкек,PT,99.598067
2011,Годовая,Национальный,SH_STA_BRTC,г. Бишкек,PT,99.46061999999999
2012,Годовая,Национальный,SH_STA_BRTC,г. Бишкек,PT,99.614421
2013,Годовая,Национальный,SH_STA_BRTC,г. Бишкек,PT,99.611183
2014,Годовая,Национальный,SH_STA_BRTC,г. Бишкек,PT,99.609444
2015,Годовая,Национальный,SH_STA_BRTC,г. Бишкек,PT,99.49436700000001
2016,Годовая,Национальный,SH_STA_BRTC,г. Бишкек,PT,99.479551
2017,Годовая,Национальный,SH_STA_BRTC,г. Бишкек,PT,99.5
2018,Годовая,Национальный,SH_STA_BRTC,г. Бишкек,PT,99.6
2007,Годовая,Национальный,SH_STA_BRTC,г. Ош,PT,98.91628299999999
2008,Годовая,Национальный,SH_STA_BRTC,г. Ош,PT,98.98297099999999
2009,Годовая,Национальный,SH_STA_BRTC,г. Ош,PT,98.918685
2010,Годовая,Национальный,SH_STA_BRTC,г. Ош,PT,97.39090300000001
2011,Годовая,Национальный,SH_STA_BRTC,г. Ош,PT,99.342208
2012,Годовая,Национальный,SH_STA_BRTC,г. Ош,PT,98.973247
2013,Годовая,Национальный,SH_STA_BRTC,г. Ош,PT,99.300699
2014,Годовая,Национальный,SH_STA_BRTC,г. Ош,PT,99.388163
2015,Годовая,Национальный,SH_STA_BRTC,г. Ош,PT,99.258076
2016,Годовая,Национальный,SH_STA_BRTC,г. Ош,PT,99.319952
2017,Годовая,Национальный,SH_STA_BRTC,г. Ош,PT,99.5
2018,Годовая,Национальный,SH_STA_BRTC,г. Ош,PT,99.7
