Year,Статус наблюдения,Множитель,Характер данных,Частота наблюдений,Тип отчетности,Series,Территория,Units,Value
2007,Нормальное значение,Единицы,Страновые данные,Годовая,Национальный,SH_STA_POISN,,PER_100000_POP,10.5
2008,Нормальное значение,Единицы,Страновые данные,Годовая,Национальный,SH_STA_POISN,,PER_100000_POP,10.8
2009,Нормальное значение,Единицы,Страновые данные,Годовая,Национальный,SH_STA_POISN,,PER_100000_POP,9.1
2010,Нормальное значение,Единицы,Страновые данные,Годовая,Национальный,SH_STA_POISN,,PER_100000_POP,9.0
2011,Нормальное значение,Единицы,Страновые данные,Годовая,Национальный,SH_STA_POISN,,PER_100000_POP,8.0
2012,Нормальное значение,Единицы,Страновые данные,Годовая,Национальный,SH_STA_POISN,,PER_100000_POP,7.9
2013,Нормальное значение,Единицы,Страновые данные,Годовая,Национальный,SH_STA_POISN,,PER_100000_POP,6.4
2014,Нормальное значение,Единицы,Страновые данные,Годовая,Национальный,SH_STA_POISN,,PER_100000_POP,6.8
2015,Нормальное значение,Единицы,Страновые данные,Годовая,Национальный,SH_STA_POISN,,PER_100000_POP,7.0
2016,Нормальное значение,Единицы,Страновые данные,Годовая,Национальный,SH_STA_POISN,,PER_100000_POP,6.0
2017,Нормальное значение,Единицы,Страновые данные,Годовая,Национальный,SH_STA_POISN,,PER_100000_POP,5.9
2018,Нормальное значение,Единицы,Страновые данные,Годовая,Национальный,SH_STA_POISN,,PER_100000_POP,6.3
2007,Нормальное значение,Единицы,Страновые данные,Годовая,Национальный,SH_STA_POISN,Баткенская область,PER_100000_POP,1.4
2008,Нормальное значение,Единицы,Страновые данные,Годовая,Национальный,SH_STA_POISN,Баткенская область,PER_100000_POP,2.8
2009,Нормальное значение,Единицы,Страновые данные,Годовая,Национальный,SH_STA_POISN,Баткенская область,PER_100000_POP,3.5
2010,Нормальное значение,Единицы,Страновые данные,Годовая,Национальный,SH_STA_POISN,Баткенская область,PER_100000_POP,3.0
2011,Нормальное значение,Единицы,Страновые данные,Годовая,Национальный,SH_STA_POISN,Баткенская область,PER_100000_POP,1.3
2012,Нормальное значение,Единицы,Страновые данные,Годовая,Национальный,SH_STA_POISN,Баткенская область,PER_100000_POP,3.5
2013,Нормальное значение,Единицы,Страновые данные,Годовая,Национальный,SH_STA_POISN,Баткенская область,PER_100000_POP,3.9
2014,Нормальное значение,Единицы,Страновые данные,Годовая,Национальный,SH_STA_POISN,Баткенская область,PER_100000_POP,2.1
2015,Нормальное значение,Единицы,Страновые данные,Годовая,Национальный,SH_STA_POISN,Баткенская область,PER_100000_POP,1.4
2016,Нормальное значение,Единицы,Страновые данные,Годовая,Национальный,SH_STA_POISN,Баткенская область,PER_100000_POP,1.2
2017,Нормальное значение,Единицы,Страновые данные,Годовая,Национальный,SH_STA_POISN,Баткенская область,PER_100000_POP,3.3
2018,Нормальное значение,Единицы,Страновые данные,Годовая,Национальный,SH_STA_POISN,Баткенская область,PER_100000_POP,1.2
2007,Нормальное значение,Единицы,Страновые данные,Годовая,Национальный,SH_STA_POISN,Джалал-Абадская область,PER_100000_POP,2.3
2008,Нормальное значение,Единицы,Страновые данные,Годовая,Национальный,SH_STA_POISN,Джалал-Абадская область,PER_100000_POP,1.4
2009,Нормальное значение,Единицы,Страновые данные,Годовая,Национальный,SH_STA_POISN,Джалал-Абадская область,PER_100000_POP,1.5
2010,Нормальное значение,Единицы,Страновые данные,Годовая,Национальный,SH_STA_POISN,Джалал-Абадская область,PER_100000_POP,2.4
2011,Нормальное значение,Единицы,Страновые данные,Годовая,Национальный,SH_STA_POISN,Джалал-Абадская область,PER_100000_POP,2.2
2012,Нормальное значение,Единицы,Страновые данные,Годовая,Национальный,SH_STA_POISN,Джалал-Абадская область,PER_100000_POP,2.4
2013,Нормальное значение,Единицы,Страновые данные,Годовая,Национальный,SH_STA_POISN,Джалал-Абадская область,PER_100000_POP,2.2
2014,Нормальное значение,Единицы,Страновые данные,Годовая,Национальный,SH_STA_POISN,Джалал-Абадская область,PER_100000_POP,2.1
2015,Нормальное значение,Единицы,Страновые данные,Годовая,Национальный,SH_STA_POISN,Джалал-Абадская область,PER_100000_POP,2.9
2016,Нормальное значение,Единицы,Страновые данные,Годовая,Национальный,SH_STA_POISN,Джалал-Абадская область,PER_100000_POP,1.9
2017,Нормальное значение,Единицы,Страновые данные,Годовая,Национальный,SH_STA_POISN,Джалал-Абадская область,PER_100000_POP,2.5
2018,Нормальное значение,Единицы,Страновые данные,Годовая,Национальный,SH_STA_POISN,Джалал-Абадская область,PER_100000_POP,2.4
2007,Нормальное значение,Единицы,Страновые данные,Годовая,Национальный,SH_STA_POISN,Иссык-Кульская область,PER_100000_POP,34.1
2008,Нормальное значение,Единицы,Страновые данные,Годовая,Национальный,SH_STA_POISN,Иссык-Кульская область,PER_100000_POP,35.1
2009,Нормальное значение,Единицы,Страновые данные,Годовая,Национальный,SH_STA_POISN,Иссык-Кульская область,PER_100000_POP,26.2
2010,Нормальное значение,Единицы,Страновые данные,Годовая,Национальный,SH_STA_POISN,Иссык-Кульская область,PER_100000_POP,33.0
2011,Нормальное значение,Единицы,Страновые данные,Годовая,Национальный,SH_STA_POISN,Иссык-Кульская область,PER_100000_POP,31.4
2012,Нормальное значение,Единицы,Страновые данные,Годовая,Национальный,SH_STA_POISN,Иссык-Кульская область,PER_100000_POP,26.6
2013,Нормальное значение,Единицы,Страновые данные,Годовая,Национальный,SH_STA_POISN,Иссык-Кульская область,PER_100000_POP,24.8
2014,Нормальное значение,Единицы,Страновые данные,Годовая,Национальный,SH_STA_POISN,Иссык-Кульская область,PER_100000_POP,30.6
2015,Нормальное значение,Единицы,Страновые данные,Годовая,Национальный,SH_STA_POISN,Иссык-Кульская область,PER_100000_POP,31.3
2016,Нормальное значение,Единицы,Страновые данные,Годовая,Национальный,SH_STA_POISN,Иссык-Кульская область,PER_100000_POP,19.4
2017,Нормальное значение,Единицы,Страновые данные,Годовая,Национальный,SH_STA_POISN,Иссык-Кульская область,PER_100000_POP,23.5
2018,Нормальное значение,Единицы,Страновые данные,Годовая,Национальный,SH_STA_POISN,Иссык-Кульская область,PER_100000_POP,26.7
2007,Нормальное значение,Единицы,Страновые данные,Годовая,Национальный,SH_STA_POISN,Нарынская область,PER_100000_POP,12.4
2008,Нормальное значение,Единицы,Страновые данные,Годовая,Национальный,SH_STA_POISN,Нарынская область,PER_100000_POP,9.3
2009,Нормальное значение,Единицы,Страновые данные,Годовая,Национальный,SH_STA_POISN,Нарынская область,PER_100000_POP,9.7
2010,Нормальное значение,Единицы,Страновые данные,Годовая,Национальный,SH_STA_POISN,Нарынская область,PER_100000_POP,11.5
2011,Нормальное значение,Единицы,Страновые данные,Годовая,Национальный,SH_STA_POISN,Нарынская область,PER_100000_POP,9.9
2012,Нормальное значение,Единицы,Страновые данные,Годовая,Национальный,SH_STA_POISN,Нарынская область,PER_100000_POP,8.3
2013,Нормальное значение,Единицы,Страновые данные,Годовая,Национальный,SH_STA_POISN,Нарынская область,PER_100000_POP,6.3
2014,Нормальное значение,Единицы,Страновые данные,Годовая,Национальный,SH_STA_POISN,Нарынская область,PER_100000_POP,5.5
2015,Нормальное значение,Единицы,Страновые данные,Годовая,Национальный,SH_STA_POISN,Нарынская область,PER_100000_POP,7.2
2016,Нормальное значение,Единицы,Страновые данные,Годовая,Национальный,SH_STA_POISN,Нарынская область,PER_100000_POP,7.2
2017,Нормальное значение,Единицы,Страновые данные,Годовая,Национальный,SH_STA_POISN,Нарынская область,PER_100000_POP,8.1
2018,Нормальное значение,Единицы,Страновые данные,Годовая,Национальный,SH_STA_POISN,Нарынская область,PER_100000_POP,10.9
2007,Нормальное значение,Единицы,Страновые данные,Годовая,Национальный,SH_STA_POISN,Ошская область,PER_100000_POP,1.0
2008,Нормальное значение,Единицы,Страновые данные,Годовая,Национальный,SH_STA_POISN,Ошская область,PER_100000_POP,2.4
2009,Нормальное значение,Единицы,Страновые данные,Годовая,Национальный,SH_STA_POISN,Ошская область,PER_100000_POP,2.7
2010,Нормальное значение,Единицы,Страновые данные,Годовая,Национальный,SH_STA_POISN,Ошская область,PER_100000_POP,2.5
2011,Нормальное значение,Единицы,Страновые данные,Годовая,Национальный,SH_STA_POISN,Ошская область,PER_100000_POP,2.4
2012,Нормальное значение,Единицы,Страновые данные,Годовая,Национальный,SH_STA_POISN,Ошская область,PER_100000_POP,3.7
2013,Нормальное значение,Единицы,Страновые данные,Годовая,Национальный,SH_STA_POISN,Ошская область,PER_100000_POP,1.6
2014,Нормальное значение,Единицы,Страновые данные,Годовая,Национальный,SH_STA_POISN,Ошская область,PER_100000_POP,2.7
2015,Нормальное значение,Единицы,Страновые данные,Годовая,Национальный,SH_STA_POISN,Ошская область,PER_100000_POP,4.0
2016,Нормальное значение,Единицы,Страновые данные,Годовая,Национальный,SH_STA_POISN,Ошская область,PER_100000_POP,3.4
2017,Нормальное значение,Единицы,Страновые данные,Годовая,Национальный,SH_STA_POISN,Ошская область,PER_100000_POP,2.3
2018,Нормальное значение,Единицы,Страновые данные,Годовая,Национальный,SH_STA_POISN,Ошская область,PER_100000_POP,3.4
2007,Нормальное значение,Единицы,Страновые данные,Годовая,Национальный,SH_STA_POISN,Таласская область,PER_100000_POP,3.6
2008,Нормальное значение,Единицы,Страновые данные,Годовая,Национальный,SH_STA_POISN,Таласская область,PER_100000_POP,4.4
2009,Нормальное значение,Единицы,Страновые данные,Годовая,Национальный,SH_STA_POISN,Таласская область,PER_100000_POP,4.4
2010,Нормальное значение,Единицы,Страновые данные,Годовая,Национальный,SH_STA_POISN,Таласская область,PER_100000_POP,3.5
2011,Нормальное значение,Единицы,Страновые данные,Годовая,Национальный,SH_STA_POISN,Таласская область,PER_100000_POP,2.6
2012,Нормальное значение,Единицы,Страновые данные,Годовая,Национальный,SH_STA_POISN,Таласская область,PER_100000_POP,5.5
2013,Нормальное значение,Единицы,Страновые данные,Годовая,Национальный,SH_STA_POISN,Таласская область,PER_100000_POP,3.7
2014,Нормальное значение,Единицы,Страновые данные,Годовая,Национальный,SH_STA_POISN,Таласская область,PER_100000_POP,4.1
2015,Нормальное значение,Единицы,Страновые данные,Годовая,Национальный,SH_STA_POISN,Таласская область,PER_100000_POP,6.8
2016,Нормальное значение,Единицы,Страновые данные,Годовая,Национальный,SH_STA_POISN,Таласская область,PER_100000_POP,6.3
2017,Нормальное значение,Единицы,Страновые данные,Годовая,Национальный,SH_STA_POISN,Таласская область,PER_100000_POP,2.3
2018,Нормальное значение,Единицы,Страновые данные,Годовая,Национальный,SH_STA_POISN,Таласская область,PER_100000_POP,5.7
2007,Нормальное значение,Единицы,Страновые данные,Годовая,Национальный,SH_STA_POISN,Чуйская область,PER_100000_POP,15.8
2008,Нормальное значение,Единицы,Страновые данные,Годовая,Национальный,SH_STA_POISN,Чуйская область,PER_100000_POP,16.0
2009,Нормальное значение,Единицы,Страновые данные,Годовая,Национальный,SH_STA_POISN,Чуйская область,PER_100000_POP,11.9
2010,Нормальное значение,Единицы,Страновые данные,Годовая,Национальный,SH_STA_POISN,Чуйская область,PER_100000_POP,11.1
2011,Нормальное значение,Единицы,Страновые данные,Годовая,Национальный,SH_STA_POISN,Чуйская область,PER_100000_POP,7.7
2012,Нормальное значение,Единицы,Страновые данные,Годовая,Национальный,SH_STA_POISN,Чуйская область,PER_100000_POP,9.4
2013,Нормальное значение,Единицы,Страновые данные,Годовая,Национальный,SH_STA_POISN,Чуйская область,PER_100000_POP,7.4
2014,Нормальное значение,Единицы,Страновые данные,Годовая,Национальный,SH_STA_POISN,Чуйская область,PER_100000_POP,7.9
2015,Нормальное значение,Единицы,Страновые данные,Годовая,Национальный,SH_STA_POISN,Чуйская область,PER_100000_POP,6.3
2016,Нормальное значение,Единицы,Страновые данные,Годовая,Национальный,SH_STA_POISN,Чуйская область,PER_100000_POP,7.9
2017,Нормальное значение,Единицы,Страновые данные,Годовая,Национальный,SH_STA_POISN,Чуйская область,PER_100000_POP,7.9
2018,Нормальное значение,Единицы,Страновые данные,Годовая,Национальный,SH_STA_POISN,Чуйская область,PER_100000_POP,7.1
2007,Нормальное значение,Единицы,Страновые данные,Годовая,Национальный,SH_STA_POISN,г. Бишкек,PER_100000_POP,24.1
2008,Нормальное значение,Единицы,Страновые данные,Годовая,Национальный,SH_STA_POISN,г. Бишкек,PER_100000_POP,24.3
2009,Нормальное значение,Единицы,Страновые данные,Годовая,Национальный,SH_STA_POISN,г. Бишкек,PER_100000_POP,21.0
2010,Нормальное значение,Единицы,Страновые данные,Годовая,Национальный,SH_STA_POISN,г. Бишкек,PER_100000_POP,16.3
2011,Нормальное значение,Единицы,Страновые данные,Годовая,Национальный,SH_STA_POISN,г. Бишкек,PER_100000_POP,16.0
2012,Нормальное значение,Единицы,Страновые данные,Годовая,Национальный,SH_STA_POISN,г. Бишкек,PER_100000_POP,12.2
2013,Нормальное значение,Единицы,Страновые данные,Годовая,Национальный,SH_STA_POISN,г. Бишкек,PER_100000_POP,9.9
2014,Нормальное значение,Единицы,Страновые данные,Годовая,Национальный,SH_STA_POISN,г. Бишкек,PER_100000_POP,10.0
2015,Нормальное значение,Единицы,Страновые данные,Годовая,Национальный,SH_STA_POISN,г. Бишкек,PER_100000_POP,8.1
2016,Нормальное значение,Единицы,Страновые данные,Годовая,Национальный,SH_STA_POISN,г. Бишкек,PER_100000_POP,8.1
2017,Нормальное значение,Единицы,Страновые данные,Годовая,Национальный,SH_STA_POISN,г. Бишкек,PER_100000_POP,6.6
2018,Нормальное значение,Единицы,Страновые данные,Годовая,Национальный,SH_STA_POISN,г. Бишкек,PER_100000_POP,6.5
2007,Нормальное значение,Единицы,Страновые данные,Годовая,Национальный,SH_STA_POISN,г. Ош,PER_100000_POP,1.6
2008,Нормальное значение,Единицы,Страновые данные,Годовая,Национальный,SH_STA_POISN,г. Ош,PER_100000_POP,3.5
2009,Нормальное значение,Единицы,Страновые данные,Годовая,Национальный,SH_STA_POISN,г. Ош,PER_100000_POP,3.1
2010,Нормальное значение,Единицы,Страновые данные,Годовая,Национальный,SH_STA_POISN,г. Ош,PER_100000_POP,3.9
2011,Нормальное значение,Единицы,Страновые данные,Годовая,Национальный,SH_STA_POISN,г. Ош,PER_100000_POP,3.5
2012,Нормальное значение,Единицы,Страновые данные,Годовая,Национальный,SH_STA_POISN,г. Ош,PER_100000_POP,5.8
2013,Нормальное значение,Единицы,Страновые данные,Годовая,Национальный,SH_STA_POISN,г. Ош,PER_100000_POP,4.9
2014,Нормальное значение,Единицы,Страновые данные,Годовая,Национальный,SH_STA_POISN,г. Ош,PER_100000_POP,1.9
2015,Нормальное значение,Единицы,Страновые данные,Годовая,Национальный,SH_STA_POISN,г. Ош,PER_100000_POP,4.4
2016,Нормальное значение,Единицы,Страновые данные,Годовая,Национальный,SH_STA_POISN,г. Ош,PER_100000_POP,6.1
2017,Нормальное значение,Единицы,Страновые данные,Годовая,Национальный,SH_STA_POISN,г. Ош,PER_100000_POP,3.5
2018,Нормальное значение,Единицы,Страновые данные,Годовая,Национальный,SH_STA_POISN,г. Ош,PER_100000_POP,2.7
