Year,Частота наблюдений,Тип отчетности,Series,Территория,Пол,Units,Value
2007,Годовая,Национальный,_L_KG_030901_1,,,PER_100000_POP,15
2008,Годовая,Национальный,_L_KG_030901_1,,,PER_100000_POP,19
2009,Годовая,Национальный,_L_KG_030901_1,,,PER_100000_POP,13
2010,Годовая,Национальный,_L_KG_030901_1,,,PER_100000_POP,9
2011,Годовая,Национальный,_L_KG_030901_1,,,PER_100000_POP,10
2012,Годовая,Национальный,_L_KG_030901_1,,,PER_100000_POP,11
2013,Годовая,Национальный,_L_KG_030901_1,,,PER_100000_POP,8
2014,Годовая,Национальный,_L_KG_030901_1,,,PER_100000_POP,8
2015,Годовая,Национальный,_L_KG_030901_1,,,PER_100000_POP,7
2016,Годовая,Национальный,_L_KG_030901_1,,,PER_100000_POP,8
2017,Годовая,Национальный,_L_KG_030901_1,,,PER_100000_POP,8
2018,Годовая,Национальный,_L_KG_030901_1,,,PER_100000_POP,8
2007,Годовая,Национальный,_L_KG_030901_1,,Женщины,PER_100000_POP,9
2008,Годовая,Национальный,_L_KG_030901_1,,Женщины,PER_100000_POP,14
2009,Годовая,Национальный,_L_KG_030901_1,,Женщины,PER_100000_POP,8
2010,Годовая,Национальный,_L_KG_030901_1,,Женщины,PER_100000_POP,6
2011,Годовая,Национальный,_L_KG_030901_1,,Женщины,PER_100000_POP,4
2012,Годовая,Национальный,_L_KG_030901_1,,Женщины,PER_100000_POP,7
2013,Годовая,Национальный,_L_KG_030901_1,,Женщины,PER_100000_POP,5
2014,Годовая,Национальный,_L_KG_030901_1,,Женщины,PER_100000_POP,3
2015,Годовая,Национальный,_L_KG_030901_1,,Женщины,PER_100000_POP,3
2016,Годовая,Национальный,_L_KG_030901_1,,Женщины,PER_100000_POP,4
2017,Годовая,Национальный,_L_KG_030901_1,,Женщины,PER_100000_POP,4
2018,Годовая,Национальный,_L_KG_030901_1,,Женщины,PER_100000_POP,5
2007,Годовая,Национальный,_L_KG_030901_1,,Мужчины,PER_100000_POP,22
2008,Годовая,Национальный,_L_KG_030901_1,,Мужчины,PER_100000_POP,24
2009,Годовая,Национальный,_L_KG_030901_1,,Мужчины,PER_100000_POP,18
2010,Годовая,Национальный,_L_KG_030901_1,,Мужчины,PER_100000_POP,12
2011,Годовая,Национальный,_L_KG_030901_1,,Мужчины,PER_100000_POP,16
2012,Годовая,Национальный,_L_KG_030901_1,,Мужчины,PER_100000_POP,16
2013,Годовая,Национальный,_L_KG_030901_1,,Мужчины,PER_100000_POP,12
2014,Годовая,Национальный,_L_KG_030901_1,,Мужчины,PER_100000_POP,13
2015,Годовая,Национальный,_L_KG_030901_1,,Мужчины,PER_100000_POP,12
2016,Годовая,Национальный,_L_KG_030901_1,,Мужчины,PER_100000_POP,11
2017,Годовая,Национальный,_L_KG_030901_1,,Мужчины,PER_100000_POP,12
2018,Годовая,Национальный,_L_KG_030901_1,,Мужчины,PER_100000_POP,11
2007,Годовая,Национальный,_L_KG_030901_1,Баткенская область,,PER_100000_POP,9
2008,Годовая,Национальный,_L_KG_030901_1,Баткенская область,,PER_100000_POP,2
2009,Годовая,Национальный,_L_KG_030901_1,Баткенская область,,PER_100000_POP,16
2011,Годовая,Национальный,_L_KG_030901_1,Баткенская область,,PER_100000_POP,4
2013,Годовая,Национальный,_L_KG_030901_1,Баткенская область,,PER_100000_POP,6
2014,Годовая,Национальный,_L_KG_030901_1,Баткенская область,,PER_100000_POP,2
2015,Годовая,Национальный,_L_KG_030901_1,Баткенская область,,PER_100000_POP,16
2016,Годовая,Национальный,_L_KG_030901_1,Баткенская область,,PER_100000_POP,2
2017,Годовая,Национальный,_L_KG_030901_1,Баткенская область,,PER_100000_POP,16
2018,Годовая,Национальный,_L_KG_030901_1,Баткенская область,,PER_100000_POP,8
2009,Годовая,Национальный,_L_KG_030901_1,Баткенская область,Женщины,PER_100000_POP,9
2013,Годовая,Национальный,_L_KG_030901_1,Баткенская область,Женщины,PER_100000_POP,9
2017,Годовая,Национальный,_L_KG_030901_1,Баткенская область,Женщины,PER_100000_POP,4
2018,Годовая,Национальный,_L_KG_030901_1,Баткенская область,Женщины,PER_100000_POP,8
2007,Годовая,Национальный,_L_KG_030901_1,Баткенская область,Мужчины,PER_100000_POP,19
2008,Годовая,Национальный,_L_KG_030901_1,Баткенская область,Мужчины,PER_100000_POP,5
2009,Годовая,Национальный,_L_KG_030901_1,Баткенская область,Мужчины,PER_100000_POP,23
2011,Годовая,Национальный,_L_KG_030901_1,Баткенская область,Мужчины,PER_100000_POP,9
2013,Годовая,Национальный,_L_KG_030901_1,Баткенская область,Мужчины,PER_100000_POP,4
2014,Годовая,Национальный,_L_KG_030901_1,Баткенская область,Мужчины,PER_100000_POP,4
2015,Годовая,Национальный,_L_KG_030901_1,Баткенская область,Мужчины,PER_100000_POP,32
2016,Годовая,Национальный,_L_KG_030901_1,Баткенская область,Мужчины,PER_100000_POP,4
2017,Годовая,Национальный,_L_KG_030901_1,Баткенская область,Мужчины,PER_100000_POP,27
2018,Годовая,Национальный,_L_KG_030901_1,Баткенская область,Мужчины,PER_100000_POP,8
2007,Годовая,Национальный,_L_KG_030901_1,Джалал-Абадская область,,PER_100000_POP,2
2008,Годовая,Национальный,_L_KG_030901_1,Джалал-Абадская область,,PER_100000_POP,2
2009,Годовая,Национальный,_L_KG_030901_1,Джалал-Абадская область,,PER_100000_POP,9
2010,Годовая,Национальный,_L_KG_030901_1,Джалал-Абадская область,,PER_100000_POP,6
2011,Годовая,Национальный,_L_KG_030901_1,Джалал-Абадская область,,PER_100000_POP,3
2012,Годовая,Национальный,_L_KG_030901_1,Джалал-Абадская область,,PER_100000_POP,5
2015,Годовая,Национальный,_L_KG_030901_1,Джалал-Абадская область,,PER_100000_POP,1
2016,Годовая,Национальный,_L_KG_030901_1,Джалал-Абадская область,,PER_100000_POP,1
2017,Годовая,Национальный,_L_KG_030901_1,Джалал-Абадская область,,PER_100000_POP,5
2009,Годовая,Национальный,_L_KG_030901_1,Джалал-Абадская область,Женщины,PER_100000_POP,8
2010,Годовая,Национальный,_L_KG_030901_1,Джалал-Абадская область,Женщины,PER_100000_POP,6
2012,Годовая,Национальный,_L_KG_030901_1,Джалал-Абадская область,Женщины,PER_100000_POP,2
2007,Годовая,Национальный,_L_KG_030901_1,Джалал-Абадская область,Мужчины,PER_100000_POP,4
2008,Годовая,Национальный,_L_KG_030901_1,Джалал-Абадская область,Мужчины,PER_100000_POP,4
2009,Годовая,Национальный,_L_KG_030901_1,Джалал-Абадская область,Мужчины,PER_100000_POP,10
2010,Годовая,Национальный,_L_KG_030901_1,Джалал-Абадская область,Мужчины,PER_100000_POP,6
2011,Годовая,Национальный,_L_KG_030901_1,Джалал-Абадская область,Мужчины,PER_100000_POP,6
2012,Годовая,Национальный,_L_KG_030901_1,Джалал-Абадская область,Мужчины,PER_100000_POP,7
2015,Годовая,Национальный,_L_KG_030901_1,Джалал-Абадская область,Мужчины,PER_100000_POP,2
2016,Годовая,Национальный,_L_KG_030901_1,Джалал-Абадская область,Мужчины,PER_100000_POP,2
2017,Годовая,Национальный,_L_KG_030901_1,Джалал-Абадская область,Мужчины,PER_100000_POP,10
2007,Годовая,Национальный,_L_KG_030901_1,Иссык-Кульская область,,PER_100000_POP,28
2008,Годовая,Национальный,_L_KG_030901_1,Иссык-Кульская область,,PER_100000_POP,37
2009,Годовая,Национальный,_L_KG_030901_1,Иссык-Кульская область,,PER_100000_POP,25
2010,Годовая,Национальный,_L_KG_030901_1,Иссык-Кульская область,,PER_100000_POP,14
2011,Годовая,Национальный,_L_KG_030901_1,Иссык-Кульская область,,PER_100000_POP,18
2012,Годовая,Национальный,_L_KG_030901_1,Иссык-Кульская область,,PER_100000_POP,7
2013,Годовая,Национальный,_L_KG_030901_1,Иссык-Кульская область,,PER_100000_POP,15
2014,Годовая,Национальный,_L_KG_030901_1,Иссык-Кульская область,,PER_100000_POP,24
2015,Годовая,Национальный,_L_KG_030901_1,Иссык-Кульская область,,PER_100000_POP,2
2016,Годовая,Национальный,_L_KG_030901_1,Иссык-Кульская область,,PER_100000_POP,13
2017,Годовая,Национальный,_L_KG_030901_1,Иссык-Кульская область,,PER_100000_POP,10
2018,Годовая,Национальный,_L_KG_030901_1,Иссык-Кульская область,,PER_100000_POP,8
2007,Годовая,Национальный,_L_KG_030901_1,Иссык-Кульская область,Женщины,PER_100000_POP,14
2008,Годовая,Национальный,_L_KG_030901_1,Иссык-Кульская область,Женщины,PER_100000_POP,32
2009,Годовая,Национальный,_L_KG_030901_1,Иссык-Кульская область,Женщины,PER_100000_POP,9
2010,Годовая,Национальный,_L_KG_030901_1,Иссык-Кульская область,Женщины,PER_100000_POP,9
2011,Годовая,Национальный,_L_KG_030901_1,Иссык-Кульская область,Женщины,PER_100000_POP,13
2012,Годовая,Национальный,_L_KG_030901_1,Иссык-Кульская область,Женщины,PER_100000_POP,4
2013,Годовая,Национальный,_L_KG_030901_1,Иссык-Кульская область,Женщины,PER_100000_POP,9
2014,Годовая,Национальный,_L_KG_030901_1,Иссык-Кульская область,Женщины,PER_100000_POP,4
2016,Годовая,Национальный,_L_KG_030901_1,Иссык-Кульская область,Женщины,PER_100000_POP,13
2017,Годовая,Национальный,_L_KG_030901_1,Иссык-Кульская область,Женщины,PER_100000_POP,4
2007,Годовая,Национальный,_L_KG_030901_1,Иссык-Кульская область,Мужчины,PER_100000_POP,42
2008,Годовая,Национальный,_L_KG_030901_1,Иссык-Кульская область,Мужчины,PER_100000_POP,42
2009,Годовая,Национальный,_L_KG_030901_1,Иссык-Кульская область,Мужчины,PER_100000_POP,41
2010,Годовая,Национальный,_L_KG_030901_1,Иссык-Кульская область,Мужчины,PER_100000_POP,18
2011,Годовая,Национальный,_L_KG_030901_1,Иссык-Кульская область,Мужчины,PER_100000_POP,23
2012,Годовая,Национальный,_L_KG_030901_1,Иссык-Кульская область,Мужчины,PER_100000_POP,9
2013,Годовая,Национальный,_L_KG_030901_1,Иссык-Кульская область,Мужчины,PER_100000_POP,22
2014,Годовая,Национальный,_L_KG_030901_1,Иссык-Кульская область,Мужчины,PER_100000_POP,44
2015,Годовая,Национальный,_L_KG_030901_1,Иссык-Кульская область,Мужчины,PER_100000_POP,4
2016,Годовая,Национальный,_L_KG_030901_1,Иссык-Кульская область,Мужчины,PER_100000_POP,13
2017,Годовая,Национальный,_L_KG_030901_1,Иссык-Кульская область,Мужчины,PER_100000_POP,17
2018,Годовая,Национальный,_L_KG_030901_1,Иссык-Кульская область,Мужчины,PER_100000_POP,17
2007,Годовая,Национальный,_L_KG_030901_1,Нарынская область,,PER_100000_POP,12
2010,Годовая,Национальный,_L_KG_030901_1,Нарынская область,,PER_100000_POP,4
2013,Годовая,Национальный,_L_KG_030901_1,Нарынская область,,PER_100000_POP,4
2018,Годовая,Национальный,_L_KG_030901_1,Нарынская область,,PER_100000_POP,11
2007,Годовая,Национальный,_L_KG_030901_1,Нарынская область,Женщины,PER_100000_POP,8
2018,Годовая,Национальный,_L_KG_030901_1,Нарынская область,Женщины,PER_100000_POP,7
2007,Годовая,Национальный,_L_KG_030901_1,Нарынская область,Мужчины,PER_100000_POP,15
2010,Годовая,Национальный,_L_KG_030901_1,Нарынская область,Мужчины,PER_100000_POP,8
2013,Годовая,Национальный,_L_KG_030901_1,Нарынская область,Мужчины,PER_100000_POP,7
2018,Годовая,Национальный,_L_KG_030901_1,Нарынская область,Мужчины,PER_100000_POP,14
2008,Годовая,Национальный,_L_KG_030901_1,Ошская область,,PER_100000_POP,2
2009,Годовая,Национальный,_L_KG_030901_1,Ошская область,,PER_100000_POP,3
2011,Годовая,Национальный,_L_KG_030901_1,Ошская область,,PER_100000_POP,1
2012,Годовая,Национальный,_L_KG_030901_1,Ошская область,,PER_100000_POP,3
2015,Годовая,Национальный,_L_KG_030901_1,Ошская область,,PER_100000_POP,3
2016,Годовая,Национальный,_L_KG_030901_1,Ошская область,,PER_100000_POP,2
2017,Годовая,Национальный,_L_KG_030901_1,Ошская область,,PER_100000_POP,2
2018,Годовая,Национальный,_L_KG_030901_1,Ошская область,,PER_100000_POP,2
2008,Годовая,Национальный,_L_KG_030901_1,Ошская область,Женщины,PER_100000_POP,2
2012,Годовая,Национальный,_L_KG_030901_1,Ошская область,Женщины,PER_100000_POP,3
2015,Годовая,Национальный,_L_KG_030901_1,Ошская область,Женщины,PER_100000_POP,2
2017,Годовая,Национальный,_L_KG_030901_1,Ошская область,Женщины,PER_100000_POP,3
2008,Годовая,Национальный,_L_KG_030901_1,Ошская область,Мужчины,PER_100000_POP,2
2009,Годовая,Национальный,_L_KG_030901_1,Ошская область,Мужчины,PER_100000_POP,5
2011,Годовая,Национальный,_L_KG_030901_1,Ошская область,Мужчины,PER_100000_POP,2
2012,Годовая,Национальный,_L_KG_030901_1,Ошская область,Мужчины,PER_100000_POP,3
2015,Годовая,Национальный,_L_KG_030901_1,Ошская область,Мужчины,PER_100000_POP,5
2016,Годовая,Национальный,_L_KG_030901_1,Ошская область,Мужчины,PER_100000_POP,5
2018,Годовая,Национальный,_L_KG_030901_1,Ошская область,Мужчины,PER_100000_POP,3
2008,Годовая,Национальный,_L_KG_030901_1,Таласская область,,PER_100000_POP,9
2009,Годовая,Национальный,_L_KG_030901_1,Таласская область,,PER_100000_POP,4
2013,Годовая,Национальный,_L_KG_030901_1,Таласская область,,PER_100000_POP,4
2014,Годовая,Национальный,_L_KG_030901_1,Таласская область,,PER_100000_POP,4
2015,Годовая,Национальный,_L_KG_030901_1,Таласская область,,PER_100000_POP,4
2016,Годовая,Национальный,_L_KG_030901_1,Таласская область,,PER_100000_POP,4
2008,Годовая,Национальный,_L_KG_030901_1,Таласская область,Мужчины,PER_100000_POP,18
2009,Годовая,Национальный,_L_KG_030901_1,Таласская область,Мужчины,PER_100000_POP,9
2013,Годовая,Национальный,_L_KG_030901_1,Таласская область,Мужчины,PER_100000_POP,8
2014,Годовая,Национальный,_L_KG_030901_1,Таласская область,Мужчины,PER_100000_POP,8
2015,Годовая,Национальный,_L_KG_030901_1,Таласская область,Мужчины,PER_100000_POP,8
2016,Годовая,Национальный,_L_KG_030901_1,Таласская область,Мужчины,PER_100000_POP,8
2007,Годовая,Национальный,_L_KG_030901_1,Чуйская область,,PER_100000_POP,42
2008,Годовая,Национальный,_L_KG_030901_1,Чуйская область,,PER_100000_POP,61
2009,Годовая,Национальный,_L_KG_030901_1,Чуйская область,,PER_100000_POP,30
2010,Годовая,Национальный,_L_KG_030901_1,Чуйская область,,PER_100000_POP,32
2011,Годовая,Национальный,_L_KG_030901_1,Чуйская область,,PER_100000_POP,23
2012,Годовая,Национальный,_L_KG_030901_1,Чуйская область,,PER_100000_POP,31
2013,Годовая,Национальный,_L_KG_030901_1,Чуйская область,,PER_100000_POP,22
2014,Годовая,Национальный,_L_KG_030901_1,Чуйская область,,PER_100000_POP,19
2015,Годовая,Национальный,_L_KG_030901_1,Чуйская область,,PER_100000_POP,20
2016,Годовая,Национальный,_L_KG_030901_1,Чуйская область,,PER_100000_POP,22
2017,Годовая,Национальный,_L_KG_030901_1,Чуйская область,,PER_100000_POP,22
2018,Годовая,Национальный,_L_KG_030901_1,Чуйская область,,PER_100000_POP,26
2007,Годовая,Национальный,_L_KG_030901_1,Чуйская область,Женщины,PER_100000_POP,25
2008,Годовая,Национальный,_L_KG_030901_1,Чуйская область,Женщины,PER_100000_POP,44
2009,Годовая,Национальный,_L_KG_030901_1,Чуйская область,Женщины,PER_100000_POP,24
2010,Годовая,Национальный,_L_KG_030901_1,Чуйская область,Женщины,PER_100000_POP,22
2011,Годовая,Национальный,_L_KG_030901_1,Чуйская область,Женщины,PER_100000_POP,5
2012,Годовая,Национальный,_L_KG_030901_1,Чуйская область,Женщины,PER_100000_POP,17
2013,Годовая,Национальный,_L_KG_030901_1,Чуйская область,Женщины,PER_100000_POP,7
2014,Годовая,Национальный,_L_KG_030901_1,Чуйская область,Женщины,PER_100000_POP,7
2015,Годовая,Национальный,_L_KG_030901_1,Чуйская область,Женщины,PER_100000_POP,16
2016,Годовая,Национальный,_L_KG_030901_1,Чуйская область,Женщины,PER_100000_POP,4
2017,Годовая,Национальный,_L_KG_030901_1,Чуйская область,Женщины,PER_100000_POP,13
2018,Годовая,Национальный,_L_KG_030901_1,Чуйская область,Женщины,PER_100000_POP,17
2007,Годовая,Национальный,_L_KG_030901_1,Чуйская область,Мужчины,PER_100000_POP,59
2008,Годовая,Национальный,_L_KG_030901_1,Чуйская область,Мужчины,PER_100000_POP,79
2009,Годовая,Национальный,_L_KG_030901_1,Чуйская область,Мужчины,PER_100000_POP,35
2010,Годовая,Национальный,_L_KG_030901_1,Чуйская область,Мужчины,PER_100000_POP,43
2011,Годовая,Национальный,_L_KG_030901_1,Чуйская область,Мужчины,PER_100000_POP,42
2012,Годовая,Национальный,_L_KG_030901_1,Чуйская область,Мужчины,PER_100000_POP,46
2013,Годовая,Национальный,_L_KG_030901_1,Чуйская область,Мужчины,PER_100000_POP,38
2014,Годовая,Национальный,_L_KG_030901_1,Чуйская область,Мужчины,PER_100000_POP,31
2015,Годовая,Национальный,_L_KG_030901_1,Чуйская область,Мужчины,PER_100000_POP,25
2016,Годовая,Национальный,_L_KG_030901_1,Чуйская область,Мужчины,PER_100000_POP,41
2017,Годовая,Национальный,_L_KG_030901_1,Чуйская область,Мужчины,PER_100000_POP,31
2018,Годовая,Национальный,_L_KG_030901_1,Чуйская область,Мужчины,PER_100000_POP,35
2007,Годовая,Национальный,_L_KG_030901_1,г. Бишкек,,PER_100000_POP,32
2008,Годовая,Национальный,_L_KG_030901_1,г. Бишкек,,PER_100000_POP,34
2009,Годовая,Национальный,_L_KG_030901_1,г. Бишкек,,PER_100000_POP,18
2010,Годовая,Национальный,_L_KG_030901_1,г. Бишкек,,PER_100000_POP,9
2011,Годовая,Национальный,_L_KG_030901_1,г. Бишкек,,PER_100000_POP,23
2012,Годовая,Национальный,_L_KG_030901_1,г. Бишкек,,PER_100000_POP,26
2013,Годовая,Национальный,_L_KG_030901_1,г. Бишкек,,PER_100000_POP,19
2014,Годовая,Национальный,_L_KG_030901_1,г. Бишкек,,PER_100000_POP,19
2015,Годовая,Национальный,_L_KG_030901_1,г. Бишкек,,PER_100000_POP,11
2016,Годовая,Национальный,_L_KG_030901_1,г. Бишкек,,PER_100000_POP,15
2017,Годовая,Национальный,_L_KG_030901_1,г. Бишкек,,PER_100000_POP,9
2018,Годовая,Национальный,_L_KG_030901_1,г. Бишкек,,PER_100000_POP,13
2007,Годовая,Национальный,_L_KG_030901_1,г. Бишкек,Женщины,PER_100000_POP,23
2008,Годовая,Национальный,_L_KG_030901_1,г. Бишкек,Женщины,PER_100000_POP,27
2009,Годовая,Национальный,_L_KG_030901_1,г. Бишкек,Женщины,PER_100000_POP,11
2010,Годовая,Национальный,_L_KG_030901_1,г. Бишкек,Женщины,PER_100000_POP,4
2011,Годовая,Национальный,_L_KG_030901_1,г. Бишкек,Женщины,PER_100000_POP,11
2012,Годовая,Национальный,_L_KG_030901_1,г. Бишкек,Женщины,PER_100000_POP,15
2013,Годовая,Национальный,_L_KG_030901_1,г. Бишкек,Женщины,PER_100000_POP,14
2014,Годовая,Национальный,_L_KG_030901_1,г. Бишкек,Женщины,PER_100000_POP,12
2015,Годовая,Национальный,_L_KG_030901_1,г. Бишкек,Женщины,PER_100000_POP,4
2016,Годовая,Национальный,_L_KG_030901_1,г. Бишкек,Женщины,PER_100000_POP,15
2017,Годовая,Национальный,_L_KG_030901_1,г. Бишкек,Женщины,PER_100000_POP,4
2018,Годовая,Национальный,_L_KG_030901_1,г. Бишкек,Женщины,PER_100000_POP,7
2007,Годовая,Национальный,_L_KG_030901_1,г. Бишкек,Мужчины,PER_100000_POP,42
2008,Годовая,Национальный,_L_KG_030901_1,г. Бишкек,Мужчины,PER_100000_POP,42
2009,Годовая,Национальный,_L_KG_030901_1,г. Бишкек,Мужчины,PER_100000_POP,26
2010,Годовая,Национальный,_L_KG_030901_1,г. Бишкек,Мужчины,PER_100000_POP,15
2011,Годовая,Национальный,_L_KG_030901_1,г. Бишкек,Мужчины,PER_100000_POP,37
2012,Годовая,Национальный,_L_KG_030901_1,г. Бишкек,Мужчины,PER_100000_POP,39
2013,Годовая,Национальный,_L_KG_030901_1,г. Бишкек,Мужчины,PER_100000_POP,24
2014,Годовая,Национальный,_L_KG_030901_1,г. Бишкек,Мужчины,PER_100000_POP,28
2015,Годовая,Национальный,_L_KG_030901_1,г. Бишкек,Мужчины,PER_100000_POP,18
2016,Годовая,Национальный,_L_KG_030901_1,г. Бишкек,Мужчины,PER_100000_POP,15
2017,Годовая,Национальный,_L_KG_030901_1,г. Бишкек,Мужчины,PER_100000_POP,15
2018,Годовая,Национальный,_L_KG_030901_1,г. Бишкек,Мужчины,PER_100000_POP,19
2007,Годовая,Национальный,_L_KG_030901_1,г. Ош,,PER_100000_POP,4
2011,Годовая,Национальный,_L_KG_030901_1,г. Ош,,PER_100000_POP,4
2012,Годовая,Национальный,_L_KG_030901_1,г. Ош,,PER_100000_POP,12
2015,Годовая,Национальный,_L_KG_030901_1,г. Ош,,PER_100000_POP,4
2007,Годовая,Национальный,_L_KG_030901_1,г. Ош,Женщины,PER_100000_POP,7
2012,Годовая,Национальный,_L_KG_030901_1,г. Ош,Женщины,PER_100000_POP,15
2011,Годовая,Национальный,_L_KG_030901_1,г. Ош,Мужчины,PER_100000_POP,8
2012,Годовая,Национальный,_L_KG_030901_1,г. Ош,Мужчины,PER_100000_POP,8
2015,Годовая,Национальный,_L_KG_030901_1,г. Ош,Мужчины,PER_100000_POP,8
