Year,Частота наблюдений,Тип отчетности,Series,Территория,Тип местности,Уровень дохода или квантиль благосостояния,Уровень образования,Units,Value
2018,Годовая,Национальный,SH_SAN_SAFE,,,,,PT,96.3
2018,Годовая,Национальный,SH_SAN_SAFE,,Городская,,,PT,96.1
2018,Годовая,Национальный,SH_SAN_SAFE,,Сельская,,,PT,96.5
2018,Годовая,Национальный,SH_SAN_SAFE,Баткенская область,,,,PT,99.6
2018,Годовая,Национальный,SH_SAN_SAFE,Джалал-Абадская область,,,,PT,93.4
2018,Годовая,Национальный,SH_SAN_SAFE,Иссык-Кульская область,,,,PT,99.1
2018,Годовая,Национальный,SH_SAN_SAFE,Нарынская область,,,,PT,99.4
2018,Годовая,Национальный,SH_SAN_SAFE,Ошская область,,,,PT,99.1
2018,Годовая,Национальный,SH_SAN_SAFE,Таласская область,,,,PT,99.8
2018,Годовая,Национальный,SH_SAN_SAFE,Чуйская область,,,,PT,91.6
2018,Годовая,Национальный,SH_SAN_SAFE,г. Бишкек,,,,PT,95.7
2018,Годовая,Национальный,SH_SAN_SAFE,г. Ош,,,,PT,96.8
2018,Годовая,Национальный,SH_SAN_SAFE,,,,Начальное образование,PT,92.1
2018,Годовая,Национальный,SH_SAN_SAFE,,,,Первый этап среднего образования,PT,94.7
2018,Годовая,Национальный,SH_SAN_SAFE,,,,Второй этап среднего образования,PT,97.4
2018,Годовая,Национальный,SH_SAN_SAFE,,,,Послесреднее нетретичное образование,PT,96.6
2018,Годовая,Национальный,SH_SAN_SAFE,,,,Короткий цикл третичного образования,PT,95.1
2018,Годовая,Национальный,SH_SAN_SAFE,,,Квинтиль 1 (беднейшие),,PT,97.2
2018,Годовая,Национальный,SH_SAN_SAFE,,,Квинтиль 2,,PT,95.9
2018,Годовая,Национальный,SH_SAN_SAFE,,,Квинтиль 3,,PT,96.5
2018,Годовая,Национальный,SH_SAN_SAFE,,,Квинтиль 4,,PT,96.4
2018,Годовая,Национальный,SH_SAN_SAFE,,,Квинтиль 5 (богатейшие),,PT,95.7
