Year,Частота наблюдений,Тип отчетности,Series,Территория,Units,Value
2010,Годовая,Национальный,NY_GDP_PCAP,,PT,-1.8
2011,Годовая,Национальный,NY_GDP_PCAP,,PT,4.7
2012,Годовая,Национальный,NY_GDP_PCAP,,PT,-1.8
2013,Годовая,Национальный,NY_GDP_PCAP,,PT,8.6
2014,Годовая,Национальный,NY_GDP_PCAP,,PT,1.8
2015,Годовая,Национальный,NY_GDP_PCAP,,PT,1.7
2016,Годовая,Национальный,NY_GDP_PCAP,,PT,2.1
2017,Годовая,Национальный,NY_GDP_PCAP,,PT,2.6
2018,Годовая,Национальный,NY_GDP_PCAP,,PT,1.7
