Year,Frequency of observation,Reporting type,SDG Series,Справочная зона (условная зона),Unit of measure,Value
2010,Annual,National,Annual growth rate of real GDP per capita,Kyrgyzstan,Процент,-1.8
2011,Annual,National,Annual growth rate of real GDP per capita,Kyrgyzstan,Процент,4.7
2012,Annual,National,Annual growth rate of real GDP per capita,Kyrgyzstan,Процент,-1.8
2013,Annual,National,Annual growth rate of real GDP per capita,Kyrgyzstan,Процент,8.6
2014,Annual,National,Annual growth rate of real GDP per capita,Kyrgyzstan,Процент,1.8
2015,Annual,National,Annual growth rate of real GDP per capita,Kyrgyzstan,Процент,1.7
2016,Annual,National,Annual growth rate of real GDP per capita,Kyrgyzstan,Процент,2.1
2017,Annual,National,Annual growth rate of real GDP per capita,Kyrgyzstan,Процент,2.6
2018,Annual,National,Annual growth rate of real GDP per capita,Kyrgyzstan,Процент,1.7
