Year,Частота наблюдений,Тип отчетности,Series,Территория,Units,Value
2010,Годовая,Национальный,_L_KG_081002_2A,,NUMBER,18.0
2011,Годовая,Национальный,_L_KG_081002_2A,,NUMBER,18.0
2012,Годовая,Национальный,_L_KG_081002_2A,,NUMBER,19.0
2013,Годовая,Национальный,_L_KG_081002_2A,,NUMBER,19.0
2014,Годовая,Национальный,_L_KG_081002_2A,,NUMBER,21.0
2015,Годовая,Национальный,_L_KG_081002_2A,,NUMBER,22.0
2016,Годовая,Национальный,_L_KG_081002_2A,,NUMBER,24.0
2017,Годовая,Национальный,_L_KG_081002_2A,,NUMBER,23.0
2018,Годовая,Национальный,_L_KG_081002_2A,,NUMBER,22.0
2010,Годовая,Национальный,_L_KG_081002_2B,,CUR_LCU,477.2
2011,Годовая,Национальный,_L_KG_081002_2B,,CUR_LCU,292.9
2012,Годовая,Национальный,_L_KG_081002_2B,,CUR_LCU,337.8
2013,Годовая,Национальный,_L_KG_081002_2B,,CUR_LCU,405.4
2014,Годовая,Национальный,_L_KG_081002_2B,,CUR_LCU,1003.2
2015,Годовая,Национальный,_L_KG_081002_2B,,CUR_LCU,967.0
2016,Годовая,Национальный,_L_KG_081002_2B,,CUR_LCU,921.3
2017,Годовая,Национальный,_L_KG_081002_2B,,CUR_LCU,1004.4
2018,Годовая,Национальный,_L_KG_081002_2B,,CUR_LCU,1092.7
