Year,Статус наблюдения,Множитель,Характер данных,Частота наблюдений,Тип отчетности,Series,Территория,Пол,Возраст,Тип местности,Вид экономической деятельности,Units,Value
2007,Нормальное значение,Единицы,Страновые данные,Годовая,Национальный,_L_KG_080301_1,,,,,,PER_1000_POP,1514.8
2008,Нормальное значение,Единицы,Страновые данные,Годовая,Национальный,_L_KG_080301_1,,,,,,PER_1000_POP,1559.6
2009,Нормальное значение,Единицы,Страновые данные,Годовая,Национальный,_L_KG_080301_1,,,,,,PER_1000_POP,1592.9
2010,Нормальное значение,Единицы,Страновые данные,Годовая,Национальный,_L_KG_080301_1,,,,,,PER_1000_POP,1589.7
2011,Нормальное значение,Единицы,Страновые данные,Годовая,Национальный,_L_KG_080301_1,,,,,,PER_1000_POP,1603.9
2012,Нормальное значение,Единицы,Страновые данные,Годовая,Национальный,_L_KG_080301_1,,,,,,PER_1000_POP,1602.8
2013,Нормальное значение,Единицы,Страновые данные,Годовая,Национальный,_L_KG_080301_1,,,,,,PER_1000_POP,1629.1
2014,Нормальное значение,Единицы,Страновые данные,Годовая,Национальный,_L_KG_080301_1,,,,,,PER_1000_POP,1653.0
2015,Нормальное значение,Единицы,Страновые данные,Годовая,Национальный,_L_KG_080301_1,,,,,,PER_1000_POP,1686.4
2016,Нормальное значение,Единицы,Страновые данные,Годовая,Национальный,_L_KG_080301_1,,,,,,PER_1000_POP,1683.0
2017,Нормальное значение,Единицы,Страновые данные,Годовая,Национальный,_L_KG_080301_1,,,,,,PER_1000_POP,1611.3
2018,Нормальное значение,Единицы,Страновые данные,Годовая,Национальный,_L_KG_080301_1,,,,,,PER_1000_POP,1686.9
2007,Нормальное значение,Единицы,Страновые данные,Годовая,Национальный,_L_KG_080301_1,,Мужчины,,,,PER_1000_POP,928.9
2008,Нормальное значение,Единицы,Страновые данные,Годовая,Национальный,_L_KG_080301_1,,Мужчины,,,,PER_1000_POP,936.1
2009,Нормальное значение,Единицы,Страновые данные,Годовая,Национальный,_L_KG_080301_1,,Мужчины,,,,PER_1000_POP,983.6
2010,Нормальное значение,Единицы,Страновые данные,Годовая,Национальный,_L_KG_080301_1,,Мужчины,,,,PER_1000_POP,993.8
2011,Нормальное значение,Единицы,Страновые данные,Годовая,Национальный,_L_KG_080301_1,,Мужчины,,,,PER_1000_POP,999.9
2012,Нормальное значение,Единицы,Страновые данные,Годовая,Национальный,_L_KG_080301_1,,Мужчины,,,,PER_1000_POP,1008.4
2013,Нормальное значение,Единицы,Страновые данные,Годовая,Национальный,_L_KG_080301_1,,Мужчины,,,,PER_1000_POP,1044.3
2014,Нормальное значение,Единицы,Страновые данные,Годовая,Национальный,_L_KG_080301_1,,Мужчины,,,,PER_1000_POP,1040.6
2015,Нормальное значение,Единицы,Страновые данные,Годовая,Национальный,_L_KG_080301_1,,Мужчины,,,,PER_1000_POP,1077.9
2016,Нормальное значение,Единицы,Страновые данные,Годовая,Национальный,_L_KG_080301_1,,Мужчины,,,,PER_1000_POP,1095.7
2017,Нормальное значение,Единицы,Страновые данные,Годовая,Национальный,_L_KG_080301_1,,Мужчины,,,,PER_1000_POP,1074.4
2018,Нормальное значение,Единицы,Страновые данные,Годовая,Национальный,_L_KG_080301_1,,Мужчины,,,,PER_1000_POP,1131.7
2007,Нормальное значение,Единицы,Страновые данные,Годовая,Национальный,_L_KG_080301_1,,Женщины,,,,PER_1000_POP,585.9
2008,Нормальное значение,Единицы,Страновые данные,Годовая,Национальный,_L_KG_080301_1,,Женщины,,,,PER_1000_POP,623.5
2009,Нормальное значение,Единицы,Страновые данные,Годовая,Национальный,_L_KG_080301_1,,Женщины,,,,PER_1000_POP,609.4
2010,Нормальное значение,Единицы,Страновые данные,Годовая,Национальный,_L_KG_080301_1,,Женщины,,,,PER_1000_POP,595.9
2011,Нормальное значение,Единицы,Страновые данные,Годовая,Национальный,_L_KG_080301_1,,Женщины,,,,PER_1000_POP,604.0
2012,Нормальное значение,Единицы,Страновые данные,Годовая,Национальный,_L_KG_080301_1,,Женщины,,,,PER_1000_POP,594.4
2013,Нормальное значение,Единицы,Страновые данные,Годовая,Национальный,_L_KG_080301_1,,Женщины,,,,PER_1000_POP,584.8
2014,Нормальное значение,Единицы,Страновые данные,Годовая,Национальный,_L_KG_080301_1,,Женщины,,,,PER_1000_POP,612.3
2015,Нормальное значение,Единицы,Страновые данные,Годовая,Национальный,_L_KG_080301_1,,Женщины,,,,PER_1000_POP,608.5
2016,Нормальное значение,Единицы,Страновые данные,Годовая,Национальный,_L_KG_080301_1,,Женщины,,,,PER_1000_POP,587.3
2017,Нормальное значение,Единицы,Страновые данные,Годовая,Национальный,_L_KG_080301_1,,Женщины,,,,PER_1000_POP,536.9
2018,Нормальное значение,Единицы,Страновые данные,Годовая,Национальный,_L_KG_080301_1,,Женщины,,,,PER_1000_POP,555.2
2007,Нормальное значение,Единицы,Страновые данные,Годовая,Национальный,_L_KG_080301_1,,,от 15 до 19 лет ,,,PER_1000_POP,129.7
2008,Нормальное значение,Единицы,Страновые данные,Годовая,Национальный,_L_KG_080301_1,,,от 15 до 19 лет ,,,PER_1000_POP,130.2
2009,Нормальное значение,Единицы,Страновые данные,Годовая,Национальный,_L_KG_080301_1,,,от 15 до 19 лет ,,,PER_1000_POP,139.2
2010,Нормальное значение,Единицы,Страновые данные,Годовая,Национальный,_L_KG_080301_1,,,от 15 до 19 лет ,,,PER_1000_POP,128.9
2011,Нормальное значение,Единицы,Страновые данные,Годовая,Национальный,_L_KG_080301_1,,,от 15 до 19 лет ,,,PER_1000_POP,120.5
2012,Нормальное значение,Единицы,Страновые данные,Годовая,Национальный,_L_KG_080301_1,,,от 15 до 19 лет ,,,PER_1000_POP,109.0
2013,Нормальное значение,Единицы,Страновые данные,Годовая,Национальный,_L_KG_080301_1,,,от 15 до 19 лет ,,,PER_1000_POP,126.1
2014,Нормальное значение,Единицы,Страновые данные,Годовая,Национальный,_L_KG_080301_1,,,от 15 до 19 лет ,,,PER_1000_POP,108.0
2015,Нормальное значение,Единицы,Страновые данные,Годовая,Национальный,_L_KG_080301_1,,,от 15 до 19 лет ,,,PER_1000_POP,101.7
2016,Нормальное значение,Единицы,Страновые данные,Годовая,Национальный,_L_KG_080301_1,,,от 15 до 19 лет ,,,PER_1000_POP,85.0
2017,Нормальное значение,Единицы,Страновые данные,Годовая,Национальный,_L_KG_080301_1,,,от 15 до 19 лет ,,,PER_1000_POP,71.1
2018,Нормальное значение,Единицы,Страновые данные,Годовая,Национальный,_L_KG_080301_1,,,от 15 до 19 лет ,,,PER_1000_POP,76.5
2007,Нормальное значение,Единицы,Страновые данные,Годовая,Национальный,_L_KG_080301_1,,,от 20 до 29 лет,,,PER_1000_POP,463.8
2008,Нормальное значение,Единицы,Страновые данные,Годовая,Национальный,_L_KG_080301_1,,,от 20 до 29 лет,,,PER_1000_POP,485.6
2009,Нормальное значение,Единицы,Страновые данные,Годовая,Национальный,_L_KG_080301_1,,,от 20 до 29 лет,,,PER_1000_POP,492.5
2010,Нормальное значение,Единицы,Страновые данные,Годовая,Национальный,_L_KG_080301_1,,,от 20 до 29 лет,,,PER_1000_POP,500.9
2011,Нормальное значение,Единицы,Страновые данные,Годовая,Национальный,_L_KG_080301_1,,,от 20 до 29 лет,,,PER_1000_POP,502.9
2012,Нормальное значение,Единицы,Страновые данные,Годовая,Национальный,_L_KG_080301_1,,,от 20 до 29 лет,,,PER_1000_POP,497.3
2013,Нормальное значение,Единицы,Страновые данные,Годовая,Национальный,_L_KG_080301_1,,,от 20 до 29 лет,,,PER_1000_POP,523.0
2014,Нормальное значение,Единицы,Страновые данные,Годовая,Национальный,_L_KG_080301_1,,,от 20 до 29 лет,,,PER_1000_POP,516.5
2015,Нормальное значение,Единицы,Страновые данные,Годовая,Национальный,_L_KG_080301_1,,,от 20 до 29 лет,,,PER_1000_POP,516.1
2016,Нормальное значение,Единицы,Страновые данные,Годовая,Национальный,_L_KG_080301_1,,,от 20 до 29 лет,,,PER_1000_POP,518.7
2017,Нормальное значение,Единицы,Страновые данные,Годовая,Национальный,_L_KG_080301_1,,,от 20 до 29 лет,,,PER_1000_POP,499.3
2018,Нормальное значение,Единицы,Страновые данные,Годовая,Национальный,_L_KG_080301_1,,,от 20 до 29 лет,,,PER_1000_POP,500.7
2007,Нормальное значение,Единицы,Страновые данные,Годовая,Национальный,_L_KG_080301_1,,,от 30 до 39 лет ,,,PER_1000_POP,408.9
2008,Нормальное значение,Единицы,Страновые данные,Годовая,Национальный,_L_KG_080301_1,,,от 30 до 39 лет ,,,PER_1000_POP,416.3
2009,Нормальное значение,Единицы,Страновые данные,Годовая,Национальный,_L_KG_080301_1,,,от 30 до 39 лет ,,,PER_1000_POP,408.1
2010,Нормальное значение,Единицы,Страновые данные,Годовая,Национальный,_L_KG_080301_1,,,от 30 до 39 лет ,,,PER_1000_POP,406.5
2011,Нормальное значение,Единицы,Страновые данные,Годовая,Национальный,_L_KG_080301_1,,,от 30 до 39 лет ,,,PER_1000_POP,403.8
2012,Нормальное значение,Единицы,Страновые данные,Годовая,Национальный,_L_KG_080301_1,,,от 30 до 39 лет ,,,PER_1000_POP,397.8
2013,Нормальное значение,Единицы,Страновые данные,Годовая,Национальный,_L_KG_080301_1,,,от 30 до 39 лет ,,,PER_1000_POP,411.3
2014,Нормальное значение,Единицы,Страновые данные,Годовая,Национальный,_L_KG_080301_1,,,от 30 до 39 лет ,,,PER_1000_POP,437.4
2015,Нормальное значение,Единицы,Страновые данные,Годовая,Национальный,_L_KG_080301_1,,,от 30 до 39 лет ,,,PER_1000_POP,449.1
2016,Нормальное значение,Единицы,Страновые данные,Годовая,Национальный,_L_KG_080301_1,,,от 30 до 39 лет ,,,PER_1000_POP,446.8
2017,Нормальное значение,Единицы,Страновые данные,Годовая,Национальный,_L_KG_080301_1,,,от 30 до 39 лет ,,,PER_1000_POP,447.3
2018,Нормальное значение,Единицы,Страновые данные,Годовая,Национальный,_L_KG_080301_1,,,от 30 до 39 лет ,,,PER_1000_POP,463.0
2007,Нормальное значение,Единицы,Страновые данные,Годовая,Национальный,_L_KG_080301_1,,,от 40 до 49 лет ,,,PER_1000_POP,328.7
2008,Нормальное значение,Единицы,Страновые данные,Годовая,Национальный,_L_KG_080301_1,,,от 40 до 49 лет ,,,PER_1000_POP,335.8
2009,Нормальное значение,Единицы,Страновые данные,Годовая,Национальный,_L_KG_080301_1,,,от 40 до 49 лет ,,,PER_1000_POP,343.1
2010,Нормальное значение,Единицы,Страновые данные,Годовая,Национальный,_L_KG_080301_1,,,от 40 до 49 лет ,,,PER_1000_POP,336.4
2011,Нормальное значение,Единицы,Страновые данные,Годовая,Национальный,_L_KG_080301_1,,,от 40 до 49 лет ,,,PER_1000_POP,341.3
2012,Нормальное значение,Единицы,Страновые данные,Годовая,Национальный,_L_KG_080301_1,,,от 40 до 49 лет ,,,PER_1000_POP,356.0
2013,Нормальное значение,Единицы,Страновые данные,Годовая,Национальный,_L_KG_080301_1,,,от 40 до 49 лет ,,,PER_1000_POP,348.4
2014,Нормальное значение,Единицы,Страновые данные,Годовая,Национальный,_L_KG_080301_1,,,от 40 до 49 лет ,,,PER_1000_POP,352.0
2015,Нормальное значение,Единицы,Страновые данные,Годовая,Национальный,_L_KG_080301_1,,,от 40 до 49 лет ,,,PER_1000_POP,361.7
2016,Нормальное значение,Единицы,Страновые данные,Годовая,Национальный,_L_KG_080301_1,,,от 40 до 49 лет ,,,PER_1000_POP,371.4
2017,Нормальное значение,Единицы,Страновые данные,Годовая,Национальный,_L_KG_080301_1,,,от 40 до 49 лет ,,,PER_1000_POP,344.5
2018,Нормальное значение,Единицы,Страновые данные,Годовая,Национальный,_L_KG_080301_1,,,от 40 до 49 лет ,,,PER_1000_POP,367.3
2007,Нормальное значение,Единицы,Страновые данные,Годовая,Национальный,_L_KG_080301_1,,,от 50 до 59 лет,,,PER_1000_POP,149.3
2008,Нормальное значение,Единицы,Страновые данные,Годовая,Национальный,_L_KG_080301_1,,,от 50 до 59 лет,,,PER_1000_POP,154.0
2009,Нормальное значение,Единицы,Страновые данные,Годовая,Национальный,_L_KG_080301_1,,,от 50 до 59 лет,,,PER_1000_POP,168.4
2010,Нормальное значение,Единицы,Страновые данные,Годовая,Национальный,_L_KG_080301_1,,,от 50 до 59 лет,,,PER_1000_POP,174.3
2011,Нормальное значение,Единицы,Страновые данные,Годовая,Национальный,_L_KG_080301_1,,,от 50 до 59 лет,,,PER_1000_POP,187.7
2012,Нормальное значение,Единицы,Страновые данные,Годовая,Национальный,_L_KG_080301_1,,,от 50 до 59 лет,,,PER_1000_POP,194.5
2013,Нормальное значение,Единицы,Страновые данные,Годовая,Национальный,_L_KG_080301_1,,,от 50 до 59 лет,,,PER_1000_POP,181.4
2014,Нормальное значение,Единицы,Страновые данные,Годовая,Национальный,_L_KG_080301_1,,,от 50 до 59 лет,,,PER_1000_POP,197.0
2015,Нормальное значение,Единицы,Страновые данные,Годовая,Национальный,_L_KG_080301_1,,,от 50 до 59 лет,,,PER_1000_POP,207.4
2016,Нормальное значение,Единицы,Страновые данные,Годовая,Национальный,_L_KG_080301_1,,,от 50 до 59 лет,,,PER_1000_POP,209.4
2017,Нормальное значение,Единицы,Страновые данные,Годовая,Национальный,_L_KG_080301_1,,,от 50 до 59 лет,,,PER_1000_POP,204.3
2018,Нормальное значение,Единицы,Страновые данные,Годовая,Национальный,_L_KG_080301_1,,,от 50 до 59 лет,,,PER_1000_POP,222.7
2007,Нормальное значение,Единицы,Страновые данные,Годовая,Национальный,_L_KG_080301_1,,,от 65 до 69 лет,,,PER_1000_POP,26.0
2008,Нормальное значение,Единицы,Страновые данные,Годовая,Национальный,_L_KG_080301_1,,,от 65 до 69 лет,,,PER_1000_POP,29.0
2009,Нормальное значение,Единицы,Страновые данные,Годовая,Национальный,_L_KG_080301_1,,,от 65 до 69 лет,,,PER_1000_POP,29.7
2010,Нормальное значение,Единицы,Страновые данные,Годовая,Национальный,_L_KG_080301_1,,,от 65 до 69 лет,,,PER_1000_POP,32.3
2011,Нормальное значение,Единицы,Страновые данные,Годовая,Национальный,_L_KG_080301_1,,,от 65 до 69 лет,,,PER_1000_POP,36.5
2012,Нормальное значение,Единицы,Страновые данные,Годовая,Национальный,_L_KG_080301_1,,,от 65 до 69 лет,,,PER_1000_POP,38.0
2013,Нормальное значение,Единицы,Страновые данные,Годовая,Национальный,_L_KG_080301_1,,,от 65 до 69 лет,,,PER_1000_POP,31.5
2014,Нормальное значение,Единицы,Страновые данные,Годовая,Национальный,_L_KG_080301_1,,,от 65 до 69 лет,,,PER_1000_POP,35.3
2015,Нормальное значение,Единицы,Страновые данные,Годовая,Национальный,_L_KG_080301_1,,,от 65 до 69 лет,,,PER_1000_POP,43.5
2016,Нормальное значение,Единицы,Страновые данные,Годовая,Национальный,_L_KG_080301_1,,,от 65 до 69 лет,,,PER_1000_POP,45.4
2017,Нормальное значение,Единицы,Страновые данные,Годовая,Национальный,_L_KG_080301_1,,,от 65 до 69 лет,,,PER_1000_POP,40.5
2018,Нормальное значение,Единицы,Страновые данные,Годовая,Национальный,_L_KG_080301_1,,,от 65 до 69 лет,,,PER_1000_POP,52.6
2007,Нормальное значение,Единицы,Страновые данные,Годовая,Национальный,_L_KG_080301_1,,,70 лет и старше,,,PER_1000_POP,8.5
2008,Нормальное значение,Единицы,Страновые данные,Годовая,Национальный,_L_KG_080301_1,,,70 лет и старше,,,PER_1000_POP,8.7
2009,Нормальное значение,Единицы,Страновые данные,Годовая,Национальный,_L_KG_080301_1,,,70 лет и старше,,,PER_1000_POP,11.8
2010,Нормальное значение,Единицы,Страновые данные,Годовая,Национальный,_L_KG_080301_1,,,70 лет и старше,,,PER_1000_POP,10.4
2011,Нормальное значение,Единицы,Страновые данные,Годовая,Национальный,_L_KG_080301_1,,,70 лет и старше,,,PER_1000_POP,11.1
2012,Нормальное значение,Единицы,Страновые данные,Годовая,Национальный,_L_KG_080301_1,,,70 лет и старше,,,PER_1000_POP,10.1
2013,Нормальное значение,Единицы,Страновые данные,Годовая,Национальный,_L_KG_080301_1,,,70 лет и старше,,,PER_1000_POP,7.5
2014,Нормальное значение,Единицы,Страновые данные,Годовая,Национальный,_L_KG_080301_1,,,70 лет и старше,,,PER_1000_POP,6.9
2015,Нормальное значение,Единицы,Страновые данные,Годовая,Национальный,_L_KG_080301_1,,,70 лет и старше,,,PER_1000_POP,7.0
2016,Нормальное значение,Единицы,Страновые данные,Годовая,Национальный,_L_KG_080301_1,,,70 лет и старше,,,PER_1000_POP,6.3
2017,Нормальное значение,Единицы,Страновые данные,Годовая,Национальный,_L_KG_080301_1,,,70 лет и старше,,,PER_1000_POP,4.3
2018,Нормальное значение,Единицы,Страновые данные,Годовая,Национальный,_L_KG_080301_1,,,70 лет и старше,,,PER_1000_POP,4.1
2007,Нормальное значение,Единицы,Страновые данные,Годовая,Национальный,_L_KG_080301_1,,,,Городская,,PER_1000_POP,396.7
2008,Нормальное значение,Единицы,Страновые данные,Годовая,Национальный,_L_KG_080301_1,,,,Городская,,PER_1000_POP,421.9
2009,Нормальное значение,Единицы,Страновые данные,Годовая,Национальный,_L_KG_080301_1,,,,Городская,,PER_1000_POP,431.7
2010,Нормальное значение,Единицы,Страновые данные,Годовая,Национальный,_L_KG_080301_1,,,,Городская,,PER_1000_POP,414.4
2011,Нормальное значение,Единицы,Страновые данные,Годовая,Национальный,_L_KG_080301_1,,,,Городская,,PER_1000_POP,419.3
2012,Нормальное значение,Единицы,Страновые данные,Годовая,Национальный,_L_KG_080301_1,,,,Городская,,PER_1000_POP,408.0
2013,Нормальное значение,Единицы,Страновые данные,Годовая,Национальный,_L_KG_080301_1,,,,Городская,,PER_1000_POP,418.6
2014,Нормальное значение,Единицы,Страновые данные,Годовая,Национальный,_L_KG_080301_1,,,,Городская,,PER_1000_POP,433.7
2015,Нормальное значение,Единицы,Страновые данные,Годовая,Национальный,_L_KG_080301_1,,,,Городская,,PER_1000_POP,460.0
2016,Нормальное значение,Единицы,Страновые данные,Годовая,Национальный,_L_KG_080301_1,,,,Городская,,PER_1000_POP,489.0
2017,Нормальное значение,Единицы,Страновые данные,Годовая,Национальный,_L_KG_080301_1,,,,Городская,,PER_1000_POP,526.3
2018,Нормальное значение,Единицы,Страновые данные,Годовая,Национальный,_L_KG_080301_1,,,,Городская,,PER_1000_POP,541.6
2007,Нормальное значение,Единицы,Страновые данные,Годовая,Национальный,_L_KG_080301_1,,,,Сельская,,PER_1000_POP,1118.1
2008,Нормальное значение,Единицы,Страновые данные,Годовая,Национальный,_L_KG_080301_1,,,,Сельская,,PER_1000_POP,1137.7
2009,Нормальное значение,Единицы,Страновые данные,Годовая,Национальный,_L_KG_080301_1,,,,Сельская,,PER_1000_POP,1161.2
2010,Нормальное значение,Единицы,Страновые данные,Годовая,Национальный,_L_KG_080301_1,,,,Сельская,,PER_1000_POP,1175.2
2011,Нормальное значение,Единицы,Страновые данные,Годовая,Национальный,_L_KG_080301_1,,,,Сельская,,PER_1000_POP,1184.6
2012,Нормальное значение,Единицы,Страновые данные,Годовая,Национальный,_L_KG_080301_1,,,,Сельская,,PER_1000_POP,1194.8
2013,Нормальное значение,Единицы,Страновые данные,Годовая,Национальный,_L_KG_080301_1,,,,Сельская,,PER_1000_POP,1210.5
2014,Нормальное значение,Единицы,Страновые данные,Годовая,Национальный,_L_KG_080301_1,,,,Сельская,,PER_1000_POP,1219.3
2015,Нормальное значение,Единицы,Страновые данные,Годовая,Национальный,_L_KG_080301_1,,,,Сельская,,PER_1000_POP,1226.5
2016,Нормальное значение,Единицы,Страновые данные,Годовая,Национальный,_L_KG_080301_1,,,,Сельская,,PER_1000_POP,1194.0
2017,Нормальное значение,Единицы,Страновые данные,Годовая,Национальный,_L_KG_080301_1,,,,Сельская,,PER_1000_POP,1085.0
2018,Нормальное значение,Единицы,Страновые данные,Годовая,Национальный,_L_KG_080301_1,,,,Сельская,,PER_1000_POP,1145.3
2007,Нормальное значение,Единицы,Страновые данные,Годовая,Национальный,_L_KG_080301_1,,,,,"Сельское хозяйство, лесоводство и рыболовство",PER_1000_POP,755.3
2008,Нормальное значение,Единицы,Страновые данные,Годовая,Национальный,_L_KG_080301_1,,,,,"Сельское хозяйство, лесоводство и рыболовство",PER_1000_POP,767.0
2009,Нормальное значение,Единицы,Страновые данные,Годовая,Национальный,_L_KG_080301_1,,,,,"Сельское хозяйство, лесоводство и рыболовство",PER_1000_POP,740.5
2010,Нормальное значение,Единицы,Страновые данные,Годовая,Национальный,_L_KG_080301_1,,,,,"Сельское хозяйство, лесоводство и рыболовство",PER_1000_POP,720.7
2011,Нормальное значение,Единицы,Страновые данные,Годовая,Национальный,_L_KG_080301_1,,,,,"Сельское хозяйство, лесоводство и рыболовство",PER_1000_POP,719.4
2012,Нормальное значение,Единицы,Страновые данные,Годовая,Национальный,_L_KG_080301_1,,,,,"Сельское хозяйство, лесоводство и рыболовство",PER_1000_POP,711.4
2013,Нормальное значение,Единицы,Страновые данные,Годовая,Национальный,_L_KG_080301_1,,,,,"Сельское хозяйство, лесоводство и рыболовство",PER_1000_POP,731.6
2014,Нормальное значение,Единицы,Страновые данные,Годовая,Национальный,_L_KG_080301_1,,,,,"Сельское хозяйство, лесоводство и рыболовство",PER_1000_POP,749.0
2015,Нормальное значение,Единицы,Страновые данные,Годовая,Национальный,_L_KG_080301_1,,,,,"Сельское хозяйство, лесоводство и рыболовство",PER_1000_POP,710.1
2016,Нормальное значение,Единицы,Страновые данные,Годовая,Национальный,_L_KG_080301_1,,,,,"Сельское хозяйство, лесоводство и рыболовство",PER_1000_POP,656.5
2017,Нормальное значение,Единицы,Страновые данные,Годовая,Национальный,_L_KG_080301_1,,,,,"Сельское хозяйство, лесоводство и рыболовство",PER_1000_POP,497.7
2018,Нормальное значение,Единицы,Страновые данные,Годовая,Национальный,_L_KG_080301_1,,,,,"Сельское хозяйство, лесоводство и рыболовство",PER_1000_POP,463.0
2007,Нормальное значение,Единицы,Страновые данные,Годовая,Национальный,_L_KG_080301_1,,,,,Промышленность,PER_1000_POP,106.6
2008,Нормальное значение,Единицы,Страновые данные,Годовая,Национальный,_L_KG_080301_1,,,,,Промышленность,PER_1000_POP,110.4
2009,Нормальное значение,Единицы,Страновые данные,Годовая,Национальный,_L_KG_080301_1,,,,,Промышленность,PER_1000_POP,114.7
2010,Нормальное значение,Единицы,Страновые данные,Годовая,Национальный,_L_KG_080301_1,,,,,Промышленность,PER_1000_POP,114.0
2011,Нормальное значение,Единицы,Страновые данные,Годовая,Национальный,_L_KG_080301_1,,,,,Промышленность,PER_1000_POP,111.3
2012,Нормальное значение,Единицы,Страновые данные,Годовая,Национальный,_L_KG_080301_1,,,,,Промышленность,PER_1000_POP,115.3
2013,Нормальное значение,Единицы,Страновые данные,Годовая,Национальный,_L_KG_080301_1,,,,,Промышленность,PER_1000_POP,102.2
2014,Нормальное значение,Единицы,Страновые данные,Годовая,Национальный,_L_KG_080301_1,,,,,Промышленность,PER_1000_POP,108.5
2015,Нормальное значение,Единицы,Страновые данные,Годовая,Национальный,_L_KG_080301_1,,,,,Промышленность,PER_1000_POP,117.7
2016,Нормальное значение,Единицы,Страновые данные,Годовая,Национальный,_L_KG_080301_1,,,,,Промышленность,PER_1000_POP,117.1
2017,Нормальное значение,Единицы,Страновые данные,Годовая,Национальный,_L_KG_080301_1,,,,,Промышленность,PER_1000_POP,160.5
2018,Нормальное значение,Единицы,Страновые данные,Годовая,Национальный,_L_KG_080301_1,,,,,Промышленность,PER_1000_POP,225.0
2007,Нормальное значение,Единицы,Страновые данные,Годовая,Национальный,_L_KG_080301_1,,,,,Строительство,PER_1000_POP,172.5
2008,Нормальное значение,Единицы,Страновые данные,Годовая,Национальный,_L_KG_080301_1,,,,,Строительство,PER_1000_POP,180.9
2009,Нормальное значение,Единицы,Страновые данные,Годовая,Национальный,_L_KG_080301_1,,,,,Строительство,PER_1000_POP,204.7
2010,Нормальное значение,Единицы,Страновые данные,Годовая,Национальный,_L_KG_080301_1,,,,,Строительство,PER_1000_POP,197.7
2011,Нормальное значение,Единицы,Страновые данные,Годовая,Национальный,_L_KG_080301_1,,,,,Строительство,PER_1000_POP,204.9
2012,Нормальное значение,Единицы,Страновые данные,Годовая,Национальный,_L_KG_080301_1,,,,,Строительство,PER_1000_POP,222.4
2013,Нормальное значение,Единицы,Страновые данные,Годовая,Национальный,_L_KG_080301_1,,,,,Строительство,PER_1000_POP,210.0
2014,Нормальное значение,Единицы,Страновые данные,Годовая,Национальный,_L_KG_080301_1,,,,,Строительство,PER_1000_POP,209.3
2015,Нормальное значение,Единицы,Страновые данные,Годовая,Национальный,_L_KG_080301_1,,,,,Строительство,PER_1000_POP,222.7
2016,Нормальное значение,Единицы,Страновые данные,Годовая,Национальный,_L_KG_080301_1,,,,,Строительство,PER_1000_POP,250.3
2017,Нормальное значение,Единицы,Страновые данные,Годовая,Национальный,_L_KG_080301_1,,,,,Строительство,PER_1000_POP,221.8
2018,Нормальное значение,Единицы,Страновые данные,Годовая,Национальный,_L_KG_080301_1,,,,,Строительство,PER_1000_POP,217.0
2007,Нормальное значение,Единицы,Страновые данные,Годовая,Национальный,_L_KG_080301_1,,,,,Прочие виды деятельности в сфере услуг,PER_1000_POP,480.4
2008,Нормальное значение,Единицы,Страновые данные,Годовая,Национальный,_L_KG_080301_1,,,,,Прочие виды деятельности в сфере услуг,PER_1000_POP,501.4
2009,Нормальное значение,Единицы,Страновые данные,Годовая,Национальный,_L_KG_080301_1,,,,,Прочие виды деятельности в сфере услуг,PER_1000_POP,533.1
2010,Нормальное значение,Единицы,Страновые данные,Годовая,Национальный,_L_KG_080301_1,,,,,Прочие виды деятельности в сфере услуг,PER_1000_POP,557.2
2011,Нормальное значение,Единицы,Страновые данные,Годовая,Национальный,_L_KG_080301_1,,,,,Прочие виды деятельности в сфере услуг,PER_1000_POP,568.4
2012,Нормальное значение,Единицы,Страновые данные,Годовая,Национальный,_L_KG_080301_1,,,,,Прочие виды деятельности в сфере услуг,PER_1000_POP,553.7
2013,Нормальное значение,Единицы,Страновые данные,Годовая,Национальный,_L_KG_080301_1,,,,,Прочие виды деятельности в сфере услуг,PER_1000_POP,585.2
2014,Нормальное значение,Единицы,Страновые данные,Годовая,Национальный,_L_KG_080301_1,,,,,Прочие виды деятельности в сфере услуг,PER_1000_POP,586.2
2015,Нормальное значение,Единицы,Страновые данные,Годовая,Национальный,_L_KG_080301_1,,,,,Прочие виды деятельности в сфере услуг,PER_1000_POP,635.7
2016,Нормальное значение,Единицы,Страновые данные,Годовая,Национальный,_L_KG_080301_1,,,,,Прочие виды деятельности в сфере услуг,PER_1000_POP,659.1
2017,Нормальное значение,Единицы,Страновые данные,Годовая,Национальный,_L_KG_080301_1,,,,,Прочие виды деятельности в сфере услуг,PER_1000_POP,731.3
2018,Нормальное значение,Единицы,Страновые данные,Годовая,Национальный,_L_KG_080301_1,,,,,Прочие виды деятельности в сфере услуг,PER_1000_POP,781.9
