Year,Frequency of observation,Reporting type,SDG Series,Справочная зона (условная зона),пол,Unit of measure,Value
2007,Annual,National,Non-fatal occupational injuries among employees (rate),Kyrgyzstan,,Процент,27.716013
2008,Annual,National,Non-fatal occupational injuries among employees (rate),Kyrgyzstan,,Процент,32.316212
2009,Annual,National,Non-fatal occupational injuries among employees (rate),Kyrgyzstan,,Процент,24.233586
2010,Annual,National,Non-fatal occupational injuries among employees (rate),Kyrgyzstan,,Процент,90.112821
2011,Annual,National,Non-fatal occupational injuries among employees (rate),Kyrgyzstan,,Процент,27.924874
2012,Annual,National,Non-fatal occupational injuries among employees (rate),Kyrgyzstan,,Процент,27.025061
2013,Annual,National,Non-fatal occupational injuries among employees (rate),Kyrgyzstan,,Процент,38.431743
2014,Annual,National,Non-fatal occupational injuries among employees (rate),Kyrgyzstan,,Процент,29.216361
2015,Annual,National,Non-fatal occupational injuries among employees (rate),Kyrgyzstan,,Процент,22.079153
2016,Annual,National,Non-fatal occupational injuries among employees (rate),Kyrgyzstan,,Процент,24.463597
2017,Annual,National,Non-fatal occupational injuries among employees (rate),Kyrgyzstan,,Процент,17.014573
2018,Annual,National,Non-fatal occupational injuries among employees (rate),Kyrgyzstan,,Процент,25.028299
2007,Annual,National,Non-fatal occupational injuries among employees (rate),Kyrgyzstan,женский,Процент,15.549077
2008,Annual,National,Non-fatal occupational injuries among employees (rate),Kyrgyzstan,женский,Процент,13.157949
2009,Annual,National,Non-fatal occupational injuries among employees (rate),Kyrgyzstan,женский,Процент,10.590847
2010,Annual,National,Non-fatal occupational injuries among employees (rate),Kyrgyzstan,женский,Процент,19.815059
2011,Annual,National,Non-fatal occupational injuries among employees (rate),Kyrgyzstan,женский,Процент,10.078654
2012,Annual,National,Non-fatal occupational injuries among employees (rate),Kyrgyzstan,женский,Процент,12.820667
2013,Annual,National,Non-fatal occupational injuries among employees (rate),Kyrgyzstan,женский,Процент,16.056764
2014,Annual,National,Non-fatal occupational injuries among employees (rate),Kyrgyzstan,женский,Процент,15.507042
2015,Annual,National,Non-fatal occupational injuries among employees (rate),Kyrgyzstan,женский,Процент,8.391925
2016,Annual,National,Non-fatal occupational injuries among employees (rate),Kyrgyzstan,женский,Процент,16.384907
2017,Annual,National,Non-fatal occupational injuries among employees (rate),Kyrgyzstan,женский,Процент,13.60476
2018,Annual,National,Non-fatal occupational injuries among employees (rate),Kyrgyzstan,женский,Процент,14.914402
2007,Annual,National,Non-fatal occupational injuries among employees (rate),Kyrgyzstan,мужской,Процент,41.775785
2008,Annual,National,Non-fatal occupational injuries among employees (rate),Kyrgyzstan,мужской,Процент,52.283772
2009,Annual,National,Non-fatal occupational injuries among employees (rate),Kyrgyzstan,мужской,Процент,38.855636
2010,Annual,National,Non-fatal occupational injuries among employees (rate),Kyrgyzstan,мужской,Процент,164.348209
2011,Annual,National,Non-fatal occupational injuries among employees (rate),Kyrgyzstan,мужской,Процент,46.448956
2012,Annual,National,Non-fatal occupational injuries among employees (rate),Kyrgyzstan,мужской,Процент,42.343954
2013,Annual,National,Non-fatal occupational injuries among employees (rate),Kyrgyzstan,мужской,Процент,63.293021
2014,Annual,National,Non-fatal occupational injuries among employees (rate),Kyrgyzstan,мужской,Процент,44.619333
2015,Annual,National,Non-fatal occupational injuries among employees (rate),Kyrgyzstan,мужской,Процент,37.859348
2016,Annual,National,Non-fatal occupational injuries among employees (rate),Kyrgyzstan,мужской,Процент,33.692722
2017,Annual,National,Non-fatal occupational injuries among employees (rate),Kyrgyzstan,мужской,Процент,20.921618
2018,Annual,National,Non-fatal occupational injuries among employees (rate),Kyrgyzstan,мужской,Процент,36.61573
2007,Annual,National,Non-fatal occupational injuries among employees (rate),Баткенская область,,Процент,11.184431
2008,Annual,National,Non-fatal occupational injuries among employees (rate),Баткенская область,,Процент,52.931596
2009,Annual,National,Non-fatal occupational injuries among employees (rate),Баткенская область,,Процент,25.97515
2010,Annual,National,Non-fatal occupational injuries among employees (rate),Баткенская область,,Процент,66.960769
2011,Annual,National,Non-fatal occupational injuries among employees (rate),Баткенская область,,Процент,44.998269
2012,Annual,National,Non-fatal occupational injuries among employees (rate),Баткенская область,,Процент,44.855428
2013,Annual,National,Non-fatal occupational injuries among employees (rate),Баткенская область,,Процент,40.545177
2014,Annual,National,Non-fatal occupational injuries among employees (rate),Баткенская область,,Процент,60.180542
2015,Annual,National,Non-fatal occupational injuries among employees (rate),Баткенская область,,Процент,5.901968
2016,Annual,National,Non-fatal occupational injuries among employees (rate),Баткенская область,,Процент,11.837822
2017,Annual,National,Non-fatal occupational injuries among employees (rate),Баткенская область,,Процент,16.899028
2018,Annual,National,Non-fatal occupational injuries among employees (rate),Баткенская область,,Процент,14.249886
2010,Annual,National,Non-fatal occupational injuries among employees (rate),Баткенская область,женский,Процент,8.934954
2012,Annual,National,Non-fatal occupational injuries among employees (rate),Баткенская область,женский,Процент,14.155283
2016,Annual,National,Non-fatal occupational injuries among employees (rate),Баткенская область,женский,Процент,5.608525
2007,Annual,National,Non-fatal occupational injuries among employees (rate),Баткенская область,мужской,Процент,21.335609
2008,Annual,National,Non-fatal occupational injuries among employees (rate),Баткенская область,мужской,Процент,93.471383
2009,Annual,National,Non-fatal occupational injuries among employees (rate),Баткенская область,мужской,Процент,49.829748
2010,Annual,National,Non-fatal occupational injuries among employees (rate),Баткенская область,мужской,Процент,112.707805
2011,Annual,National,Non-fatal occupational injuries among employees (rate),Баткенская область,мужской,Процент,86.672445
2012,Annual,National,Non-fatal occupational injuries among employees (rate),Баткенская область,мужской,Процент,74.059113
2013,Annual,National,Non-fatal occupational injuries among employees (rate),Баткенская область,мужской,Процент,76.587722
2014,Annual,National,Non-fatal occupational injuries among employees (rate),Баткенская область,мужской,Процент,131.373162
2015,Annual,National,Non-fatal occupational injuries among employees (rate),Баткенская область,мужской,Процент,12.854297
2016,Annual,National,Non-fatal occupational injuries among employees (rate),Баткенская область,мужской,Процент,18.796992
2017,Annual,National,Non-fatal occupational injuries among employees (rate),Баткенская область,мужской,Процент,37.225462
2018,Annual,National,Non-fatal occupational injuries among employees (rate),Баткенская область,мужской,Процент,32.427524
2007,Annual,National,Non-fatal occupational injuries among employees (rate),Жалал-Абад область,,Процент,57.34356
2008,Annual,National,Non-fatal occupational injuries among employees (rate),Жалал-Абад область,,Процент,34.763683
2009,Annual,National,Non-fatal occupational injuries among employees (rate),Жалал-Абад область,,Процент,46.934978
2010,Annual,National,Non-fatal occupational injuries among employees (rate),Жалал-Абад область,,Процент,41.29774
2011,Annual,National,Non-fatal occupational injuries among employees (rate),Жалал-Абад область,,Процент,34.63367
2012,Annual,National,Non-fatal occupational injuries among employees (rate),Жалал-Абад область,,Процент,32.200193
2013,Annual,National,Non-fatal occupational injuries among employees (rate),Жалал-Абад область,,Процент,35.998247
2014,Annual,National,Non-fatal occupational injuries among employees (rate),Жалал-Абад область,,Процент,22.677108
2015,Annual,National,Non-fatal occupational injuries among employees (rate),Жалал-Абад область,,Процент,20.82061
2016,Annual,National,Non-fatal occupational injuries among employees (rate),Жалал-Абад область,,Процент,26.515574
2017,Annual,National,Non-fatal occupational injuries among employees (rate),Жалал-Абад область,,Процент,14.554885
2018,Annual,National,Non-fatal occupational injuries among employees (rate),Жалал-Абад область,,Процент,46.09873
2007,Annual,National,Non-fatal occupational injuries among employees (rate),Жалал-Абад область,женский,Процент,13.387777
2008,Annual,National,Non-fatal occupational injuries among employees (rate),Жалал-Абад область,женский,Процент,2.896032
2009,Annual,National,Non-fatal occupational injuries among employees (rate),Жалал-Абад область,женский,Процент,6.402868
2010,Annual,National,Non-fatal occupational injuries among employees (rate),Жалал-Абад область,женский,Процент,3.165859
2012,Annual,National,Non-fatal occupational injuries among employees (rate),Жалал-Абад область,женский,Процент,5.598477
2013,Annual,National,Non-fatal occupational injuries among employees (rate),Жалал-Абад область,женский,Процент,2.833263
2014,Annual,National,Non-fatal occupational injuries among employees (rate),Жалал-Абад область,женский,Процент,5.61782
2015,Annual,National,Non-fatal occupational injuries among employees (rate),Жалал-Абад область,женский,Процент,2.531197
2016,Annual,National,Non-fatal occupational injuries among employees (rate),Жалал-Абад область,женский,Процент,10.194459
2017,Annual,National,Non-fatal occupational injuries among employees (rate),Жалал-Абад область,женский,Процент,2.431907
2018,Annual,National,Non-fatal occupational injuries among employees (rate),Жалал-Абад область,женский,Процент,10.021295
2007,Annual,National,Non-fatal occupational injuries among employees (rate),Жалал-Абад область,мужской,Процент,107.999691
2008,Annual,National,Non-fatal occupational injuries among employees (rate),Жалал-Абад область,мужской,Процент,69.552022
2009,Annual,National,Non-fatal occupational injuries among employees (rate),Жалал-Абад область,мужской,Процент,91.481651
2010,Annual,National,Non-fatal occupational injuries among employees (rate),Жалал-Абад область,мужской,Процент,82.904418
2011,Annual,National,Non-fatal occupational injuries among employees (rate),Жалал-Абад область,мужской,Процент,75.539074
2012,Annual,National,Non-fatal occupational injuries among employees (rate),Жалал-Абад область,мужской,Процент,64.422066
2013,Annual,National,Non-fatal occupational injuries among employees (rate),Жалал-Абад область,мужской,Процент,76.931147
2014,Annual,National,Non-fatal occupational injuries among employees (rate),Жалал-Абад область,мужской,Процент,42.560157
2015,Annual,National,Non-fatal occupational injuries among employees (rate),Жалал-Абад область,мужской,Процент,43.027937
2016,Annual,National,Non-fatal occupational injuries among employees (rate),Жалал-Абад область,мужской,Процент,46.269163
2017,Annual,National,Non-fatal occupational injuries among employees (rate),Жалал-Абад область,мужской,Процент,29.022521
2018,Annual,National,Non-fatal occupational injuries among employees (rate),Жалал-Абад область,мужской,Процент,86.089589
2007,Annual,National,Non-fatal occupational injuries among employees (rate),Иссык-Кульская область,,Процент,21.018891
2008,Annual,National,Non-fatal occupational injuries among employees (rate),Иссык-Кульская область,,Процент,31.755273
2009,Annual,National,Non-fatal occupational injuries among employees (rate),Иссык-Кульская область,,Процент,19.005213
2010,Annual,National,Non-fatal occupational injuries among employees (rate),Иссык-Кульская область,,Процент,67.94721
2011,Annual,National,Non-fatal occupational injuries among employees (rate),Иссык-Кульская область,,Процент,31.154266
2012,Annual,National,Non-fatal occupational injuries among employees (rate),Иссык-Кульская область,,Процент,24.58479
2013,Annual,National,Non-fatal occupational injuries among employees (rate),Иссык-Кульская область,,Процент,44.681578
2014,Annual,National,Non-fatal occupational injuries among employees (rate),Иссык-Кульская область,,Процент,29.214916
2015,Annual,National,Non-fatal occupational injuries among employees (rate),Иссык-Кульская область,,Процент,51.98586
2016,Annual,National,Non-fatal occupational injuries among employees (rate),Иссык-Кульская область,,Процент,44.752152
2017,Annual,National,Non-fatal occupational injuries among employees (rate),Иссык-Кульская область,,Процент,18.566162
2018,Annual,National,Non-fatal occupational injuries among employees (rate),Иссык-Кульская область,,Процент,10.143788
2007,Annual,National,Non-fatal occupational injuries among employees (rate),Иссык-Кульская область,женский,Процент,15.759613
2008,Annual,National,Non-fatal occupational injuries among employees (rate),Иссык-Кульская область,женский,Процент,5.282341
2010,Annual,National,Non-fatal occupational injuries among employees (rate),Иссык-Кульская область,женский,Процент,10.077598
2011,Annual,National,Non-fatal occupational injuries among employees (rate),Иссык-Кульская область,женский,Процент,5.041339
2012,Annual,National,Non-fatal occupational injuries among employees (rate),Иссык-Кульская область,женский,Процент,10.163635
2013,Annual,National,Non-fatal occupational injuries among employees (rate),Иссык-Кульская область,женский,Процент,10.07709
2014,Annual,National,Non-fatal occupational injuries among employees (rate),Иссык-Кульская область,женский,Процент,5.059449
2015,Annual,National,Non-fatal occupational injuries among employees (rate),Иссык-Кульская область,женский,Процент,9.607071
2016,Annual,National,Non-fatal occupational injuries among employees (rate),Иссык-Кульская область,женский,Процент,19.536974
2017,Annual,National,Non-fatal occupational injuries among employees (rate),Иссык-Кульская область,женский,Процент,14.912019
2007,Annual,National,Non-fatal occupational injuries among employees (rate),Иссык-Кульская область,мужской,Процент,26.281209
2008,Annual,National,Non-fatal occupational injuries among employees (rate),Иссык-Кульская область,мужской,Процент,58.330682
2009,Annual,National,Non-fatal occupational injuries among employees (rate),Иссык-Кульская область,мужской,Процент,36.972482
2010,Annual,National,Non-fatal occupational injuries among employees (rate),Иссык-Кульская область,мужской,Процент,130.300233
2011,Annual,National,Non-fatal occupational injuries among employees (rate),Иссык-Кульская область,мужской,Процент,58.880206
2012,Annual,National,Non-fatal occupational injuries among employees (rate),Иссык-Кульская область,мужской,Процент,41.346722
2013,Annual,National,Non-fatal occupational injuries among employees (rate),Иссык-Кульская область,мужской,Процент,82.417582
2014,Annual,National,Non-fatal occupational injuries among employees (rate),Иссык-Кульская область,мужской,Процент,55.906524
2015,Annual,National,Non-fatal occupational injuries among employees (rate),Иссык-Кульская область,мужской,Процент,101.959896
2016,Annual,National,Non-fatal occupational injuries among employees (rate),Иссык-Кульская область,мужской,Процент,74.230572
2017,Annual,National,Non-fatal occupational injuries among employees (rate),Иссык-Кульская область,мужской,Процент,22.746659
2018,Annual,National,Non-fatal occupational injuries among employees (rate),Иссык-Кульская область,мужской,Процент,22.373867
2007,Annual,National,Non-fatal occupational injuries among employees (rate),Нарынская область,,Процент,17.955739
2008,Annual,National,Non-fatal occupational injuries among employees (rate),Нарынская область,,Процент,26.688017
2009,Annual,National,Non-fatal occupational injuries among employees (rate),Нарынская область,,Процент,4.326569
2010,Annual,National,Non-fatal occupational injuries among employees (rate),Нарынская область,,Процент,30.101054
2011,Annual,National,Non-fatal occupational injuries among employees (rate),Нарынская область,,Процент,12.66464
2012,Annual,National,Non-fatal occupational injuries among employees (rate),Нарынская область,,Процент,24.857072
2013,Annual,National,Non-fatal occupational injuries among employees (rate),Нарынская область,,Процент,8.224022
2014,Annual,National,Non-fatal occupational injuries among employees (rate),Нарынская область,,Процент,12.259409
2015,Annual,National,Non-fatal occupational injuries among employees (rate),Нарынская область,,Процент,3.700278
2016,Annual,National,Non-fatal occupational injuries among employees (rate),Нарынская область,,Процент,35.364847
2007,Annual,National,Non-fatal occupational injuries among employees (rate),Нарынская область,женский,Процент,8.371003
2010,Annual,National,Non-fatal occupational injuries among employees (rate),Нарынская область,женский,Процент,7.789375
2012,Annual,National,Non-fatal occupational injuries among employees (rate),Нарынская область,женский,Процент,14.91758
2007,Annual,National,Non-fatal occupational injuries among employees (rate),Нарынская область,мужской,Процент,29.038815
2008,Annual,National,Non-fatal occupational injuries among employees (rate),Нарынская область,мужской,Процент,59.565174
2009,Annual,National,Non-fatal occupational injuries among employees (rate),Нарынская область,мужской,Процент,9.553836
2010,Annual,National,Non-fatal occupational injuries among employees (rate),Нарынская область,мужской,Процент,57.598157
2011,Annual,National,Non-fatal occupational injuries among employees (rate),Нарынская область,мужской,Процент,28.055737
2012,Annual,National,Non-fatal occupational injuries among employees (rate),Нарынская область,мужской,Процент,37.275184
2013,Annual,National,Non-fatal occupational injuries among employees (rate),Нарынская область,мужской,Процент,18.883958
2014,Annual,National,Non-fatal occupational injuries among employees (rate),Нарынская область,мужской,Процент,28.277877
2015,Annual,National,Non-fatal occupational injuries among employees (rate),Нарынская область,мужской,Процент,8.688097
2016,Annual,National,Non-fatal occupational injuries among employees (rate),Нарынская область,мужской,Процент,81.352255
2008,Annual,National,Non-fatal occupational injuries among employees (rate),Ошская область,,Процент,2.148043
2011,Annual,National,Non-fatal occupational injuries among employees (rate),Ошская область,,Процент,2.416918
2015,Annual,National,Non-fatal occupational injuries among employees (rate),Ошская область,,Процент,5.181481
2016,Annual,National,Non-fatal occupational injuries among employees (rate),Ошская область,,Процент,2.346151
2017,Annual,National,Non-fatal occupational injuries among employees (rate),Ошская область,,Процент,4.517834
2018,Annual,National,Non-fatal occupational injuries among employees (rate),Ошская область,,Процент,4.578335
2016,Annual,National,Non-fatal occupational injuries among employees (rate),Ошская область,женский,Процент,3.779289
2018,Annual,National,Non-fatal occupational injuries among employees (rate),Ошская область,женский,Процент,3.897268
2008,Annual,National,Non-fatal occupational injuries among employees (rate),Ошская область,мужской,Процент,4.880906
2011,Annual,National,Non-fatal occupational injuries among employees (rate),Ошская область,мужской,Процент,5.961607
2015,Annual,National,Non-fatal occupational injuries among employees (rate),Ошская область,мужской,Процент,13.020833
2017,Annual,National,Non-fatal occupational injuries among employees (rate),Ошская область,мужской,Процент,11.112963
2018,Annual,National,Non-fatal occupational injuries among employees (rate),Ошская область,мужской,Процент,5.54785
2007,Annual,National,Non-fatal occupational injuries among employees (rate),Таласская область,,Процент,11.511454
2008,Annual,National,Non-fatal occupational injuries among employees (rate),Таласская область,,Процент,5.701579
2009,Annual,National,Non-fatal occupational injuries among employees (rate),Таласская область,,Процент,16.051364
2010,Annual,National,Non-fatal occupational injuries among employees (rate),Таласская область,,Процент,38.385611
2011,Annual,National,Non-fatal occupational injuries among employees (rate),Таласская область,,Процент,21.165141
2012,Annual,National,Non-fatal occupational injuries among employees (rate),Таласская область,,Процент,10.518012
2013,Annual,National,Non-fatal occupational injuries among employees (rate),Таласская область,,Процент,25.514109
2014,Annual,National,Non-fatal occupational injuries among employees (rate),Таласская область,,Процент,26.011861
2015,Annual,National,Non-fatal occupational injuries among employees (rate),Таласская область,,Процент,15.061753
2016,Annual,National,Non-fatal occupational injuries among employees (rate),Таласская область,,Процент,10.722711
2018,Annual,National,Non-fatal occupational injuries among employees (rate),Таласская область,,Процент,14.769594
2009,Annual,National,Non-fatal occupational injuries among employees (rate),Таласская область,женский,Процент,9.474183
2010,Annual,National,Non-fatal occupational injuries among employees (rate),Таласская область,женский,Процент,10.188487
2014,Annual,National,Non-fatal occupational injuries among employees (rate),Таласская область,женский,Процент,19.277108
2018,Annual,National,Non-fatal occupational injuries among employees (rate),Таласская область,женский,Процент,9.250694
2007,Annual,National,Non-fatal occupational injuries among employees (rate),Таласская область,мужской,Процент,26.588673
2008,Annual,National,Non-fatal occupational injuries among employees (rate),Таласская область,мужской,Процент,13.486177
2009,Annual,National,Non-fatal occupational injuries among employees (rate),Таласская область,мужской,Процент,24.585126
2010,Annual,National,Non-fatal occupational injuries among employees (rate),Таласская область,мужской,Процент,71.250445
2011,Annual,National,Non-fatal occupational injuries among employees (rate),Таласская область,мужской,Процент,46.838407
2012,Annual,National,Non-fatal occupational injuries among employees (rate),Таласская область,мужской,Процент,23.092022
2013,Annual,National,Non-fatal occupational injuries among employees (rate),Таласская область,мужской,Процент,55.463117
2014,Annual,National,Non-fatal occupational injuries among employees (rate),Таласская область,мужской,Процент,33.9098
2015,Annual,National,Non-fatal occupational injuries among employees (rate),Таласская область,мужской,Процент,32.619332
2016,Annual,National,Non-fatal occupational injuries among employees (rate),Таласская область,мужской,Процент,23.523877
2018,Annual,National,Non-fatal occupational injuries among employees (rate),Таласская область,мужской,Процент,21.0482
2007,Annual,National,Non-fatal occupational injuries among employees (rate),Чуйская область,,Процент,54.795253
2008,Annual,National,Non-fatal occupational injuries among employees (rate),Чуйская область,,Процент,51.255766
2009,Annual,National,Non-fatal occupational injuries among employees (rate),Чуйская область,,Процент,30.489664
2010,Annual,National,Non-fatal occupational injuries among employees (rate),Чуйская область,,Процент,39.786743
2011,Annual,National,Non-fatal occupational injuries among employees (rate),Чуйская область,,Процент,28.308799
2012,Annual,National,Non-fatal occupational injuries among employees (rate),Чуйская область,,Процент,61.47541
2013,Annual,National,Non-fatal occupational injuries among employees (rate),Чуйская область,,Процент,50.052399
2014,Annual,National,Non-fatal occupational injuries among employees (rate),Чуйская область,,Процент,39.493821
2015,Annual,National,Non-fatal occupational injuries among employees (rate),Чуйская область,,Процент,52.914295
2016,Annual,National,Non-fatal occupational injuries among employees (rate),Чуйская область,,Процент,20.676602
2017,Annual,National,Non-fatal occupational injuries among employees (rate),Чуйская область,,Процент,14.895483
2018,Annual,National,Non-fatal occupational injuries among employees (rate),Чуйская область,,Процент,27.829162
2007,Annual,National,Non-fatal occupational injuries among employees (rate),Чуйская область,женский,Процент,54.193199
2008,Annual,National,Non-fatal occupational injuries among employees (rate),Чуйская область,женский,Процент,26.478376
2009,Annual,National,Non-fatal occupational injuries among employees (rate),Чуйская область,женский,Процент,15.113046
2010,Annual,National,Non-fatal occupational injuries among employees (rate),Чуйская область,женский,Процент,18.584482
2011,Annual,National,Non-fatal occupational injuries among employees (rate),Чуйская область,женский,Процент,15.769886
2012,Annual,National,Non-fatal occupational injuries among employees (rate),Чуйская область,женский,Процент,29.823149
2013,Annual,National,Non-fatal occupational injuries among employees (rate),Чуйская область,женский,Процент,27.034334
2014,Annual,National,Non-fatal occupational injuries among employees (rate),Чуйская область,женский,Процент,22.348509
2015,Annual,National,Non-fatal occupational injuries among employees (rate),Чуйская область,женский,Процент,15.284911
2016,Annual,National,Non-fatal occupational injuries among employees (rate),Чуйская область,женский,Процент,9.59785
2017,Annual,National,Non-fatal occupational injuries among employees (rate),Чуйская область,женский,Процент,13.31425
2018,Annual,National,Non-fatal occupational injuries among employees (rate),Чуйская область,женский,Процент,9.651889
2007,Annual,National,Non-fatal occupational injuries among employees (rate),Чуйская область,мужской,Процент,55.381207
2008,Annual,National,Non-fatal occupational injuries among employees (rate),Чуйская область,мужской,Процент,74.490978
2009,Annual,National,Non-fatal occupational injuries among employees (rate),Чуйская область,мужской,Процент,46.136811
2010,Annual,National,Non-fatal occupational injuries among employees (rate),Чуйская область,мужской,Процент,62.193126
2011,Annual,National,Non-fatal occupational injuries among employees (rate),Чуйская область,мужской,Процент,42.334015
2012,Annual,National,Non-fatal occupational injuries among employees (rate),Чуйская область,мужской,Процент,96.960781
2013,Annual,National,Non-fatal occupational injuries among employees (rate),Чуйская область,мужской,Процент,75.060375
2014,Annual,National,Non-fatal occupational injuries among employees (rate),Чуйская область,мужской,Процент,57.730838
2015,Annual,National,Non-fatal occupational injuries among employees (rate),Чуйская область,мужской,Процент,94.425522
2016,Annual,National,Non-fatal occupational injuries among employees (rate),Чуйская область,мужской,Процент,31.629555
2017,Annual,National,Non-fatal occupational injuries among employees (rate),Чуйская область,мужской,Процент,16.45928
2018,Annual,National,Non-fatal occupational injuries among employees (rate),Чуйская область,мужской,Процент,46.65889
2007,Annual,National,Non-fatal occupational injuries among employees (rate),г. Бишкек,,Процент,25.544578
2008,Annual,National,Non-fatal occupational injuries among employees (rate),г. Бишкек,,Процент,35.587189
2009,Annual,National,Non-fatal occupational injuries among employees (rate),г. Бишкек,,Процент,27.549559
2010,Annual,National,Non-fatal occupational injuries among employees (rate),г. Бишкек,,Процент,172.396125
2011,Annual,National,Non-fatal occupational injuries among employees (rate),г. Бишкек,,Процент,26.428883
2012,Annual,National,Non-fatal occupational injuries among employees (rate),г. Бишкек,,Процент,21.074932
2013,Annual,National,Non-fatal occupational injuries among employees (rate),г. Бишкек,,Процент,47.614038
2014,Annual,National,Non-fatal occupational injuries among employees (rate),г. Бишкек,,Процент,34.362547
2015,Annual,National,Non-fatal occupational injuries among employees (rate),г. Бишкек,,Процент,20.034504
2016,Annual,National,Non-fatal occupational injuries among employees (rate),г. Бишкек,,Процент,30.786654
2017,Annual,National,Non-fatal occupational injuries among employees (rate),г. Бишкек,,Процент,28.115403
2018,Annual,National,Non-fatal occupational injuries among employees (rate),г. Бишкек,,Процент,34.548189
2007,Annual,National,Non-fatal occupational injuries among employees (rate),г. Бишкек,женский,Процент,13.871389
2008,Annual,National,Non-fatal occupational injuries among employees (rate),г. Бишкек,женский,Процент,27.298253
2009,Annual,National,Non-fatal occupational injuries among employees (rate),г. Бишкек,женский,Процент,18.177412
2010,Annual,National,Non-fatal occupational injuries among employees (rate),г. Бишкек,женский,Процент,36.051626
2011,Annual,National,Non-fatal occupational injuries among employees (rate),г. Бишкек,женский,Процент,21.926886
2012,Annual,National,Non-fatal occupational injuries among employees (rate),г. Бишкек,женский,Процент,15.309916
2013,Annual,National,Non-fatal occupational injuries among employees (rate),г. Бишкек,женский,Процент,31.064217
2014,Annual,National,Non-fatal occupational injuries among employees (rate),г. Бишкек,женский,Процент,30.258167
2015,Annual,National,Non-fatal occupational injuries among employees (rate),г. Бишкек,женский,Процент,14.949598
2016,Annual,National,Non-fatal occupational injuries among employees (rate),г. Бишкек,женский,Процент,33.905848
2017,Annual,National,Non-fatal occupational injuries among employees (rate),г. Бишкек,женский,Процент,31.034376
2018,Annual,National,Non-fatal occupational injuries among employees (rate),г. Бишкек,женский,Процент,33.577192
2007,Annual,National,Non-fatal occupational injuries among employees (rate),г. Бишкек,мужской,Процент,39.954338
2008,Annual,National,Non-fatal occupational injuries among employees (rate),г. Бишкек,мужской,Процент,44.11057
2009,Annual,National,Non-fatal occupational injuries among employees (rate),г. Бишкек,мужской,Процент,37.118606
2010,Annual,National,Non-fatal occupational injuries among employees (rate),г. Бишкек,мужской,Процент,309.616245
2011,Annual,National,Non-fatal occupational injuries among employees (rate),г. Бишкек,мужской,Процент,30.44769
2012,Annual,National,Non-fatal occupational injuries among employees (rate),г. Бишкек,мужской,Процент,27.007258
2013,Annual,National,Non-fatal occupational injuries among employees (rate),г. Бишкек,мужской,Процент,65.319032
2014,Annual,National,Non-fatal occupational injuries among employees (rate),г. Бишкек,мужской,Процент,38.683839
2015,Annual,National,Non-fatal occupational injuries among employees (rate),г. Бишкек,мужской,Процент,25.568908
2016,Annual,National,Non-fatal occupational injuries among employees (rate),г. Бишкек,мужской,Процент,27.42293
2017,Annual,National,Non-fatal occupational injuries among employees (rate),г. Бишкек,мужской,Процент,24.919295
2018,Annual,National,Non-fatal occupational injuries among employees (rate),г. Бишкек,мужской,Процент,35.610158
2007,Annual,National,Non-fatal occupational injuries among employees (rate),г. Ош,,Процент,7.896399
2008,Annual,National,Non-fatal occupational injuries among employees (rate),г. Ош,,Процент,20.263425
2009,Annual,National,Non-fatal occupational injuries among employees (rate),г. Ош,,Процент,13.09209
2010,Annual,National,Non-fatal occupational injuries among employees (rate),г. Ош,,Процент,84.274841
2011,Annual,National,Non-fatal occupational injuries among employees (rate),г. Ош,,Процент,47.337278
2012,Annual,National,Non-fatal occupational injuries among employees (rate),г. Ош,,Процент,5.333333
2013,Annual,National,Non-fatal occupational injuries among employees (rate),г. Ош,,Процент,35.351063
2014,Annual,National,Non-fatal occupational injuries among employees (rate),г. Ош,,Процент,12.94733
2015,Annual,National,Non-fatal occupational injuries among employees (rate),г. Ош,,Процент,2.512879
2016,Annual,National,Non-fatal occupational injuries among employees (rate),г. Ош,,Процент,12.46137
2017,Annual,National,Non-fatal occupational injuries among employees (rate),г. Ош,,Процент,5.105036
2018,Annual,National,Non-fatal occupational injuries among employees (rate),г. Ош,,Процент,2.617458
2009,Annual,National,Non-fatal occupational injuries among employees (rate),г. Ош,женский,Процент,16.408686
2010,Annual,National,Non-fatal occupational injuries among employees (rate),г. Ош,женский,Процент,33.337037
2011,Annual,National,Non-fatal occupational injuries among employees (rate),г. Ош,женский,Процент,5.502972
2013,Annual,National,Non-fatal occupational injuries among employees (rate),г. Ош,женский,Процент,5.457919
2014,Annual,National,Non-fatal occupational injuries among employees (rate),г. Ош,женский,Процент,5.139538
2015,Annual,National,Non-fatal occupational injuries among employees (rate),г. Ош,женский,Процент,5.105948
2007,Annual,National,Non-fatal occupational injuries among employees (rate),г. Ош,мужской,Процент,15.438452
2008,Annual,National,Non-fatal occupational injuries among employees (rate),г. Ош,мужской,Процент,40.178796
2009,Annual,National,Non-fatal occupational injuries among employees (rate),г. Ош,мужской,Процент,10.046213
2010,Annual,National,Non-fatal occupational injuries among employees (rate),г. Ош,мужской,Процент,130.175737
2011,Annual,National,Non-fatal occupational injuries among employees (rate),г. Ош,мужской,Процент,85.629376
2012,Annual,National,Non-fatal occupational injuries among employees (rate),г. Ош,мужской,Процент,10.400416
2013,Annual,National,Non-fatal occupational injuries among employees (rate),г. Ош,мужской,Процент,65.033601
2014,Annual,National,Non-fatal occupational injuries among employees (rate),г. Ош,мужской,Процент,20.875737
2016,Annual,National,Non-fatal occupational injuries among employees (rate),г. Ош,мужской,Процент,25.440114
2017,Annual,National,Non-fatal occupational injuries among employees (rate),г. Ош,мужской,Процент,10.756736
2018,Annual,National,Non-fatal occupational injuries among employees (rate),г. Ош,мужской,Процент,5.567309
2007,Annual,National,Fatal occupational injuries among employees (rate),Kyrgyzstan,,Процент,4.792995
2008,Annual,National,Fatal occupational injuries among employees (rate),Kyrgyzstan,,Процент,4.826447
2009,Annual,National,Fatal occupational injuries among employees (rate),Kyrgyzstan,,Процент,5.057444
2010,Annual,National,Fatal occupational injuries among employees (rate),Kyrgyzstan,,Процент,6.148875
2011,Annual,National,Fatal occupational injuries among employees (rate),Kyrgyzstan,,Процент,4.517259
2012,Annual,National,Fatal occupational injuries among employees (rate),Kyrgyzstan,,Процент,4.781357
2013,Annual,National,Fatal occupational injuries among employees (rate),Kyrgyzstan,,Процент,5.835186
2014,Annual,National,Fatal occupational injuries among employees (rate),Kyrgyzstan,,Процент,3.602017
2015,Annual,National,Fatal occupational injuries among employees (rate),Kyrgyzstan,,Процент,4.103205
2016,Annual,National,Fatal occupational injuries among employees (rate),Kyrgyzstan,,Процент,5.048044
2017,Annual,National,Fatal occupational injuries among employees (rate),Kyrgyzstan,,Процент,6.691124
2018,Annual,National,Fatal occupational injuries among employees (rate),Kyrgyzstan,,Процент,1.516867
2007,Annual,National,Fatal occupational injuries among employees (rate),Kyrgyzstan,женский,Процент,0.777454
2008,Annual,National,Fatal occupational injuries among employees (rate),Kyrgyzstan,женский,Процент,0.411186
2009,Annual,National,Fatal occupational injuries among employees (rate),Kyrgyzstan,женский,Процент,1.629361
2010,Annual,National,Fatal occupational injuries among employees (rate),Kyrgyzstan,женский,Процент,0.825627
2011,Annual,National,Fatal occupational injuries among employees (rate),Kyrgyzstan,женский,Процент,0.403146
2013,Annual,National,Fatal occupational injuries among employees (rate),Kyrgyzstan,женский,Процент,0.764608
2014,Annual,National,Fatal occupational injuries among employees (rate),Kyrgyzstan,женский,Процент,1.134662
2015,Annual,National,Fatal occupational injuries among employees (rate),Kyrgyzstan,женский,Процент,0.729733
2016,Annual,National,Fatal occupational injuries among employees (rate),Kyrgyzstan,женский,Процент,0.364109
2018,Annual,National,Fatal occupational injuries among employees (rate),Kyrgyzstan,женский,Процент,0.355105
2007,Annual,National,Fatal occupational injuries among employees (rate),Kyrgyzstan,мужской,Процент,9.433242
2008,Annual,National,Fatal occupational injuries among employees (rate),Kyrgyzstan,мужской,Процент,9.428221
2009,Annual,National,Fatal occupational injuries among employees (rate),Kyrgyzstan,мужской,Процент,8.731604
2010,Annual,National,Fatal occupational injuries among employees (rate),Kyrgyzstan,мужской,Процент,11.770296
2011,Annual,National,Fatal occupational injuries among employees (rate),Kyrgyzstan,мужской,Процент,8.78764
2012,Annual,National,Fatal occupational injuries among employees (rate),Kyrgyzstan,мужской,Процент,9.937867
2013,Annual,National,Fatal occupational injuries among employees (rate),Kyrgyzstan,мужской,Процент,11.469205
2014,Annual,National,Fatal occupational injuries among employees (rate),Kyrgyzstan,мужской,Процент,6.37419
2015,Annual,National,Fatal occupational injuries among employees (rate),Kyrgyzstan,мужской,Процент,7.992529
2016,Annual,National,Fatal occupational injuries among employees (rate),Kyrgyzstan,мужской,Процент,10.398988
2017,Annual,National,Fatal occupational injuries among employees (rate),Kyrgyzstan,мужской,Процент,14.357973
2018,Annual,National,Fatal occupational injuries among employees (rate),Kyrgyzstan,мужской,Процент,2.84789
2007,Annual,National,Fatal occupational injuries among employees (rate),Баткенская область,,Процент,3.728144
2008,Annual,National,Fatal occupational injuries among employees (rate),Баткенская область,,Процент,4.071661
2009,Annual,National,Fatal occupational injuries among employees (rate),Баткенская область,,Процент,21.645959
2010,Annual,National,Fatal occupational injuries among employees (rate),Баткенская область,,Процент,15.755475
2011,Annual,National,Fatal occupational injuries among employees (rate),Баткенская область,,Процент,13.845621
2012,Annual,National,Fatal occupational injuries among employees (rate),Баткенская область,,Процент,10.351253
2013,Annual,National,Fatal occupational injuries among employees (rate),Баткенская область,,Процент,12.475439
2014,Annual,National,Fatal occupational injuries among employees (rate),Баткенская область,,Процент,2.86574
2015,Annual,National,Fatal occupational injuries among employees (rate),Баткенская область,,Процент,17.705905
2016,Annual,National,Fatal occupational injuries among employees (rate),Баткенская область,,Процент,20.716188
2017,Annual,National,Fatal occupational injuries among employees (rate),Баткенская область,,Процент,11.266019
2018,Annual,National,Fatal occupational injuries among employees (rate),Баткенская область,,Процент,2.849977
2007,Annual,National,Fatal occupational injuries among employees (rate),Баткенская область,мужской,Процент,7.11187
2008,Annual,National,Fatal occupational injuries among employees (rate),Баткенская область,мужской,Процент,7.190106
2009,Annual,National,Fatal occupational injuries among employees (rate),Баткенская область,мужской,Процент,41.52479
2010,Annual,National,Fatal occupational injuries among employees (rate),Баткенская область,мужской,Процент,28.176951
2011,Annual,National,Fatal occupational injuries among employees (rate),Баткенская область,мужской,Процент,26.668445
2012,Annual,National,Fatal occupational injuries among employees (rate),Баткенская область,мужской,Процент,20.19794
2013,Annual,National,Fatal occupational injuries among employees (rate),Баткенская область,мужской,Процент,23.565453
2014,Annual,National,Fatal occupational injuries among employees (rate),Баткенская область,мужской,Процент,6.255865
2015,Annual,National,Fatal occupational injuries among employees (rate),Баткенская область,мужской,Процент,38.56289
2016,Annual,National,Fatal occupational injuries among employees (rate),Баткенская область,мужской,Процент,43.859649
2017,Annual,National,Fatal occupational injuries among employees (rate),Баткенская область,мужской,Процент,24.816975
2018,Annual,National,Fatal occupational injuries among employees (rate),Баткенская область,мужской,Процент,6.485505
2007,Annual,National,Fatal occupational injuries among employees (rate),Жалал-Абад область,,Процент,3.583972
2008,Annual,National,Fatal occupational injuries among employees (rate),Жалал-Абад область,,Процент,4.534393
2009,Annual,National,Fatal occupational injuries among employees (rate),Жалал-Абад область,,Процент,3.352498
2010,Annual,National,Fatal occupational injuries among employees (rate),Жалал-Абад область,,Процент,1.65191
2011,Annual,National,Fatal occupational injuries among employees (rate),Жалал-Абад область,,Процент,4.722773
2012,Annual,National,Fatal occupational injuries among employees (rate),Жалал-Абад область,,Процент,9.200055
2013,Annual,National,Fatal occupational injuries among employees (rate),Жалал-Абад область,,Процент,9.390847
2014,Annual,National,Fatal occupational injuries among employees (rate),Жалал-Абад область,,Процент,3.023614
2015,Annual,National,Fatal occupational injuries among employees (rate),Жалал-Абад область,,Процент,2.776081
2016,Annual,National,Fatal occupational injuries among employees (rate),Жалал-Абад область,,Процент,1.395557
2017,Annual,National,Fatal occupational injuries among employees (rate),Жалал-Абад область,,Процент,13.231714
2013,Annual,National,Fatal occupational injuries among employees (rate),Жалал-Абад область,женский,Процент,2.833263
2007,Annual,National,Fatal occupational injuries among employees (rate),Жалал-Абад область,мужской,Процент,7.714264
2008,Annual,National,Fatal occupational injuries among employees (rate),Жалал-Абад область,мужской,Процент,9.484367
2009,Annual,National,Fatal occupational injuries among employees (rate),Жалал-Абад область,мужской,Процент,7.03705
2010,Annual,National,Fatal occupational injuries among employees (rate),Жалал-Абад область,мужской,Процент,3.454351
2011,Annual,National,Fatal occupational injuries among employees (rate),Жалал-Абад область,мужской,Процент,10.300783
2012,Annual,National,Fatal occupational injuries among employees (rate),Жалал-Абад область,мужской,Процент,20.34381
2013,Annual,National,Fatal occupational injuries among employees (rate),Жалал-Абад область,мужской,Процент,17.484352
2014,Annual,National,Fatal occupational injuries among employees (rate),Жалал-Абад область,мужской,Процент,6.547716
2015,Annual,National,Fatal occupational injuries among employees (rate),Жалал-Абад область,мужской,Процент,6.146848
2016,Annual,National,Fatal occupational injuries among employees (rate),Жалал-Абад область,мужской,Процент,3.084611
2017,Annual,National,Fatal occupational injuries among employees (rate),Жалал-Абад область,мужской,Процент,29.022521
2007,Annual,National,Fatal occupational injuries among employees (rate),Иссык-Кульская область,,Процент,13.136807
2008,Annual,National,Fatal occupational injuries among employees (rate),Иссык-Кульская область,,Процент,2.646273
2009,Annual,National,Fatal occupational injuries among employees (rate),Иссык-Кульская область,,Процент,16.290182
2010,Annual,National,Fatal occupational injuries among employees (rate),Иссык-Кульская область,,Процент,7.840063
2011,Annual,National,Fatal occupational injuries among employees (rate),Иссык-Кульская область,,Процент,2.596189
2012,Annual,National,Fatal occupational injuries among employees (rate),Иссык-Кульская область,,Процент,5.463287
2014,Annual,National,Fatal occupational injuries among employees (rate),Иссык-Кульская область,,Процент,2.655901
2015,Annual,National,Fatal occupational injuries among employees (rate),Иссык-Кульская область,,Процент,7.797879
2016,Annual,National,Fatal occupational injuries among employees (rate),Иссык-Кульская область,,Процент,10.529918
2017,Annual,National,Fatal occupational injuries among employees (rate),Иссык-Кульская область,,Процент,7.956927
2018,Annual,National,Fatal occupational injuries among employees (rate),Иссык-Кульская область,,Процент,2.535947
2007,Annual,National,Fatal occupational injuries among employees (rate),Иссык-Кульская область,женский,Процент,5.253204
2009,Annual,National,Fatal occupational injuries among employees (rate),Иссык-Кульская область,женский,Процент,16.760713
2010,Annual,National,Fatal occupational injuries among employees (rate),Иссык-Кульская область,женский,Процент,5.038799
2007,Annual,National,Fatal occupational injuries among employees (rate),Иссык-Кульская область,мужской,Процент,21.024967
2008,Annual,National,Fatal occupational injuries among employees (rate),Иссык-Кульская область,мужской,Процент,5.302789
2009,Annual,National,Fatal occupational injuries among employees (rate),Иссык-Кульская область,мужской,Процент,15.845349
2010,Annual,National,Fatal occupational injuries among employees (rate),Иссык-Кульская область,мужской,Процент,10.858353
2011,Annual,National,Fatal occupational injuries among employees (rate),Иссык-Кульская область,мужской,Процент,5.352746
2012,Annual,National,Fatal occupational injuries among employees (rate),Иссык-Кульская область,мужской,Процент,11.813349
2013,Annual,National,Fatal occupational injuries among employees (rate),Иссык-Кульская область,мужской,Процент,0.0
2014,Annual,National,Fatal occupational injuries among employees (rate),Иссык-Кульская область,мужской,Процент,5.590652
2015,Annual,National,Fatal occupational injuries among employees (rate),Иссык-Кульская область,мужской,Процент,16.993316
2016,Annual,National,Fatal occupational injuries among employees (rate),Иссык-Кульская область,мужской,Процент,22.840176
2017,Annual,National,Fatal occupational injuries among employees (rate),Иссык-Кульская область,мужской,Процент,17.059994
2018,Annual,National,Fatal occupational injuries among employees (rate),Иссык-Кульская область,мужской,Процент,5.593467
2007,Annual,National,Fatal occupational injuries among employees (rate),Нарынская область,,Процент,17.955739
2008,Annual,National,Fatal occupational injuries among employees (rate),Нарынская область,,Процент,4.448003
2009,Annual,National,Fatal occupational injuries among employees (rate),Нарынская область,,Процент,8.653139
2010,Annual,National,Fatal occupational injuries among employees (rate),Нарынская область,,Процент,8.600301
2011,Annual,National,Fatal occupational injuries among employees (rate),Нарынская область,,Процент,8.443094
2012,Annual,National,Fatal occupational injuries among employees (rate),Нарынская область,,Процент,8.285691
2013,Annual,National,Fatal occupational injuries among employees (rate),Нарынская область,,Процент,8.224022
2014,Annual,National,Fatal occupational injuries among employees (rate),Нарынская область,,Процент,16.345879
2015,Annual,National,Fatal occupational injuries among employees (rate),Нарынская область,,Процент,3.700278
2016,Annual,National,Fatal occupational injuries among employees (rate),Нарынская область,,Процент,19.647137
2017,Annual,National,Fatal occupational injuries among employees (rate),Нарынская область,,Процент,19.320685
2008,Annual,National,Fatal occupational injuries among employees (rate),Нарынская область,женский,Процент,8.058667
2009,Annual,National,Fatal occupational injuries among employees (rate),Нарынская область,женский,Процент,7.907639
2010,Annual,National,Fatal occupational injuries among employees (rate),Нарынская область,женский,Процент,7.789375
2007,Annual,National,Fatal occupational injuries among employees (rate),Нарынская область,мужской,Процент,38.71842
2009,Annual,National,Fatal occupational injuries among employees (rate),Нарынская область,мужской,Процент,9.553836
2010,Annual,National,Fatal occupational injuries among employees (rate),Нарынская область,мужской,Процент,9.599693
2011,Annual,National,Fatal occupational injuries among employees (rate),Нарынская область,мужской,Процент,18.703825
2012,Annual,National,Fatal occupational injuries among employees (rate),Нарынская область,мужской,Процент,18.637592
2013,Annual,National,Fatal occupational injuries among employees (rate),Нарынская область,мужской,Процент,18.883958
2014,Annual,National,Fatal occupational injuries among employees (rate),Нарынская область,мужской,Процент,37.703836
2015,Annual,National,Fatal occupational injuries among employees (rate),Нарынская область,мужской,Процент,8.688097
2016,Annual,National,Fatal occupational injuries among employees (rate),Нарынская область,мужской,Процент,45.195697
2017,Annual,National,Fatal occupational injuries among employees (rate),Нарынская область,мужской,Процент,43.402778
2007,Annual,National,Fatal occupational injuries among employees (rate),Ошская область,,Процент,0.0
2008,Annual,National,Fatal occupational injuries among employees (rate),Ошская область,,Процент,2.148043
2009,Annual,National,Fatal occupational injuries among employees (rate),Ошская область,,Процент,4.345181
2011,Annual,National,Fatal occupational injuries among employees (rate),Ошская область,,Процент,7.250755
2013,Annual,National,Fatal occupational injuries among employees (rate),Ошская область,,Процент,2.649638
2015,Annual,National,Fatal occupational injuries among employees (rate),Ошская область,,Процент,2.590741
2017,Annual,National,Fatal occupational injuries among employees (rate),Ошская область,,Процент,6.776751
2007,Annual,National,Fatal occupational injuries among employees (rate),Ошская область,мужской,Процент,0.0
2008,Annual,National,Fatal occupational injuries among employees (rate),Ошская область,мужской,Процент,4.880906
2009,Annual,National,Fatal occupational injuries among employees (rate),Ошская область,мужской,Процент,11.227125
2011,Annual,National,Fatal occupational injuries among employees (rate),Ошская область,мужской,Процент,17.884822
2013,Annual,National,Fatal occupational injuries among employees (rate),Ошская область,мужской,Процент,6.378365
2015,Annual,National,Fatal occupational injuries among employees (rate),Ошская область,мужской,Процент,6.510417
2017,Annual,National,Fatal occupational injuries among employees (rate),Ошская область,мужской,Процент,16.669445
2007,Annual,National,Fatal occupational injuries among employees (rate),Таласская область,,Процент,5.755727
2008,Annual,National,Fatal occupational injuries among employees (rate),Таласская область,,Процент,5.701579
2009,Annual,National,Fatal occupational injuries among employees (rate),Таласская область,,Процент,5.350455
2010,Annual,National,Fatal occupational injuries among employees (rate),Таласская область,,Процент,5.483659
2011,Annual,National,Fatal occupational injuries among employees (rate),Таласская область,,Процент,10.582571
2012,Annual,National,Fatal occupational injuries among employees (rate),Таласская область,,Процент,5.259006
2013,Annual,National,Fatal occupational injuries among employees (rate),Таласская область,,Процент,30.616931
2014,Annual,National,Fatal occupational injuries among employees (rate),Таласская область,,Процент,10.404745
2015,Annual,National,Fatal occupational injuries among employees (rate),Таласская область,,Процент,10.041169
2017,Annual,National,Fatal occupational injuries among employees (rate),Таласская область,,Процент,5.102301
2018,Annual,National,Fatal occupational injuries among employees (rate),Таласская область,,Процент,4.923198
2007,Annual,National,Fatal occupational injuries among employees (rate),Таласская область,мужской,Процент,13.294337
2008,Annual,National,Fatal occupational injuries among employees (rate),Таласская область,мужской,Процент,13.486177
2009,Annual,National,Fatal occupational injuries among employees (rate),Таласская область,мужской,Процент,12.292563
2010,Annual,National,Fatal occupational injuries among employees (rate),Таласская область,мужской,Процент,11.875074
2011,Annual,National,Fatal occupational injuries among employees (rate),Таласская область,мужской,Процент,23.419204
2012,Annual,National,Fatal occupational injuries among employees (rate),Таласская область,мужской,Процент,11.546011
2013,Annual,National,Fatal occupational injuries among employees (rate),Таласская область,мужской,Процент,66.55574
2014,Annual,National,Fatal occupational injuries among employees (rate),Таласская область,мужской,Процент,22.606533
2015,Annual,National,Fatal occupational injuries among employees (rate),Таласская область,мужской,Процент,21.746222
2017,Annual,National,Fatal occupational injuries among employees (rate),Таласская область,мужской,Процент,11.318619
2018,Annual,National,Fatal occupational injuries among employees (rate),Таласская область,мужской,Процент,10.5241
2007,Annual,National,Fatal occupational injuries among employees (rate),Чуйская область,,Процент,6.682348
2008,Annual,National,Fatal occupational injuries among employees (rate),Чуйская область,,Процент,9.966399
2010,Annual,National,Fatal occupational injuries among employees (rate),Чуйская область,,Процент,4.774409
2011,Annual,National,Fatal occupational injuries among employees (rate),Чуйская область,,Процент,3.330447
2012,Annual,National,Fatal occupational injuries among employees (rate),Чуйская область,,Процент,6.30517
2014,Annual,National,Fatal occupational injuries among employees (rate),Чуйская область,,Процент,4.936728
2015,Annual,National,Fatal occupational injuries among employees (rate),Чуйская область,,Процент,3.206927
2016,Annual,National,Fatal occupational injuries among employees (rate),Чуйская область,,Процент,3.181016
2017,Annual,National,Fatal occupational injuries among employees (rate),Чуйская область,,Процент,3.310107
2007,Annual,National,Fatal occupational injuries among employees (rate),Чуйская область,женский,Процент,2.70966
2011,Annual,National,Fatal occupational injuries among employees (rate),Чуйская область,женский,Процент,3.153977
2014,Annual,National,Fatal occupational injuries among employees (rate),Чуйская область,женский,Процент,9.577932
2015,Annual,National,Fatal occupational injuries among employees (rate),Чуйская область,женский,Процент,6.113964
2007,Annual,National,Fatal occupational injuries among employees (rate),Чуйская область,мужской,Процент,10.548801
2008,Annual,National,Fatal occupational injuries among employees (rate),Чуйская область,мужской,Процент,19.312476
2010,Annual,National,Fatal occupational injuries among employees (rate),Чуйская область,мужской,Процент,9.819967
2011,Annual,National,Fatal occupational injuries among employees (rate),Чуйская область,мужской,Процент,3.527835
2012,Annual,National,Fatal occupational injuries among employees (rate),Чуйская область,мужской,Процент,13.373901
2016,Annual,National,Fatal occupational injuries among employees (rate),Чуйская область,мужской,Процент,6.325911
2017,Annual,National,Fatal occupational injuries among employees (rate),Чуйская область,мужской,Процент,6.583712
2007,Annual,National,Fatal occupational injuries among employees (rate),г. Бишкек,,Процент,1.915843
2008,Annual,National,Fatal occupational injuries among employees (rate),г. Бишкек,,Процент,3.29511
2009,Annual,National,Fatal occupational injuries among employees (rate),г. Бишкек,,Процент,3.061062
2010,Annual,National,Fatal occupational injuries among employees (rate),г. Бишкек,,Процент,7.233404
2011,Annual,National,Fatal occupational injuries among employees (rate),г. Бишкек,,Процент,2.298164
2012,Annual,National,Fatal occupational injuries among employees (rate),г. Бишкек,,Процент,2.218414
2013,Annual,National,Fatal occupational injuries among employees (rate),г. Бишкек,,Процент,3.875561
2014,Annual,National,Fatal occupational injuries among employees (rate),г. Бишкек,,Процент,1.662704
2015,Annual,National,Fatal occupational injuries among employees (rate),г. Бишкек,,Процент,1.669542
2016,Annual,National,Fatal occupational injuries among employees (rate),г. Бишкек,,Процент,3.29857
2017,Annual,National,Fatal occupational injuries among employees (rate),г. Бишкек,,Процент,2.162723
2018,Annual,National,Fatal occupational injuries among employees (rate),г. Бишкек,,Процент,2.126042
2013,Annual,National,Fatal occupational injuries among employees (rate),г. Бишкек,женский,Процент,1.07118
2016,Annual,National,Fatal occupational injuries among employees (rate),г. Бишкек,женский,Процент,1.059558
2018,Annual,National,Fatal occupational injuries among employees (rate),г. Бишкек,женский,Процент,1.017491
2007,Annual,National,Fatal occupational injuries among employees (rate),г. Бишкек,мужской,Процент,4.280822
2008,Annual,National,Fatal occupational injuries among employees (rate),г. Бишкек,мужской,Процент,6.68342
2009,Annual,National,Fatal occupational injuries among employees (rate),г. Бишкек,мужской,Процент,6.186434
2010,Annual,National,Fatal occupational injuries among employees (rate),г. Бишкек,мужской,Процент,14.513261
2011,Annual,National,Fatal occupational injuries among employees (rate),г. Бишкек,мужской,Процент,4.34967
2012,Annual,National,Fatal occupational injuries among employees (rate),г. Бишкек,мужской,Процент,4.50121
2013,Annual,National,Fatal occupational injuries among employees (rate),г. Бишкек,мужской,Процент,6.875688
2014,Annual,National,Fatal occupational injuries among employees (rate),г. Бишкек,мужской,Процент,3.41328
2015,Annual,National,Fatal occupational injuries among employees (rate),г. Бишкек,мужской,Процент,3.486669
2016,Annual,National,Fatal occupational injuries among employees (rate),г. Бишкек,мужской,Процент,5.71311
2017,Annual,National,Fatal occupational injuries among employees (rate),г. Бишкек,мужской,Процент,4.530781
2018,Annual,National,Fatal occupational injuries among employees (rate),г. Бишкек,мужской,Процент,3.338452
2007,Annual,National,Fatal occupational injuries among employees (rate),г. Ош,,Процент,5.264266
2008,Annual,National,Fatal occupational injuries among employees (rate),г. Ош,,Процент,7.598784
2009,Annual,National,Fatal occupational injuries among employees (rate),г. Ош,,Процент,2.618418
2010,Annual,National,Fatal occupational injuries among employees (rate),г. Ош,,Процент,7.900766
2011,Annual,National,Fatal occupational injuries among employees (rate),г. Ош,,Процент,2.629849
2012,Annual,National,Fatal occupational injuries among employees (rate),г. Ош,,Процент,2.666667
2013,Annual,National,Fatal occupational injuries among employees (rate),г. Ош,,Процент,8.157938
2014,Annual,National,Fatal occupational injuries among employees (rate),г. Ош,,Процент,5.178932
2015,Annual,National,Fatal occupational injuries among employees (rate),г. Ош,,Процент,2.512879
2016,Annual,National,Fatal occupational injuries among employees (rate),г. Ош,,Процент,2.492274
2017,Annual,National,Fatal occupational injuries among employees (rate),г. Ош,,Процент,7.657554
2018,Annual,National,Fatal occupational injuries among employees (rate),г. Ош,,Процент,2.617458
2007,Annual,National,Fatal occupational injuries among employees (rate),г. Ош,мужской,Процент,10.292301
2008,Annual,National,Fatal occupational injuries among employees (rate),г. Ош,мужской,Процент,15.067048
2009,Annual,National,Fatal occupational injuries among employees (rate),г. Ош,мужской,Процент,5.023106
2010,Annual,National,Fatal occupational injuries among employees (rate),г. Ош,мужской,Процент,15.020277
2011,Annual,National,Fatal occupational injuries among employees (rate),г. Ош,мужской,Процент,5.037022
2012,Annual,National,Fatal occupational injuries among employees (rate),г. Ош,мужской,Процент,5.200208
2013,Annual,National,Fatal occupational injuries among employees (rate),г. Ош,мужской,Процент,16.2584
2014,Annual,National,Fatal occupational injuries among employees (rate),г. Ош,мужской,Процент,10.437869
2015,Annual,National,Fatal occupational injuries among employees (rate),г. Ош,мужской,Процент,4.948046
2016,Annual,National,Fatal occupational injuries among employees (rate),г. Ош,мужской,Процент,5.088023
2017,Annual,National,Fatal occupational injuries among employees (rate),г. Ош,мужской,Процент,16.135105
2018,Annual,National,Fatal occupational injuries among employees (rate),г. Ош,мужской,Процент,5.567309
