Year,Частота наблюдений,Тип отчетности,Series,Территория,Units,Сноски для временных рядов,Value
2007,Годовая,Национальный,NV_IND_MANF,Киргизия,PT,PT,9.9
2008,Годовая,Национальный,NV_IND_MANF,Киргизия,PT,PT,13.2
2009,Годовая,Национальный,NV_IND_MANF,Киргизия,PT,PT,14.2
2010,Годовая,Национальный,NV_IND_MANF,Киргизия,PT,PT,16.9
2011,Годовая,Национальный,NV_IND_MANF,Киргизия,PT,PT,18.3
2012,Годовая,Национальный,NV_IND_MANF,Киргизия,PT,PT,12.1
2013,Годовая,Национальный,NV_IND_MANF,Киргизия,PT,PT,15.8
2014,Годовая,Национальный,NV_IND_MANF,Киргизия,PT,PT,13.7
2015,Годовая,Национальный,NV_IND_MANF,Киргизия,PT,PT,14.0
2016,Годовая,Национальный,NV_IND_MANF,Киргизия,PT,PT,15.4
2017,Годовая,Национальный,NV_IND_MANF,Киргизия,PT,PT,15.0
2018,Годовая,Национальный,NV_IND_MANF,Киргизия,PT,PT,14.3
2007,Годовая,Национальный,NV_IND_MANFPC,Киргизия,CUR_LCU,CUR_LCU,2.8
2008,Годовая,Национальный,NV_IND_MANFPC,Киргизия,CUR_LCU,CUR_LCU,4.9
2009,Годовая,Национальный,NV_IND_MANFPC,Киргизия,CUR_LCU,CUR_LCU,5.6
2010,Годовая,Национальный,NV_IND_MANFPC,Киргизия,CUR_LCU,CUR_LCU,7.2
2011,Годовая,Национальный,NV_IND_MANFPC,Киргизия,CUR_LCU,CUR_LCU,9.9
2012,Годовая,Национальный,NV_IND_MANFPC,Киргизия,CUR_LCU,CUR_LCU,7.0
2013,Годовая,Национальный,NV_IND_MANFPC,Киргизия,CUR_LCU,CUR_LCU,10.3
2014,Годовая,Национальный,NV_IND_MANFPC,Киргизия,CUR_LCU,CUR_LCU,9.8
2015,Годовая,Национальный,NV_IND_MANFPC,Киргизия,CUR_LCU,CUR_LCU,10.6
2016,Годовая,Национальный,NV_IND_MANFPC,Киргизия,CUR_LCU,CUR_LCU,12.6
2017,Годовая,Национальный,NV_IND_MANFPC,Киргизия,CUR_LCU,CUR_LCU,13.4
2018,Годовая,Национальный,NV_IND_MANFPC,Киргизия,CUR_LCU,CUR_LCU,13.4
