Year,Frequency of observation,Reporting type,SDG Series,Справочная зона (условная зона),Unit of measure,Value
2010,Annual,National,Proportion of small-scale industries in total industry value added,Kyrgyzstan,Процент,1.6
2011,Annual,National,Proportion of small-scale industries in total industry value added,Kyrgyzstan,Процент,1.4
2012,Annual,National,Proportion of small-scale industries in total industry value added,Kyrgyzstan,Процент,1.4
2013,Annual,National,Proportion of small-scale industries in total industry value added,Kyrgyzstan,Процент,1.4
2014,Annual,National,Proportion of small-scale industries in total industry value added,Kyrgyzstan,Процент,1.5
2015,Annual,National,Proportion of small-scale industries in total industry value added,Kyrgyzstan,Процент,1.5
2016,Annual,National,Proportion of small-scale industries in total industry value added,Kyrgyzstan,Процент,1.5
2017,Annual,National,Proportion of small-scale industries in total industry value added,Kyrgyzstan,Процент,1.7
2018,Annual,National,Proportion of small-scale industries in total industry value added,Kyrgyzstan,Процент,1.7
