Year,Частота наблюдений,Тип отчетности,Series,Территория,Units,Value
2010,Годовая,Национальный,NV_IND_SSIS,Киргизия,PT,1.6
2011,Годовая,Национальный,NV_IND_SSIS,Киргизия,PT,1.4
2012,Годовая,Национальный,NV_IND_SSIS,Киргизия,PT,1.4
2013,Годовая,Национальный,NV_IND_SSIS,Киргизия,PT,1.4
2014,Годовая,Национальный,NV_IND_SSIS,Киргизия,PT,1.5
2015,Годовая,Национальный,NV_IND_SSIS,Киргизия,PT,1.5
2016,Годовая,Национальный,NV_IND_SSIS,Киргизия,PT,1.5
2017,Годовая,Национальный,NV_IND_SSIS,Киргизия,PT,1.7
2018,Годовая,Национальный,NV_IND_SSIS,Киргизия,PT,1.7
