Year,Частота наблюдений,Тип отчетности,Series,Территория,Units,Value
2010,Годовая,Национальный,GB_POP_SCIERD,Киргизия,PER_1000000_POP,360
2011,Годовая,Национальный,GB_POP_SCIERD,Киргизия,PER_1000000_POP,401
2012,Годовая,Национальный,GB_POP_SCIERD,Киргизия,PER_1000000_POP,415
2013,Годовая,Национальный,GB_POP_SCIERD,Киргизия,PER_1000000_POP,530
2014,Годовая,Национальный,GB_POP_SCIERD,Киргизия,PER_1000000_POP,511
2015,Годовая,Национальный,GB_POP_SCIERD,Киргизия,PER_1000000_POP,572
2016,Годовая,Национальный,GB_POP_SCIERD,Киргизия,PER_1000000_POP,563
2017,Годовая,Национальный,GB_POP_SCIERD,Киргизия,PER_1000000_POP,524
2018,Годовая,Национальный,GB_POP_SCIERD,Киргизия,PER_1000000_POP,555
