Year,Статус наблюдения,Множитель,Характер данных,Частота наблюдений,Тип отчетности,Series,Территория,Units,Value
2010,Нормальное значение,Единицы,Страновые данные,Годовая,Национальный,GB_POP_SCIERD,,PER_1000000_POP,360
2011,Нормальное значение,Единицы,Страновые данные,Годовая,Национальный,GB_POP_SCIERD,,PER_1000000_POP,401
2012,Нормальное значение,Единицы,Страновые данные,Годовая,Национальный,GB_POP_SCIERD,,PER_1000000_POP,415
2013,Нормальное значение,Единицы,Страновые данные,Годовая,Национальный,GB_POP_SCIERD,,PER_1000000_POP,530
2014,Нормальное значение,Единицы,Страновые данные,Годовая,Национальный,GB_POP_SCIERD,,PER_1000000_POP,511
2015,Нормальное значение,Единицы,Страновые данные,Годовая,Национальный,GB_POP_SCIERD,,PER_1000000_POP,572
2016,Нормальное значение,Единицы,Страновые данные,Годовая,Национальный,GB_POP_SCIERD,,PER_1000000_POP,563
2017,Нормальное значение,Единицы,Страновые данные,Годовая,Национальный,GB_POP_SCIERD,,PER_1000000_POP,524
2018,Нормальное значение,Единицы,Страновые данные,Годовая,Национальный,GB_POP_SCIERD,,PER_1000000_POP,555
